consulta,articulo,tipo,label,sentencia_origen
"Trabajé como operador de bus articulado desde septiembre de 2004 hasta septiembre de 2014. Me pagaban un salario básico más una bonificación por productividad mensual, pero cuando me despidieron me liquidaron las prestaciones solo con el salario básico, sin incluir esa bonificación que yo recibía todos los meses.",CST Art. 127,positivo,1,SL-3630/22
"Trabajé como operador de bus articulado desde septiembre de 2004 hasta septiembre de 2014. Me pagaban un salario básico más una bonificación por productividad mensual, pero cuando me despidieron me liquidaron las prestaciones solo con el salario básico, sin incluir esa bonificación que yo recibía todos los meses.",CST Art. 128,positivo,1,SL-3630/22
"Trabajé como operador de bus articulado desde septiembre de 2004 hasta septiembre de 2014. Me pagaban un salario básico más una bonificación por productividad mensual, pero cuando me despidieron me liquidaron las prestaciones solo con el salario básico, sin incluir esa bonificación que yo recibía todos los meses.",CST Art. 236,negativo_facil,0,SL-3630/22
"Trabajé como operador de bus articulado desde septiembre de 2004 hasta septiembre de 2014. Me pagaban un salario básico más una bonificación por productividad mensual, pero cuando me despidieron me liquidaron las prestaciones solo con el salario básico, sin incluir esa bonificación que yo recibía todos los meses.",CST Art. 130,negativo_dificil_placeholder,0,SL-3630/22
"Trabajé para el ISS desde septiembre de 2000 hasta marzo de 2013 como contador público, pero me hicieron firmar contratos de prestación de servicios. Me despidieron sin justa causa y nunca me pagaron mis prestaciones ni derechos laborales. Trabajaba con horario fijo, recibía órdenes de un jefe y usaba herramientas del ISS.","Decreto 2127 de 1945, Art. 20",positivo,1,SL-2858/22
"Trabajé para el ISS desde septiembre de 2000 hasta marzo de 2013 como contador público, pero me hicieron firmar contratos de prestación de servicios. Me despidieron sin justa causa y nunca me pagaron mis prestaciones ni derechos laborales. Trabajaba con horario fijo, recibía órdenes de un jefe y usaba herramientas del ISS.","Ley 6 de 1945, Art. 1",positivo,1,SL-2858/22
"Trabajé para el ISS desde septiembre de 2000 hasta marzo de 2013 como contador público, pero me hicieron firmar contratos de prestación de servicios. Me despidieron sin justa causa y nunca me pagaron mis prestaciones ni derechos laborales. Trabajaba con horario fijo, recibía órdenes de un jefe y usaba herramientas del ISS.","Decreto 2127 de 1945, Art. 2",positivo,1,SL-2858/22
"Trabajé para el ISS desde septiembre de 2000 hasta marzo de 2013 como contador público, pero me hicieron firmar contratos de prestación de servicios. Me despidieron sin justa causa y nunca me pagaron mis prestaciones ni derechos laborales. Trabajaba con horario fijo, recibía órdenes de un jefe y usaba herramientas del ISS.","Ley 100 de 1993, Art. 275",positivo,1,SL-2858/22
"Trabajé para el ISS desde septiembre de 2000 hasta marzo de 2013 como contador público, pero me hicieron firmar contratos de prestación de servicios. Me despidieron sin justa causa y nunca me pagaron mis prestaciones ni derechos laborales. Trabajaba con horario fijo, recibía órdenes de un jefe y usaba herramientas del ISS.","Decreto 3135 de 1968, Art. 5",positivo,1,SL-2858/22
"Trabajé para el ISS desde septiembre de 2000 hasta marzo de 2013 como contador público, pero me hicieron firmar contratos de prestación de servicios. Me despidieron sin justa causa y nunca me pagaron mis prestaciones ni derechos laborales. Trabajaba con horario fijo, recibía órdenes de un jefe y usaba herramientas del ISS.",CST Art. 236,negativo_facil,0,SL-2858/22
"Trabajé para el ISS desde septiembre de 2000 hasta marzo de 2013 como contador público, pero me hicieron firmar contratos de prestación de servicios. Me despidieron sin justa causa y nunca me pagaron mis prestaciones ni derechos laborales. Trabajaba con horario fijo, recibía órdenes de un jefe y usaba herramientas del ISS.","Código Sustantivo del Trabajo, Art. 64",negativo_dificil_placeholder,0,SL-2858/22
"Trabajé en Aire Ambiente S.A. desde 1993 hasta 2011, cuando me despidieron teniendo diagnóstico de discopatía cervical. Como no me pidieron permiso laboral para despedirme estando enfermo, demandé. Gané en primera y segunda instancia, pero en casación la Corte Suprema me quitó la razón porque la pérdida de capacidad laboral del 29.62% se calificó en 2012, un año después del despido.","Ley 361 de 1997, Art. 26",positivo,1,SU-087/22
"Trabajé en Aire Ambiente S.A. desde 1993 hasta 2011, cuando me despidieron teniendo diagnóstico de discopatía cervical. Como no me pidieron permiso laboral para despedirme estando enfermo, demandé. Gané en primera y segunda instancia, pero en casación la Corte Suprema me quitó la razón porque la pérdida de capacidad laboral del 29.62% se calificó en 2012, un año después del despido.","Ley 361 de 1997, Art. 5",positivo,1,SU-087/22
"Trabajé en Aire Ambiente S.A. desde 1993 hasta 2011, cuando me despidieron teniendo diagnóstico de discopatía cervical. Como no me pidieron permiso laboral para despedirme estando enfermo, demandé. Gané en primera y segunda instancia, pero en casación la Corte Suprema me quitó la razón porque la pérdida de capacidad laboral del 29.62% se calificó en 2012, un año después del despido.","Decreto 2463 de 2001, Art. 7",positivo,1,SU-087/22
"Trabajé en Aire Ambiente S.A. desde 1993 hasta 2011, cuando me despidieron teniendo diagnóstico de discopatía cervical. Como no me pidieron permiso laboral para despedirme estando enfermo, demandé. Gané en primera y segunda instancia, pero en casación la Corte Suprema me quitó la razón porque la pérdida de capacidad laboral del 29.62% se calificó en 2012, un año después del despido.","Ley 776 de 2002, Art. 4",positivo,1,SU-087/22
"Trabajé en Aire Ambiente S.A. desde 1993 hasta 2011, cuando me despidieron teniendo diagnóstico de discopatía cervical. Como no me pidieron permiso laboral para despedirme estando enfermo, demandé. Gané en primera y segunda instancia, pero en casación la Corte Suprema me quitó la razón porque la pérdida de capacidad laboral del 29.62% se calificó en 2012, un año después del despido.","Ley 776 de 2002, Art. 8",positivo,1,SU-087/22
"Trabajé en Aire Ambiente S.A. desde 1993 hasta 2011, cuando me despidieron teniendo diagnóstico de discopatía cervical. Como no me pidieron permiso laboral para despedirme estando enfermo, demandé. Gané en primera y segunda instancia, pero en casación la Corte Suprema me quitó la razón porque la pérdida de capacidad laboral del 29.62% se calificó en 2012, un año después del despido.",CST Art. 236,negativo_facil,0,SU-087/22
"Trabajé en Aire Ambiente S.A. desde 1993 hasta 2011, cuando me despidieron teniendo diagnóstico de discopatía cervical. Como no me pidieron permiso laboral para despedirme estando enfermo, demandé. Gané en primera y segunda instancia, pero en casación la Corte Suprema me quitó la razón porque la pérdida de capacidad laboral del 29.62% se calificó en 2012, un año después del despido.","Código Sustantivo del Trabajo, Art. 62",negativo_dificil_placeholder,0,SU-087/22
"Trabajé desde mayo de 2005 hasta septiembre de 2006 como inspector de calidad. En marzo de 2006 sufrí un accidente laboral que me afectó la columna vertebral, me dieron incapacidades y recomendaron reubicarme. Me despidieron en septiembre de 2006 sin autorización del Ministerio, y después me calificaron con 44.25% de pérdida de capacidad laboral por ese accidente.","Ley 361 de 1997, Art. 26",positivo,1,SU-380/21
"Trabajé desde mayo de 2005 hasta septiembre de 2006 como inspector de calidad. En marzo de 2006 sufrí un accidente laboral que me afectó la columna vertebral, me dieron incapacidades y recomendaron reubicarme. Me despidieron en septiembre de 2006 sin autorización del Ministerio, y después me calificaron con 44.25% de pérdida de capacidad laboral por ese accidente.",CST Art. 236,negativo_facil,0,SU-380/21
"Trabajé desde mayo de 2005 hasta septiembre de 2006 como inspector de calidad. En marzo de 2006 sufrí un accidente laboral que me afectó la columna vertebral, me dieron incapacidades y recomendaron reubicarme. Me despidieron en septiembre de 2006 sin autorización del Ministerio, y después me calificaron con 44.25% de pérdida de capacidad laboral por ese accidente.","Código Sustantivo del Trabajo, Art. 62 - Terminación del contrato por justa causa",negativo_dificil_placeholder,0,SU-380/21
"Trabajé casi 5 años para Aguas de Bogotá en el proyecto de aseo, con contrato de obra o labor. Me desvincularon en febrero de 2018 cuando terminó el convenio con la EAB por un fallo judicial que anuló su objeto social ampliado. Yo estaba cerca de pensionarme pero igual me despidieron sin tener en cuenta mi condición de prepensionado.",CST Art. 45,positivo,1,T-055/20
"Trabajé casi 5 años para Aguas de Bogotá en el proyecto de aseo, con contrato de obra o labor. Me desvincularon en febrero de 2018 cuando terminó el convenio con la EAB por un fallo judicial que anuló su objeto social ampliado. Yo estaba cerca de pensionarme pero igual me despidieron sin tener en cuenta mi condición de prepensionado.",CST Art. 61 literal d,positivo,1,T-055/20
"Trabajé casi 5 años para Aguas de Bogotá en el proyecto de aseo, con contrato de obra o labor. Me desvincularon en febrero de 2018 cuando terminó el convenio con la EAB por un fallo judicial que anuló su objeto social ampliado. Yo estaba cerca de pensionarme pero igual me despidieron sin tener en cuenta mi condición de prepensionado.",CST Art. 236,negativo_facil,0,T-055/20
"Trabajé casi 5 años para Aguas de Bogotá en el proyecto de aseo, con contrato de obra o labor. Me desvincularon en febrero de 2018 cuando terminó el convenio con la EAB por un fallo judicial que anuló su objeto social ampliado. Yo estaba cerca de pensionarme pero igual me despidieron sin tener en cuenta mi condición de prepensionado.",CST Art. 64,negativo_dificil_placeholder,0,T-055/20
Una mujer embarazada fue despedida sin que el empleador conociera su estado de gestación al momento de la desvinculación. La trabajadora interpuso tutela buscando protección a su estabilidad laboral reforzada y el reconocimiento de prestaciones.,Constitución Política Art. 43,positivo,1,SU-075/18
Una mujer embarazada fue despedida sin que el empleador conociera su estado de gestación al momento de la desvinculación. La trabajadora interpuso tutela buscando protección a su estabilidad laboral reforzada y el reconocimiento de prestaciones.,"Ley 100 de 1993, Art. 166",positivo,1,SU-075/18
Una mujer embarazada fue despedida sin que el empleador conociera su estado de gestación al momento de la desvinculación. La trabajadora interpuso tutela buscando protección a su estabilidad laboral reforzada y el reconocimiento de prestaciones.,Ley 1636 de 2013,positivo,1,SU-075/18
Una mujer embarazada fue despedida sin que el empleador conociera su estado de gestación al momento de la desvinculación. La trabajadora interpuso tutela buscando protección a su estabilidad laboral reforzada y el reconocimiento de prestaciones.,CST Art. 236,negativo_facil,0,SU-075/18
Una mujer embarazada fue despedida sin que el empleador conociera su estado de gestación al momento de la desvinculación. La trabajadora interpuso tutela buscando protección a su estabilidad laboral reforzada y el reconocimiento de prestaciones.,Artículo 239 del Código Sustantivo del Trabajo,negativo_dificil_placeholder,0,SU-075/18
"Trabajé año y medio como conductor de volquetas para una empresa con contrato de prestación de servicios. Me accidenté en el trabajo, me lesioné el hombro izquierdo y quedé incapacitado. Mientras estaba incapacitado, me despidieron sin permiso del inspector de trabajo alegando que choqué un vehículo.","Ley 361 de 1997, Art. 26",positivo,1,SU-049/17
"Trabajé año y medio como conductor de volquetas para una empresa con contrato de prestación de servicios. Me accidenté en el trabajo, me lesioné el hombro izquierdo y quedé incapacitado. Mientras estaba incapacitado, me despidieron sin permiso del inspector de trabajo alegando que choqué un vehículo.",CST Art. 236,negativo_facil,0,SU-049/17
"Trabajé año y medio como conductor de volquetas para una empresa con contrato de prestación de servicios. Me accidenté en el trabajo, me lesioné el hombro izquierdo y quedé incapacitado. Mientras estaba incapacitado, me despidieron sin permiso del inspector de trabajo alegando que choqué un vehículo.","Código Sustantivo del Trabajo, Art. 62 - Terminación del contrato por justa causa",negativo_dificil_placeholder,0,SU-049/17
"En un caso me descuentan más del 50% de mi pensión por un crédito de libranza con una cooperativa, y solo me quedan $314.070 de $635.479. En otro caso soy soldado profesional y entre embargos y créditos me descuentan tanto que de $1.916.892 solo recibo $68.199, siendo padre cabeza de familia.",CST Art. 156,positivo,1,T-864/14
"En un caso me descuentan más del 50% de mi pensión por un crédito de libranza con una cooperativa, y solo me quedan $314.070 de $635.479. En otro caso soy soldado profesional y entre embargos y créditos me descuentan tanto que de $1.916.892 solo recibo $68.199, siendo padre cabeza de familia.",CST Art. 236,negativo_facil,0,T-864/14
"En un caso me descuentan más del 50% de mi pensión por un crédito de libranza con una cooperativa, y solo me quedan $314.070 de $635.479. En otro caso soy soldado profesional y entre embargos y créditos me descuentan tanto que de $1.916.892 solo recibo $68.199, siendo padre cabeza de familia.",CST Art. 154,negativo_dificil_placeholder,0,T-864/14
"Me contrataron por obra o labor en una empresa de servicios temporales (Serviola S.A.) para vender productos de Comcel en almacenes Olímpica, reemplazando personal en vacaciones. El 15 de mayo de 2009 me avisaron que terminaba mi trabajo porque no llegaron los listados de Bogotá con las vacaciones pendientes. Ese día les comenté que sospechaba estar embarazada, tenía 12 semanas. Me despidieron sin saber si había más trabajo disponible.","Ley 50 de 1990, Art. 71 y ss",positivo,1,SU-071/13
"Me contrataron por obra o labor en una empresa de servicios temporales (Serviola S.A.) para vender productos de Comcel en almacenes Olímpica, reemplazando personal en vacaciones. El 15 de mayo de 2009 me avisaron que terminaba mi trabajo porque no llegaron los listados de Bogotá con las vacaciones pendientes. Ese día les comenté que sospechaba estar embarazada, tenía 12 semanas. Me despidieron sin saber si había más trabajo disponible.","Decreto 4369 de 2006, Art. 6",positivo,1,SU-071/13
"Me contrataron por obra o labor en una empresa de servicios temporales (Serviola S.A.) para vender productos de Comcel en almacenes Olímpica, reemplazando personal en vacaciones. El 15 de mayo de 2009 me avisaron que terminaba mi trabajo porque no llegaron los listados de Bogotá con las vacaciones pendientes. Ese día les comenté que sospechaba estar embarazada, tenía 12 semanas. Me despidieron sin saber si había más trabajo disponible.",CST Art. 236,negativo_facil,0,SU-071/13
"Me contrataron por obra o labor en una empresa de servicios temporales (Serviola S.A.) para vender productos de Comcel en almacenes Olímpica, reemplazando personal en vacaciones. El 15 de mayo de 2009 me avisaron que terminaba mi trabajo porque no llegaron los listados de Bogotá con las vacaciones pendientes. Ese día les comenté que sospechaba estar embarazada, tenía 12 semanas. Me despidieron sin saber si había más trabajo disponible.",Artículo 64 del Código Sustantivo del Trabajo,negativo_dificil_placeholder,0,SU-071/13
"Trabajé en distintas empresas y sufrí accidentes o enfermedades que me causaron discapacidad. Me despidieron o terminaron mi contrato sin que el empleador pidiera autorización del Ministerio del Trabajo, estando yo en situación de discapacidad o incapacidad médica.","Ley 361 de 1997, Art. 26",positivo,1,T-936/09
"Trabajé en distintas empresas y sufrí accidentes o enfermedades que me causaron discapacidad. Me despidieron o terminaron mi contrato sin que el empleador pidiera autorización del Ministerio del Trabajo, estando yo en situación de discapacidad o incapacidad médica.",CST Art. 236,negativo_facil,0,T-936/09
"Trabajé en distintas empresas y sufrí accidentes o enfermedades que me causaron discapacidad. Me despidieron o terminaron mi contrato sin que el empleador pidiera autorización del Ministerio del Trabajo, estando yo en situación de discapacidad o incapacidad médica.","Código Sustantivo del Trabajo, Art. 62",negativo_dificil_placeholder,0,T-936/09
"Trabajé como supervisora de habitaciones en un hotel con contrato verbal ganando $182.000 quincenales. Cuando tenía 3 meses y medio de embarazo le avisé a mi empleadora con copia del examen, y me despidieron inmediatamente sin justa causa ni autorización del inspector de trabajo. No me pagaban salario mínimo ni me afiliaron a seguridad social.",CST Art. 239,positivo,1,T-682/07
"Trabajé como supervisora de habitaciones en un hotel con contrato verbal ganando $182.000 quincenales. Cuando tenía 3 meses y medio de embarazo le avisé a mi empleadora con copia del examen, y me despidieron inmediatamente sin justa causa ni autorización del inspector de trabajo. No me pagaban salario mínimo ni me afiliaron a seguridad social.",CST Art. 240,positivo,1,T-682/07
"Trabajé como supervisora de habitaciones en un hotel con contrato verbal ganando $182.000 quincenales. Cuando tenía 3 meses y medio de embarazo le avisé a mi empleadora con copia del examen, y me despidieron inmediatamente sin justa causa ni autorización del inspector de trabajo. No me pagaban salario mínimo ni me afiliaron a seguridad social.",CST Art. 236,negativo_facil,0,T-682/07
"Trabajé como supervisora de habitaciones en un hotel con contrato verbal ganando $182.000 quincenales. Cuando tenía 3 meses y medio de embarazo le avisé a mi empleadora con copia del examen, y me despidieron inmediatamente sin justa causa ni autorización del inspector de trabajo. No me pagaban salario mínimo ni me afiliaron a seguridad social.",CST Art. 241,negativo_dificil_placeholder,0,T-682/07
"Trabajé como empleada doméstica del 15 de octubre de 2004 al 15 de abril de 2005, ganando $360.000 mensuales. Cuando mis empleadores se enteraron de mi embarazo me despidieron sin justa causa y sin permiso del inspector del trabajo. No me afiliaron a seguridad social y quedé sin ingresos estando por dar a luz.",CST Art. 239,positivo,1,T-303/07
"Trabajé como empleada doméstica del 15 de octubre de 2004 al 15 de abril de 2005, ganando $360.000 mensuales. Cuando mis empleadores se enteraron de mi embarazo me despidieron sin justa causa y sin permiso del inspector del trabajo. No me afiliaron a seguridad social y quedé sin ingresos estando por dar a luz.",CST Art. 239-3,positivo,1,T-303/07
"Trabajé como empleada doméstica del 15 de octubre de 2004 al 15 de abril de 2005, ganando $360.000 mensuales. Cuando mis empleadores se enteraron de mi embarazo me despidieron sin justa causa y sin permiso del inspector del trabajo. No me afiliaron a seguridad social y quedé sin ingresos estando por dar a luz.",CST Art. 236,negativo_facil,0,T-303/07
"Trabajé como empleada doméstica del 15 de octubre de 2004 al 15 de abril de 2005, ganando $360.000 mensuales. Cuando mis empleadores se enteraron de mi embarazo me despidieron sin justa causa y sin permiso del inspector del trabajo. No me afiliaron a seguridad social y quedé sin ingresos estando por dar a luz.",CST Art. 240,negativo_dificil_placeholder,0,T-303/07
"Trabajé para INNOTECH y mi empleador dejó de pagarme el salario: me debe el 60% de mayo de 1997 y la totalidad de junio y julio. Además, me descontaron salud y pensión pero no hicieron los aportes. Dependo totalmente de mi salario y he tenido que pedir préstamos.",Constitución Política Art. 25,positivo,1,T-151/98
"Trabajé para INNOTECH y mi empleador dejó de pagarme el salario: me debe el 60% de mayo de 1997 y la totalidad de junio y julio. Además, me descontaron salud y pensión pero no hicieron los aportes. Dependo totalmente de mi salario y he tenido que pedir préstamos.",Constitución Política Art. 53,positivo,1,T-151/98
"Trabajé para INNOTECH y mi empleador dejó de pagarme el salario: me debe el 60% de mayo de 1997 y la totalidad de junio y julio. Además, me descontaron salud y pensión pero no hicieron los aportes. Dependo totalmente de mi salario y he tenido que pedir préstamos.",CST Art. 236,negativo_facil,0,T-151/98
"Trabajé para INNOTECH y mi empleador dejó de pagarme el salario: me debe el 60% de mayo de 1997 y la totalidad de junio y julio. Además, me descontaron salud y pensión pero no hicieron los aportes. Dependo totalmente de mi salario y he tenido que pedir préstamos.",Código Sustantivo del Trabajo Art. 64 - Terminación unilateral del contrato sin justa causa,negativo_dificil_placeholder,0,T-151/98
"Trabajé desde junio de 1999 como publicitadora con contrato por obra o labor. En marzo de 2002 notifiqué a mi empleador que tenía seis semanas de embarazo y me despidieron el 1 de abril alegando que terminó la labor contratada, sin pedir autorización al inspector de trabajo.",CST Art. 239,positivo,1,T-909/02
"Trabajé desde junio de 1999 como publicitadora con contrato por obra o labor. En marzo de 2002 notifiqué a mi empleador que tenía seis semanas de embarazo y me despidieron el 1 de abril alegando que terminó la labor contratada, sin pedir autorización al inspector de trabajo.","Ley 50 de 1990, Art. 35",positivo,1,T-909/02
"Trabajé desde junio de 1999 como publicitadora con contrato por obra o labor. En marzo de 2002 notifiqué a mi empleador que tenía seis semanas de embarazo y me despidieron el 1 de abril alegando que terminó la labor contratada, sin pedir autorización al inspector de trabajo.",CST Art. 241,positivo,1,T-909/02
"Trabajé desde junio de 1999 como publicitadora con contrato por obra o labor. En marzo de 2002 notifiqué a mi empleador que tenía seis semanas de embarazo y me despidieron el 1 de abril alegando que terminó la labor contratada, sin pedir autorización al inspector de trabajo.",CST Art. 236,negativo_facil,0,T-909/02
"Trabajé desde junio de 1999 como publicitadora con contrato por obra o labor. En marzo de 2002 notifiqué a mi empleador que tenía seis semanas de embarazo y me despidieron el 1 de abril alegando que terminó la labor contratada, sin pedir autorización al inspector de trabajo.",CST Art. 64,negativo_dificil_placeholder,0,T-909/02
"Trabajé como docente bajo contrato de prestación de servicios desde enero hasta junio de 2000. En septiembre me dijeron verbalmente que me renovarían el contrato, empecé a trabajar pero a los pocos días me dijeron que no me lo iban a renovar. Estaba embarazada pero nunca informé formalmente a mi empleador sobre mi estado",CST Art. 239,positivo,1,T-697/01
"Trabajé como docente bajo contrato de prestación de servicios desde enero hasta junio de 2000. En septiembre me dijeron verbalmente que me renovarían el contrato, empecé a trabajar pero a los pocos días me dijeron que no me lo iban a renovar. Estaba embarazada pero nunca informé formalmente a mi empleador sobre mi estado",CST Art. 236,negativo_facil,0,T-697/01
"Trabajé como docente bajo contrato de prestación de servicios desde enero hasta junio de 2000. En septiembre me dijeron verbalmente que me renovarían el contrato, empecé a trabajar pero a los pocos días me dijeron que no me lo iban a renovar. Estaba embarazada pero nunca informé formalmente a mi empleador sobre mi estado",CST Art. 240,negativo_dificil_placeholder,0,T-697/01
Me contrataron verbalmente como ayudante de cocina en septiembre de 2021. A principios de noviembre me despidieron supuestamente por mal desempeño durante el periodo de prueba. Yo estaba embarazada pero no lo sabía por mi obesidad y ciclo irregular. Solo me enteré del embarazo en diciembre cuando ya tenía 24 semanas. El hotel dice que no sabía de mi embarazo cuando me despidió.,CST Art. 64,positivo,1,T-418/22
Me contrataron verbalmente como ayudante de cocina en septiembre de 2021. A principios de noviembre me despidieron supuestamente por mal desempeño durante el periodo de prueba. Yo estaba embarazada pero no lo sabía por mi obesidad y ciclo irregular. Solo me enteré del embarazo en diciembre cuando ya tenía 24 semanas. El hotel dice que no sabía de mi embarazo cuando me despidió.,CST Art. 65,positivo,1,T-418/22
Me contrataron verbalmente como ayudante de cocina en septiembre de 2021. A principios de noviembre me despidieron supuestamente por mal desempeño durante el periodo de prueba. Yo estaba embarazada pero no lo sabía por mi obesidad y ciclo irregular. Solo me enteré del embarazo en diciembre cuando ya tenía 24 semanas. El hotel dice que no sabía de mi embarazo cuando me despidió.,CST Art. 236,negativo_facil,0,T-418/22
Me contrataron verbalmente como ayudante de cocina en septiembre de 2021. A principios de noviembre me despidieron supuestamente por mal desempeño durante el periodo de prueba. Yo estaba embarazada pero no lo sabía por mi obesidad y ciclo irregular. Solo me enteré del embarazo en diciembre cuando ya tenía 24 semanas. El hotel dice que no sabía de mi embarazo cuando me despidió.,CST Art. 239,negativo_dificil_placeholder,0,T-418/22
"Soy empleado de la Universidad de Antioquia bajo el régimen retroactivo de cesantías del CST. Solicité el reconocimiento y pago anticipado de mis cesantías para pagar una hipoteca, pero la universidad me lo negó argumentando problemas financieros y presionándome para que me cambiara al nuevo régimen de cesantías de la Ley 50 de 1990.","Ley 50 de 1990, Art. parágrafo transitorio sobre opción de régimen de cesantías",positivo,1,T-463/00
"Soy empleado de la Universidad de Antioquia bajo el régimen retroactivo de cesantías del CST. Solicité el reconocimiento y pago anticipado de mis cesantías para pagar una hipoteca, pero la universidad me lo negó argumentando problemas financieros y presionándome para que me cambiara al nuevo régimen de cesantías de la Ley 50 de 1990.",CST Art. 236,negativo_facil,0,T-463/00
"Soy empleado de la Universidad de Antioquia bajo el régimen retroactivo de cesantías del CST. Solicité el reconocimiento y pago anticipado de mis cesantías para pagar una hipoteca, pero la universidad me lo negó argumentando problemas financieros y presionándome para que me cambiara al nuevo régimen de cesantías de la Ley 50 de 1990.",Artículo 253 del Código Sustantivo del Trabajo sobre pago de cesantías,negativo_dificil_placeholder,0,T-463/00
"Trabajé desde diciembre de 2002 para una cooperativa de servicios temporales. En agosto de 2003, estando embarazada e incapacitada por amenaza de aborto, me despidieron verbalmente. Intenté entregar mi incapacidad y comunicar el embarazo pero no me la quisieron recibir. Me dijeron que renunciara voluntariamente y ellos me seguirían pagando la EPS, pero me negué.",Constitución Política Art. 43,positivo,1,T-900/04
"Trabajé desde diciembre de 2002 para una cooperativa de servicios temporales. En agosto de 2003, estando embarazada e incapacitada por amenaza de aborto, me despidieron verbalmente. Intenté entregar mi incapacidad y comunicar el embarazo pero no me la quisieron recibir. Me dijeron que renunciara voluntariamente y ellos me seguirían pagando la EPS, pero me negué.",Constitución Política Art. 53,positivo,1,T-900/04
"Trabajé desde diciembre de 2002 para una cooperativa de servicios temporales. En agosto de 2003, estando embarazada e incapacitada por amenaza de aborto, me despidieron verbalmente. Intenté entregar mi incapacidad y comunicar el embarazo pero no me la quisieron recibir. Me dijeron que renunciara voluntariamente y ellos me seguirían pagando la EPS, pero me negué.",CST Art. 236,negativo_facil,0,T-900/04
"Trabajé desde diciembre de 2002 para una cooperativa de servicios temporales. En agosto de 2003, estando embarazada e incapacitada por amenaza de aborto, me despidieron verbalmente. Intenté entregar mi incapacidad y comunicar el embarazo pero no me la quisieron recibir. Me dijeron que renunciara voluntariamente y ellos me seguirían pagando la EPS, pero me negué.",Código Sustantivo del Trabajo Art. 239 - Prohibición de despedir sin justa causa,negativo_dificil_placeholder,0,T-900/04
"Soy futbolista profesional, firmé contrato con el Deportes Tolima siendo menor de edad sin cumplirse los requisitos legales. Di por terminado el contrato con justa causa por incumplimiento del club y les pedí el certificado de transferencia de mis derechos deportivos para poder jugar en otro club, pero se negaron a entregármelo, dejándome sin poder trabajar.","Ley 1098 de 2006, Art. 113",positivo,1,T-740/10
"Soy futbolista profesional, firmé contrato con el Deportes Tolima siendo menor de edad sin cumplirse los requisitos legales. Di por terminado el contrato con justa causa por incumplimiento del club y les pedí el certificado de transferencia de mis derechos deportivos para poder jugar en otro club, pero se negaron a entregármelo, dejándome sin poder trabajar.","Ley 181 de 1995, Art. 33",positivo,1,T-740/10
"Soy futbolista profesional, firmé contrato con el Deportes Tolima siendo menor de edad sin cumplirse los requisitos legales. Di por terminado el contrato con justa causa por incumplimiento del club y les pedí el certificado de transferencia de mis derechos deportivos para poder jugar en otro club, pero se negaron a entregármelo, dejándome sin poder trabajar.",CST Art. 236,negativo_facil,0,T-740/10
"Soy futbolista profesional, firmé contrato con el Deportes Tolima siendo menor de edad sin cumplirse los requisitos legales. Di por terminado el contrato con justa causa por incumplimiento del club y les pedí el certificado de transferencia de mis derechos deportivos para poder jugar en otro club, pero se negaron a entregármelo, dejándome sin poder trabajar.","Código Sustantivo del Trabajo, Art. 29",negativo_dificil_placeholder,0,T-740/10
Trabajamos en una floristería y llevamos más de tres meses sin que nos paguen los salarios. Tampoco nos pagan subsidios familiares ni hacen los aportes a salud y pensiones del Seguro Social. Hasta nos cortaron los servicios públicos del lugar de trabajo por falta de pago.,CP Art. 25,positivo,1,T-502/00
Trabajamos en una floristería y llevamos más de tres meses sin que nos paguen los salarios. Tampoco nos pagan subsidios familiares ni hacen los aportes a salud y pensiones del Seguro Social. Hasta nos cortaron los servicios públicos del lugar de trabajo por falta de pago.,CP Art. 48,positivo,1,T-502/00
Trabajamos en una floristería y llevamos más de tres meses sin que nos paguen los salarios. Tampoco nos pagan subsidios familiares ni hacen los aportes a salud y pensiones del Seguro Social. Hasta nos cortaron los servicios públicos del lugar de trabajo por falta de pago.,CST Art. 236,negativo_facil,0,T-502/00
Trabajamos en una floristería y llevamos más de tres meses sin que nos paguen los salarios. Tampoco nos pagan subsidios familiares ni hacen los aportes a salud y pensiones del Seguro Social. Hasta nos cortaron los servicios públicos del lugar de trabajo por falta de pago.,CST Art. 65,negativo_dificil_placeholder,0,T-502/00
"Varios empleados solicitaron hace meses el pago de sus cesantías parciales bajo el régimen anterior, pero no se las pagaron alegando falta de disponibilidad presupuestal. Mientras tanto, a los compañeros que se cambiaron al nuevo régimen (decretos 57 y 110 de 1993) les pagaron rápido, en pocos días. Nos sentimos discriminados por estar en el régimen antiguo.","Constitución Política, Art. 13",positivo,1,T-144/98
"Varios empleados solicitaron hace meses el pago de sus cesantías parciales bajo el régimen anterior, pero no se las pagaron alegando falta de disponibilidad presupuestal. Mientras tanto, a los compañeros que se cambiaron al nuevo régimen (decretos 57 y 110 de 1993) les pagaron rápido, en pocos días. Nos sentimos discriminados por estar en el régimen antiguo.","Constitución Política, Art. 53",positivo,1,T-144/98
"Varios empleados solicitaron hace meses el pago de sus cesantías parciales bajo el régimen anterior, pero no se las pagaron alegando falta de disponibilidad presupuestal. Mientras tanto, a los compañeros que se cambiaron al nuevo régimen (decretos 57 y 110 de 1993) les pagaron rápido, en pocos días. Nos sentimos discriminados por estar en el régimen antiguo.",CST Art. 236,negativo_facil,0,T-144/98
"Varios empleados solicitaron hace meses el pago de sus cesantías parciales bajo el régimen anterior, pero no se las pagaron alegando falta de disponibilidad presupuestal. Mientras tanto, a los compañeros que se cambiaron al nuevo régimen (decretos 57 y 110 de 1993) les pagaron rápido, en pocos días. Nos sentimos discriminados por estar en el régimen antiguo.","Código Sustantivo del Trabajo, Art. 99 - Liquidación definitiva",negativo_dificil_placeholder,0,T-144/98
Trabajé desde junio de 1989 hasta febrero de 2000 en Empresas Públicas de Medellín. Me despidieron sin seguir el procedimiento que establece la convención colectiva para trabajadores sindicalizados. Pedí que me reintegraran porque no respetaron el debido proceso.,"Decreto 2351 de 1965, Art. 6 literal h",positivo,1,T-1755/00
Trabajé desde junio de 1989 hasta febrero de 2000 en Empresas Públicas de Medellín. Me despidieron sin seguir el procedimiento que establece la convención colectiva para trabajadores sindicalizados. Pedí que me reintegraran porque no respetaron el debido proceso.,"Decreto 2351 de 1965, Art. 10",positivo,1,T-1755/00
Trabajé desde junio de 1989 hasta febrero de 2000 en Empresas Públicas de Medellín. Me despidieron sin seguir el procedimiento que establece la convención colectiva para trabajadores sindicalizados. Pedí que me reintegraran porque no respetaron el debido proceso.,CST Art. 236,negativo_facil,0,T-1755/00
Trabajé desde junio de 1989 hasta febrero de 2000 en Empresas Públicas de Medellín. Me despidieron sin seguir el procedimiento que establece la convención colectiva para trabajadores sindicalizados. Pedí que me reintegraran porque no respetaron el debido proceso.,"Código Sustantivo del Trabajo, artículo 26",negativo_dificil_placeholder,0,T-1755/00
"Fui despedido de mi trabajo estando en situación de discapacidad, sin que la empresa solicitara autorización del Ministerio del Trabajo. La empresa argumentó restructuración, pero no cumplió con el requisito de protección reforzada que tengo por mi condición.","Constitución Política, Art. 47",positivo,1,T-684A/11
"Fui despedido de mi trabajo estando en situación de discapacidad, sin que la empresa solicitara autorización del Ministerio del Trabajo. La empresa argumentó restructuración, pero no cumplió con el requisito de protección reforzada que tengo por mi condición.","Constitución Política, Art. 13",positivo,1,T-684A/11
"Fui despedido de mi trabajo estando en situación de discapacidad, sin que la empresa solicitara autorización del Ministerio del Trabajo. La empresa argumentó restructuración, pero no cumplió con el requisito de protección reforzada que tengo por mi condición.","Ley 361 de 1997, Art. 24",positivo,1,T-684A/11
"Fui despedido de mi trabajo estando en situación de discapacidad, sin que la empresa solicitara autorización del Ministerio del Trabajo. La empresa argumentó restructuración, pero no cumplió con el requisito de protección reforzada que tengo por mi condición.",CST Art. 236,negativo_facil,0,T-684A/11
"Fui despedido de mi trabajo estando en situación de discapacidad, sin que la empresa solicitara autorización del Ministerio del Trabajo. La empresa argumentó restructuración, pero no cumplió con el requisito de protección reforzada que tengo por mi condición.","Código Sustantivo del Trabajo, Art. 62",negativo_dificil_placeholder,0,T-684A/11
"Trabajé desde 1980 en Colgate Palmolive en diferentes áreas con mucho ruido, lo que me causó hipoacusia neurosensorial bilateral y otros problemas de salud. Me reubicaron en febrero de 2013 en la sección de barras, pero ese lugar sigue teniendo altos niveles de ruido que siguen dañando mi audición, no cumple con las recomendaciones médicas que dicen que no puedo estar expuesto a ruido.","Resolución 8321 de 1983, Art. 53",positivo,1,T-917/14
"Trabajé desde 1980 en Colgate Palmolive en diferentes áreas con mucho ruido, lo que me causó hipoacusia neurosensorial bilateral y otros problemas de salud. Me reubicaron en febrero de 2013 en la sección de barras, pero ese lugar sigue teniendo altos niveles de ruido que siguen dañando mi audición, no cumple con las recomendaciones médicas que dicen que no puedo estar expuesto a ruido.","Constitución Política, Art. 54",positivo,1,T-917/14
"Trabajé desde 1980 en Colgate Palmolive en diferentes áreas con mucho ruido, lo que me causó hipoacusia neurosensorial bilateral y otros problemas de salud. Me reubicaron en febrero de 2013 en la sección de barras, pero ese lugar sigue teniendo altos niveles de ruido que siguen dañando mi audición, no cumple con las recomendaciones médicas que dicen que no puedo estar expuesto a ruido.",CST Art. 236,negativo_facil,0,T-917/14
"Trabajé desde 1980 en Colgate Palmolive en diferentes áreas con mucho ruido, lo que me causó hipoacusia neurosensorial bilateral y otros problemas de salud. Me reubicaron en febrero de 2013 en la sección de barras, pero ese lugar sigue teniendo altos niveles de ruido que siguen dañando mi audición, no cumple con las recomendaciones médicas que dicen que no puedo estar expuesto a ruido.","Código Sustantivo del Trabajo, Art. 57, numeral 2",negativo_dificil_placeholder,0,T-917/14
"Soy médico del Hospital San Rafael de Girardot. Pedí en mayo del 98 que me liquidaran mis cesantías parciales, pero me dijeron que no había plata en el fondo y que tenía que esperar a que hubiera disponibilidad de caja. Después de meses sin respuesta, tuve que demandar para que me reconocieran mi derecho.",Constitución Política Art. 53,positivo,1,T-464/99
"Soy médico del Hospital San Rafael de Girardot. Pedí en mayo del 98 que me liquidaran mis cesantías parciales, pero me dijeron que no había plata en el fondo y que tenía que esperar a que hubiera disponibilidad de caja. Después de meses sin respuesta, tuve que demandar para que me reconocieran mi derecho.",Constitución Política Art. 345,positivo,1,T-464/99
"Soy médico del Hospital San Rafael de Girardot. Pedí en mayo del 98 que me liquidaran mis cesantías parciales, pero me dijeron que no había plata en el fondo y que tenía que esperar a que hubiera disponibilidad de caja. Después de meses sin respuesta, tuve que demandar para que me reconocieran mi derecho.",CST Art. 236,negativo_facil,0,T-464/99
"Soy médico del Hospital San Rafael de Girardot. Pedí en mayo del 98 que me liquidaran mis cesantías parciales, pero me dijeron que no había plata en el fondo y que tenía que esperar a que hubiera disponibilidad de caja. Después de meses sin respuesta, tuve que demandar para que me reconocieran mi derecho.",Código Sustantivo del Trabajo Art. 99,negativo_dificil_placeholder,0,T-464/99
"Me contrataron en junio de 1999 con SOS Empleados Ltda. para trabajar como auxiliar de estampación en GICO Ltda. Les notifiqué por escrito mi embarazo en agosto de 2000 y me despidieron sin justa causa en octubre de 2000, diciendo que se terminó la obra.","Decreto 2591 de 1991, Art. 42",positivo,1,T-1101/01
"Me contrataron en junio de 1999 con SOS Empleados Ltda. para trabajar como auxiliar de estampación en GICO Ltda. Les notifiqué por escrito mi embarazo en agosto de 2000 y me despidieron sin justa causa en octubre de 2000, diciendo que se terminó la obra.","Ley 50 de 1990, Art. 88",positivo,1,T-1101/01
"Me contrataron en junio de 1999 con SOS Empleados Ltda. para trabajar como auxiliar de estampación en GICO Ltda. Les notifiqué por escrito mi embarazo en agosto de 2000 y me despidieron sin justa causa en octubre de 2000, diciendo que se terminó la obra.",CST Art. 236,negativo_facil,0,T-1101/01
"Me contrataron en junio de 1999 con SOS Empleados Ltda. para trabajar como auxiliar de estampación en GICO Ltda. Les notifiqué por escrito mi embarazo en agosto de 2000 y me despidieron sin justa causa en octubre de 2000, diciendo que se terminó la obra.","Código Sustantivo del Trabajo, Art. 61 - Terminación del contrato por duración de la obra",negativo_dificil_placeholder,0,T-1101/01
"Trabajé como jugador profesional de fútbol con Santa Fe hasta junio de 1999. Cuando terminó mi contrato, el club me separó del equipo y no me inscribió en ningún otro ni me dejó transferir, pero tampoco me entregaba mi 'pase' (derechos deportivos) para buscar trabajo por mi cuenta, entonces quedé sin poder trabajar porque sin ese documento no podía jugar en ningún lado.","Ley 181 de 1995, Art. 35",positivo,1,T-1136/00
"Trabajé como jugador profesional de fútbol con Santa Fe hasta junio de 1999. Cuando terminó mi contrato, el club me separó del equipo y no me inscribió en ningún otro ni me dejó transferir, pero tampoco me entregaba mi 'pase' (derechos deportivos) para buscar trabajo por mi cuenta, entonces quedé sin poder trabajar porque sin ese documento no podía jugar en ningún lado.",CST Art. 236,negativo_facil,0,T-1136/00
"Trabajé como jugador profesional de fútbol con Santa Fe hasta junio de 1999. Cuando terminó mi contrato, el club me separó del equipo y no me inscribió en ningún otro ni me dejó transferir, pero tampoco me entregaba mi 'pase' (derechos deportivos) para buscar trabajo por mi cuenta, entonces quedé sin poder trabajar porque sin ese documento no podía jugar en ningún lado.","Código Sustantivo del Trabajo, Art. 64 - Obligaciones especiales del patrono",negativo_dificil_placeholder,0,T-1136/00
Soy docente del municipio de Santa Cruz de Lorica en Córdoba y el municipio no me ha pagado las primas de servicio y de antigüedad que me corresponden por ley desde hace varios años. Presenté derechos de petición pero nunca me respondieron ni me pagaron lo que me deben.,"Ley 91 de 1989, Art. 15",positivo,1,T-282/15
Soy docente del municipio de Santa Cruz de Lorica en Córdoba y el municipio no me ha pagado las primas de servicio y de antigüedad que me corresponden por ley desde hace varios años. Presenté derechos de petición pero nunca me respondieron ni me pagaron lo que me deben.,Ordenanza 008 de 1986,positivo,1,T-282/15
Soy docente del municipio de Santa Cruz de Lorica en Córdoba y el municipio no me ha pagado las primas de servicio y de antigüedad que me corresponden por ley desde hace varios años. Presenté derechos de petición pero nunca me respondieron ni me pagaron lo que me deben.,"Ley 60 de 1993, Art. 6",positivo,1,T-282/15
Soy docente del municipio de Santa Cruz de Lorica en Córdoba y el municipio no me ha pagado las primas de servicio y de antigüedad que me corresponden por ley desde hace varios años. Presenté derechos de petición pero nunca me respondieron ni me pagaron lo que me deben.,"Ley 115 de 1994, Art. 115",positivo,1,T-282/15
Soy docente del municipio de Santa Cruz de Lorica en Córdoba y el municipio no me ha pagado las primas de servicio y de antigüedad que me corresponden por ley desde hace varios años. Presenté derechos de petición pero nunca me respondieron ni me pagaron lo que me deben.,"Ley 812 de 2003, Art. 12",positivo,1,T-282/15
Soy docente del municipio de Santa Cruz de Lorica en Córdoba y el municipio no me ha pagado las primas de servicio y de antigüedad que me corresponden por ley desde hace varios años. Presenté derechos de petición pero nunca me respondieron ni me pagaron lo que me deben.,CST Art. 236,negativo_facil,0,T-282/15
Soy docente del municipio de Santa Cruz de Lorica en Córdoba y el municipio no me ha pagado las primas de servicio y de antigüedad que me corresponden por ley desde hace varios años. Presenté derechos de petición pero nunca me respondieron ni me pagaron lo que me deben.,"Código Sustantivo del Trabajo, Art. 306",negativo_dificil_placeholder,0,T-282/15
"Me contrataron por duración de obra como impulsadora en enero de 2006. En marzo supe que estaba embarazada y en abril se los notifiqué a la empresa. Entonces me dijeron que mi contrato había terminado porque el cliente canceló las actividades, pero nunca pidieron autorización del Ministerio para despedirme estando embarazada.",Decreto Ley 2351 de 1965,positivo,1,T-1040/06
"Me contrataron por duración de obra como impulsadora en enero de 2006. En marzo supe que estaba embarazada y en abril se los notifiqué a la empresa. Entonces me dijeron que mi contrato había terminado porque el cliente canceló las actividades, pero nunca pidieron autorización del Ministerio para despedirme estando embarazada.",CST Art. 236,negativo_facil,0,T-1040/06
"Me contrataron por duración de obra como impulsadora en enero de 2006. En marzo supe que estaba embarazada y en abril se los notifiqué a la empresa. Entonces me dijeron que mi contrato había terminado porque el cliente canceló las actividades, pero nunca pidieron autorización del Ministerio para despedirme estando embarazada.",Artículo 45 del Código Sustantivo del Trabajo,negativo_dificil_placeholder,0,T-1040/06
Trabajadores de la empresa Puertos de Colombia presentaron tutelas pidiendo el pago de acreencias laborales y respuesta a peticiones elevadas ante FONCOLPUERTOS (Fondo de Pasivo Social). Alegaron que no les pagaban lo que les debían ni les respondían sus solicitudes.,Constitución Política Art. 86,positivo,1,T-010/98
Trabajadores de la empresa Puertos de Colombia presentaron tutelas pidiendo el pago de acreencias laborales y respuesta a peticiones elevadas ante FONCOLPUERTOS (Fondo de Pasivo Social). Alegaron que no les pagaban lo que les debían ni les respondían sus solicitudes.,Constitución Política Art. 23,positivo,1,T-010/98
Trabajadores de la empresa Puertos de Colombia presentaron tutelas pidiendo el pago de acreencias laborales y respuesta a peticiones elevadas ante FONCOLPUERTOS (Fondo de Pasivo Social). Alegaron que no les pagaban lo que les debían ni les respondían sus solicitudes.,CST Art. 236,negativo_facil,0,T-010/98
Trabajadores de la empresa Puertos de Colombia presentaron tutelas pidiendo el pago de acreencias laborales y respuesta a peticiones elevadas ante FONCOLPUERTOS (Fondo de Pasivo Social). Alegaron que no les pagaban lo que les debían ni les respondían sus solicitudes.,Código Sustantivo del Trabajo Art. 65 - Prescripción de acciones laborales,negativo_dificil_placeholder,0,T-010/98
"Trabajo como aseadora en el Hospital Timothy Britton de San Andrés. Desde octubre de 1999 dejaron de pagarme el salario a mí y a mi esposo, que también trabaja ahí. Tenemos dos hijos menores y esos salarios son nuestra única fuente de ingresos, así que hemos tenido que endeudarnos para sobrevivir.",CP Art. 53,positivo,1,T-1669/00
"Trabajo como aseadora en el Hospital Timothy Britton de San Andrés. Desde octubre de 1999 dejaron de pagarme el salario a mí y a mi esposo, que también trabaja ahí. Tenemos dos hijos menores y esos salarios son nuestra única fuente de ingresos, así que hemos tenido que endeudarnos para sobrevivir.",CST Art. 236,negativo_facil,0,T-1669/00
"Trabajo como aseadora en el Hospital Timothy Britton de San Andrés. Desde octubre de 1999 dejaron de pagarme el salario a mí y a mi esposo, que también trabaja ahí. Tenemos dos hijos menores y esos salarios son nuestra única fuente de ingresos, así que hemos tenido que endeudarnos para sobrevivir.",CST Art. 64,negativo_dificil_placeholder,0,T-1669/00
Me contrataron en enero de 2000 para cuidar maquinaria del Distrito de Cartagena. Trabajé hasta abril de 2000 pero nunca me pagaron salarios ni me afiliaron a seguridad social. En abril sufrí un accidente con fracturas y me tocó pagar los gastos médicos de mi bolsillo. Tengo esposa y tres hijos que mantener.,Constitución Política Art. 25,positivo,1,T-191/01
Me contrataron en enero de 2000 para cuidar maquinaria del Distrito de Cartagena. Trabajé hasta abril de 2000 pero nunca me pagaron salarios ni me afiliaron a seguridad social. En abril sufrí un accidente con fracturas y me tocó pagar los gastos médicos de mi bolsillo. Tengo esposa y tres hijos que mantener.,Constitución Política Art. 48,positivo,1,T-191/01
Me contrataron en enero de 2000 para cuidar maquinaria del Distrito de Cartagena. Trabajé hasta abril de 2000 pero nunca me pagaron salarios ni me afiliaron a seguridad social. En abril sufrí un accidente con fracturas y me tocó pagar los gastos médicos de mi bolsillo. Tengo esposa y tres hijos que mantener.,Decreto 2591 de 1991 Art. 42,positivo,1,T-191/01
Me contrataron en enero de 2000 para cuidar maquinaria del Distrito de Cartagena. Trabajé hasta abril de 2000 pero nunca me pagaron salarios ni me afiliaron a seguridad social. En abril sufrí un accidente con fracturas y me tocó pagar los gastos médicos de mi bolsillo. Tengo esposa y tres hijos que mantener.,CST Art. 236,negativo_facil,0,T-191/01
Me contrataron en enero de 2000 para cuidar maquinaria del Distrito de Cartagena. Trabajé hasta abril de 2000 pero nunca me pagaron salarios ni me afiliaron a seguridad social. En abril sufrí un accidente con fracturas y me tocó pagar los gastos médicos de mi bolsillo. Tengo esposa y tres hijos que mantener.,Código Sustantivo del Trabajo Art. 216 - Obligaciones del empleador en materia de riesgos laborales,negativo_dificil_placeholder,0,T-191/01
"Trabajé como soldador desde 2004, luego me hicieron vincularme a través de una empresa temporal (A Tiempo LTDA) en 2005. En febrero de 2007 sufrí un accidente de trabajo que me afectó el ojo derecho. Después de mi rehabilitación, en marzo de 2008 me despidieron sin autorización del Ministerio, a pesar de tener pérdida de capacidad laboral.","Ley 776 de 2002, Art. 8",positivo,1,T-484/09
"Trabajé como soldador desde 2004, luego me hicieron vincularme a través de una empresa temporal (A Tiempo LTDA) en 2005. En febrero de 2007 sufrí un accidente de trabajo que me afectó el ojo derecho. Después de mi rehabilitación, en marzo de 2008 me despidieron sin autorización del Ministerio, a pesar de tener pérdida de capacidad laboral.","Ley 361 de 1997, Art. 26",positivo,1,T-484/09
"Trabajé como soldador desde 2004, luego me hicieron vincularme a través de una empresa temporal (A Tiempo LTDA) en 2005. En febrero de 2007 sufrí un accidente de trabajo que me afectó el ojo derecho. Después de mi rehabilitación, en marzo de 2008 me despidieron sin autorización del Ministerio, a pesar de tener pérdida de capacidad laboral.",CST Art. 236,negativo_facil,0,T-484/09
"Trabajé como soldador desde 2004, luego me hicieron vincularme a través de una empresa temporal (A Tiempo LTDA) en 2005. En febrero de 2007 sufrí un accidente de trabajo que me afectó el ojo derecho. Después de mi rehabilitación, en marzo de 2008 me despidieron sin autorización del Ministerio, a pesar de tener pérdida de capacidad laboral.","Código Sustantivo del Trabajo, Art. 62",negativo_dificil_placeholder,0,T-484/09
"Entré a trabajar en marzo de 2019 en una tienda. En abril me dijeron que me iban a vincular directamente y me pidieron exámenes médicos incluyendo prueba de embarazo. El mismo día que me hice los exámenes me despidieron diciendo que no pasé el período de prueba. Dos semanas después me enteré que tenía 6 semanas de embarazo, o sea que ya estaba embarazada cuando me despidieron.",CST Art. 239 numeral 2,positivo,1,T-305/20
"Entré a trabajar en marzo de 2019 en una tienda. En abril me dijeron que me iban a vincular directamente y me pidieron exámenes médicos incluyendo prueba de embarazo. El mismo día que me hice los exámenes me despidieron diciendo que no pasé el período de prueba. Dos semanas después me enteré que tenía 6 semanas de embarazo, o sea que ya estaba embarazada cuando me despidieron.",CST Art. 240,positivo,1,T-305/20
"Entré a trabajar en marzo de 2019 en una tienda. En abril me dijeron que me iban a vincular directamente y me pidieron exámenes médicos incluyendo prueba de embarazo. El mismo día que me hice los exámenes me despidieron diciendo que no pasé el período de prueba. Dos semanas después me enteré que tenía 6 semanas de embarazo, o sea que ya estaba embarazada cuando me despidieron.",CST Art. 236,negativo_facil,0,T-305/20
"Entré a trabajar en marzo de 2019 en una tienda. En abril me dijeron que me iban a vincular directamente y me pidieron exámenes médicos incluyendo prueba de embarazo. El mismo día que me hice los exámenes me despidieron diciendo que no pasé el período de prueba. Dos semanas después me enteré que tenía 6 semanas de embarazo, o sea que ya estaba embarazada cuando me despidieron.",CST Art. 61,negativo_dificil_placeholder,0,T-305/20
"Trabajé como soldador en misión desde enero de 2009. En junio tuve un accidente de tránsito que me causó trauma craneoencefálico severo, estuve incapacitado 307 días. En enero de 2010 me despidieron sin autorización del inspector del trabajo mientras seguía incapacitado y sin que me hubieran calificado la discapacidad.","Ley 361 de 1997, Art. 26",positivo,1,T-140/11
"Trabajé como soldador en misión desde enero de 2009. En junio tuve un accidente de tránsito que me causó trauma craneoencefálico severo, estuve incapacitado 307 días. En enero de 2010 me despidieron sin autorización del inspector del trabajo mientras seguía incapacitado y sin que me hubieran calificado la discapacidad.",CST Art. 62 numeral 15,positivo,1,T-140/11
"Trabajé como soldador en misión desde enero de 2009. En junio tuve un accidente de tránsito que me causó trauma craneoencefálico severo, estuve incapacitado 307 días. En enero de 2010 me despidieron sin autorización del inspector del trabajo mientras seguía incapacitado y sin que me hubieran calificado la discapacidad.",CST Art. 236,negativo_facil,0,T-140/11
"Trabajé como soldador en misión desde enero de 2009. En junio tuve un accidente de tránsito que me causó trauma craneoencefálico severo, estuve incapacitado 307 días. En enero de 2010 me despidieron sin autorización del inspector del trabajo mientras seguía incapacitado y sin que me hubieran calificado la discapacidad.",CST Art. 64 numeral 1,negativo_dificil_placeholder,0,T-140/11
"Trabajo en ECOPETROL con contrato indefinido en nómina directiva. Solicité que inscribieran a mi esposo como familiar para que tuviera los mismos beneficios médicos que les dan a las esposas de los trabajadores hombres, pero me lo negaron porque el Acuerdo 01 de 1977 tiene requisitos diferentes según el sexo del trabajador.",Constitución Política Art. 13,positivo,1,T-400/02
"Trabajo en ECOPETROL con contrato indefinido en nómina directiva. Solicité que inscribieran a mi esposo como familiar para que tuviera los mismos beneficios médicos que les dan a las esposas de los trabajadores hombres, pero me lo negaron porque el Acuerdo 01 de 1977 tiene requisitos diferentes según el sexo del trabajador.",Constitución Política Art. 43,positivo,1,T-400/02
"Trabajo en ECOPETROL con contrato indefinido en nómina directiva. Solicité que inscribieran a mi esposo como familiar para que tuviera los mismos beneficios médicos que les dan a las esposas de los trabajadores hombres, pero me lo negaron porque el Acuerdo 01 de 1977 tiene requisitos diferentes según el sexo del trabajador.",CST Art. 236,negativo_facil,0,T-400/02
"Trabajo en ECOPETROL con contrato indefinido en nómina directiva. Solicité que inscribieran a mi esposo como familiar para que tuviera los mismos beneficios médicos que les dan a las esposas de los trabajadores hombres, pero me lo negaron porque el Acuerdo 01 de 1977 tiene requisitos diferentes según el sexo del trabajador.",Código Sustantivo del Trabajo Art. 230 - Prestaciones para familiares del trabajador,negativo_dificil_placeholder,0,T-400/02
"Trabajé como auxiliar de servicios generales desde enero de 2005. Cuando quedé embarazada y lo comenté con mis compañeras y mi jefa, empezaron a incomodarme y el 4 de mayo de 2005 me despidieron argumentando malos tratos verbales a mi jefa, algo que nunca pasó. La empresa sabía que estaba embarazada pero lo negó.","Decreto 2351 de 1965, Art. 7, Literal a), Numerales 2 y 6",positivo,1,T-014/06
"Trabajé como auxiliar de servicios generales desde enero de 2005. Cuando quedé embarazada y lo comenté con mis compañeras y mi jefa, empezaron a incomodarme y el 4 de mayo de 2005 me despidieron argumentando malos tratos verbales a mi jefa, algo que nunca pasó. La empresa sabía que estaba embarazada pero lo negó.","CST Art. 58, Numeral 1",positivo,1,T-014/06
"Trabajé como auxiliar de servicios generales desde enero de 2005. Cuando quedé embarazada y lo comenté con mis compañeras y mi jefa, empezaron a incomodarme y el 4 de mayo de 2005 me despidieron argumentando malos tratos verbales a mi jefa, algo que nunca pasó. La empresa sabía que estaba embarazada pero lo negó.",CST Art. 236,negativo_facil,0,T-014/06
"Trabajé como auxiliar de servicios generales desde enero de 2005. Cuando quedé embarazada y lo comenté con mis compañeras y mi jefa, empezaron a incomodarme y el 4 de mayo de 2005 me despidieron argumentando malos tratos verbales a mi jefa, algo que nunca pasó. La empresa sabía que estaba embarazada pero lo negó.",CST Art. 239,negativo_dificil_placeholder,0,T-014/06
"Trabajé para una empresa de servicios temporales desde abril de 2009 hasta agosto de 2010. Me despidieron cuando estaba en proceso de calificación de pérdida de capacidad laboral por enfermedades profesionales (síndrome del túnel del carpo bilateral, tendinitis y epicondilitis). La empresa me sacó sin pedir permiso al Ministerio de Protección Social, estando yo incapacitada.","Ley 361 de 1997, Art. 26",positivo,1,T-663/11
"Trabajé para una empresa de servicios temporales desde abril de 2009 hasta agosto de 2010. Me despidieron cuando estaba en proceso de calificación de pérdida de capacidad laboral por enfermedades profesionales (síndrome del túnel del carpo bilateral, tendinitis y epicondilitis). La empresa me sacó sin pedir permiso al Ministerio de Protección Social, estando yo incapacitada.",CST Art. 236,negativo_facil,0,T-663/11
"Trabajé para una empresa de servicios temporales desde abril de 2009 hasta agosto de 2010. Me despidieron cuando estaba en proceso de calificación de pérdida de capacidad laboral por enfermedades profesionales (síndrome del túnel del carpo bilateral, tendinitis y epicondilitis). La empresa me sacó sin pedir permiso al Ministerio de Protección Social, estando yo incapacitada.","Código Sustantivo del Trabajo, Art. 62 - Terminación del contrato por justa causa",negativo_dificil_placeholder,0,T-663/11
"Trabajé en Telecom desde 1996. En julio de 2003 me despidieron estando embarazada, diciéndome que era por liquidación de la empresa y supresión del cargo. Yo les avisé del embarazo y pedí que me incluyeran en el 'retén social' para madres cabeza de familia, pero me lo negaron. Mi hijo nació en diciembre de 2003.",Constitución Política Art. 43,positivo,1,T-866/05
"Trabajé en Telecom desde 1996. En julio de 2003 me despidieron estando embarazada, diciéndome que era por liquidación de la empresa y supresión del cargo. Yo les avisé del embarazo y pedí que me incluyeran en el 'retén social' para madres cabeza de familia, pero me lo negaron. Mi hijo nació en diciembre de 2003.",CST Art. 239,positivo,1,T-866/05
"Trabajé en Telecom desde 1996. En julio de 2003 me despidieron estando embarazada, diciéndome que era por liquidación de la empresa y supresión del cargo. Yo les avisé del embarazo y pedí que me incluyeran en el 'retén social' para madres cabeza de familia, pero me lo negaron. Mi hijo nació en diciembre de 2003.",Ley 790 de 2002,positivo,1,T-866/05
"Trabajé en Telecom desde 1996. En julio de 2003 me despidieron estando embarazada, diciéndome que era por liquidación de la empresa y supresión del cargo. Yo les avisé del embarazo y pedí que me incluyeran en el 'retén social' para madres cabeza de familia, pero me lo negaron. Mi hijo nació en diciembre de 2003.",Ley 813 de 2003,positivo,1,T-866/05
"Trabajé en Telecom desde 1996. En julio de 2003 me despidieron estando embarazada, diciéndome que era por liquidación de la empresa y supresión del cargo. Yo les avisé del embarazo y pedí que me incluyeran en el 'retén social' para madres cabeza de familia, pero me lo negaron. Mi hijo nació en diciembre de 2003.",Código Civil Art. 90,positivo,1,T-866/05
"Trabajé en Telecom desde 1996. En julio de 2003 me despidieron estando embarazada, diciéndome que era por liquidación de la empresa y supresión del cargo. Yo les avisé del embarazo y pedí que me incluyeran en el 'retén social' para madres cabeza de familia, pero me lo negaron. Mi hijo nació en diciembre de 2003.",CST Art. 236,negativo_facil,0,T-866/05
"Trabajé en Telecom desde 1996. En julio de 2003 me despidieron estando embarazada, diciéndome que era por liquidación de la empresa y supresión del cargo. Yo les avisé del embarazo y pedí que me incluyeran en el 'retén social' para madres cabeza de familia, pero me lo negaron. Mi hijo nació en diciembre de 2003.",CST Art. 240,negativo_dificil_placeholder,0,T-866/05
"Trabajé más de 15 años en una empresa y me dejaron de pagar el salario por más de 12 meses. Seguí trabajando pero no recibía pago, quedé sin servicios de salud y viviendo casi de la caridad, a pesar de seguir cumpliendo mis obligaciones laborales.",Constitución Política Art. 25,positivo,1,T-046/00
"Trabajé más de 15 años en una empresa y me dejaron de pagar el salario por más de 12 meses. Seguí trabajando pero no recibía pago, quedé sin servicios de salud y viviendo casi de la caridad, a pesar de seguir cumpliendo mis obligaciones laborales.",CST Art. 236,negativo_facil,0,T-046/00
"Trabajé más de 15 años en una empresa y me dejaron de pagar el salario por más de 12 meses. Seguí trabajando pero no recibía pago, quedé sin servicios de salud y viviendo casi de la caridad, a pesar de seguir cumpliendo mis obligaciones laborales.",Código Sustantivo del Trabajo Art. 65 - Terminación del contrato por parte del trabajador,negativo_dificil_placeholder,0,T-046/00
"Me presenté a un proceso de selección para agente de call center, pasé todas las pruebas y capacitaciones, pero cuando me hicieron exámenes médicos me tomaron una prueba de sangre (solo a las mujeres, no a los hombres). Días después me dijeron que no seguía en el proceso. Resulta que estaba embarazada y creo que usaron esa prueba de sangre para saberlo sin mi consentimiento y por eso me discriminaron.",CP Art. 13,positivo,1,T-202/24
"Me presenté a un proceso de selección para agente de call center, pasé todas las pruebas y capacitaciones, pero cuando me hicieron exámenes médicos me tomaron una prueba de sangre (solo a las mujeres, no a los hombres). Días después me dijeron que no seguía en el proceso. Resulta que estaba embarazada y creo que usaron esa prueba de sangre para saberlo sin mi consentimiento y por eso me discriminaron.",CP Art. 25,positivo,1,T-202/24
"Me presenté a un proceso de selección para agente de call center, pasé todas las pruebas y capacitaciones, pero cuando me hicieron exámenes médicos me tomaron una prueba de sangre (solo a las mujeres, no a los hombres). Días después me dijeron que no seguía en el proceso. Resulta que estaba embarazada y creo que usaron esa prueba de sangre para saberlo sin mi consentimiento y por eso me discriminaron.",CP Art. 43,positivo,1,T-202/24
"Me presenté a un proceso de selección para agente de call center, pasé todas las pruebas y capacitaciones, pero cuando me hicieron exámenes médicos me tomaron una prueba de sangre (solo a las mujeres, no a los hombres). Días después me dijeron que no seguía en el proceso. Resulta que estaba embarazada y creo que usaron esa prueba de sangre para saberlo sin mi consentimiento y por eso me discriminaron.",CP Art. 53,positivo,1,T-202/24
"Me presenté a un proceso de selección para agente de call center, pasé todas las pruebas y capacitaciones, pero cuando me hicieron exámenes médicos me tomaron una prueba de sangre (solo a las mujeres, no a los hombres). Días después me dijeron que no seguía en el proceso. Resulta que estaba embarazada y creo que usaron esa prueba de sangre para saberlo sin mi consentimiento y por eso me discriminaron.","Decreto 2591 de 1991, Art. 25",positivo,1,T-202/24
"Me presenté a un proceso de selección para agente de call center, pasé todas las pruebas y capacitaciones, pero cuando me hicieron exámenes médicos me tomaron una prueba de sangre (solo a las mujeres, no a los hombres). Días después me dijeron que no seguía en el proceso. Resulta que estaba embarazada y creo que usaron esa prueba de sangre para saberlo sin mi consentimiento y por eso me discriminaron.",CST Art. 236,negativo_facil,0,T-202/24
"Me presenté a un proceso de selección para agente de call center, pasé todas las pruebas y capacitaciones, pero cuando me hicieron exámenes médicos me tomaron una prueba de sangre (solo a las mujeres, no a los hombres). Días después me dijeron que no seguía en el proceso. Resulta que estaba embarazada y creo que usaron esa prueba de sangre para saberlo sin mi consentimiento y por eso me discriminaron.",CST Art. 239,negativo_dificil_placeholder,0,T-202/24
"Trabajé como docente en un colegio con contrato a término fijo de 10 meses. Quedé embarazada en enero de 2007 y le avisé al colegio. En mayo me notificaron que mi contrato vencía en junio cuando tenía 6 meses de embarazo, y me despidieron sin autorización del inspector de trabajo.",Constitución Política Art. 43,positivo,1,T-352/08
"Trabajé como docente en un colegio con contrato a término fijo de 10 meses. Quedé embarazada en enero de 2007 y le avisé al colegio. En mayo me notificaron que mi contrato vencía en junio cuando tenía 6 meses de embarazo, y me despidieron sin autorización del inspector de trabajo.",CST Art. 239 modificado por Ley 50 de 1990 Art. 35,positivo,1,T-352/08
"Trabajé como docente en un colegio con contrato a término fijo de 10 meses. Quedé embarazada en enero de 2007 y le avisé al colegio. En mayo me notificaron que mi contrato vencía en junio cuando tenía 6 meses de embarazo, y me despidieron sin autorización del inspector de trabajo.",CST Art. 236,negativo_facil,0,T-352/08
"Trabajé como docente en un colegio con contrato a término fijo de 10 meses. Quedé embarazada en enero de 2007 y le avisé al colegio. En mayo me notificaron que mi contrato vencía en junio cuando tenía 6 meses de embarazo, y me despidieron sin autorización del inspector de trabajo.",CST Art. 64 - Terminación del contrato por vencimiento del plazo,negativo_dificil_placeholder,0,T-352/08
"Trabajo como tornero en Metálicas Medellín y la empresa me debe ocho semanas de salario. Este es mi único sustento y el de mi familia. La empresa dice que está en crisis, con 50 procesos ejecutivos encima y se acogió a la Ley 550 de 1999 para reestructurarse.",Constitución Política Art. 25,positivo,1,T-1402/00
"Trabajo como tornero en Metálicas Medellín y la empresa me debe ocho semanas de salario. Este es mi único sustento y el de mi familia. La empresa dice que está en crisis, con 50 procesos ejecutivos encima y se acogió a la Ley 550 de 1999 para reestructurarse.",Constitución Política Art. 53,positivo,1,T-1402/00
"Trabajo como tornero en Metálicas Medellín y la empresa me debe ocho semanas de salario. Este es mi único sustento y el de mi familia. La empresa dice que está en crisis, con 50 procesos ejecutivos encima y se acogió a la Ley 550 de 1999 para reestructurarse.",CST Art. 236,negativo_facil,0,T-1402/00
"Trabajo como tornero en Metálicas Medellín y la empresa me debe ocho semanas de salario. Este es mi único sustento y el de mi familia. La empresa dice que está en crisis, con 50 procesos ejecutivos encima y se acogió a la Ley 550 de 1999 para reestructurarse.",Código Sustantivo del Trabajo Art. 64 - Privilegio del crédito laboral en procesos concursales,negativo_dificil_placeholder,0,T-1402/00
"Trabajé en Telecom desde 1990 hasta julio de 2003, cuando me despidieron. Soy padre cabeza de familia porque mi esposa y mis dos hijas menores tienen artritis reumatoide degenerativa y mi esposa no puede trabajar. Pedí varias veces que me reintegraran por estar protegido por el retén social, pero Telecom me dijo que no cumplía los requisitos y que las sentencias de la Corte solo aplicaban hacia el futuro.","Ley 790 de 2002, Art. 12",positivo,1,T-206/06
"Trabajé en Telecom desde 1990 hasta julio de 2003, cuando me despidieron. Soy padre cabeza de familia porque mi esposa y mis dos hijas menores tienen artritis reumatoide degenerativa y mi esposa no puede trabajar. Pedí varias veces que me reintegraran por estar protegido por el retén social, pero Telecom me dijo que no cumplía los requisitos y que las sentencias de la Corte solo aplicaban hacia el futuro.",Decreto 190 de 2003,positivo,1,T-206/06
"Trabajé en Telecom desde 1990 hasta julio de 2003, cuando me despidieron. Soy padre cabeza de familia porque mi esposa y mis dos hijas menores tienen artritis reumatoide degenerativa y mi esposa no puede trabajar. Pedí varias veces que me reintegraran por estar protegido por el retén social, pero Telecom me dijo que no cumplía los requisitos y que las sentencias de la Corte solo aplicaban hacia el futuro.",CST Art. 236,negativo_facil,0,T-206/06
"Trabajé en Telecom desde 1990 hasta julio de 2003, cuando me despidieron. Soy padre cabeza de familia porque mi esposa y mis dos hijas menores tienen artritis reumatoide degenerativa y mi esposa no puede trabajar. Pedí varias veces que me reintegraran por estar protegido por el retén social, pero Telecom me dijo que no cumplía los requisitos y que las sentencias de la Corte solo aplicaban hacia el futuro.","Código Sustantivo del Trabajo, Artículo 26",negativo_dificil_placeholder,0,T-206/06
"Trabajadores despedidos sin autorización del Ministerio de Trabajo mientras estaban incapacitados o con problemas de salud. Por ejemplo, uno trabajó desde 2012 ordeñando vacas, tuvo un accidente que le fracturó la rodilla, estuvo incapacitado, y cuando intentó volver a trabajar en muletas el patrón lo despidió diciendo que no había labores compatibles con su limitación.","Ley 361 de 1997, Art. 26",positivo,1,T-427/24
"Trabajadores despedidos sin autorización del Ministerio de Trabajo mientras estaban incapacitados o con problemas de salud. Por ejemplo, uno trabajó desde 2012 ordeñando vacas, tuvo un accidente que le fracturó la rodilla, estuvo incapacitado, y cuando intentó volver a trabajar en muletas el patrón lo despidió diciendo que no había labores compatibles con su limitación.",CST Art. 236,negativo_facil,0,T-427/24
"Trabajadores despedidos sin autorización del Ministerio de Trabajo mientras estaban incapacitados o con problemas de salud. Por ejemplo, uno trabajó desde 2012 ordeñando vacas, tuvo un accidente que le fracturó la rodilla, estuvo incapacitado, y cuando intentó volver a trabajar en muletas el patrón lo despidió diciendo que no había labores compatibles con su limitación.","Código Sustantivo del Trabajo, Art. 62",negativo_dificil_placeholder,0,T-427/24
"Tres mujeres fueron desvinculadas de sus trabajos: una cuando estaba lactando (su bebé tenía 6 meses), otra desvinculada dos veces (embarazada primero, y luego cuando su hija tenía 4 meses), y una tercera durante el embarazo. Todas habían informado oportunamente su condición a los empleadores, pero fueron despedidas sin autorización del Ministerio del Trabajo.",CST Art. 239 numeral 2,positivo,1,T-014/26
"Tres mujeres fueron desvinculadas de sus trabajos: una cuando estaba lactando (su bebé tenía 6 meses), otra desvinculada dos veces (embarazada primero, y luego cuando su hija tenía 4 meses), y una tercera durante el embarazo. Todas habían informado oportunamente su condición a los empleadores, pero fueron despedidas sin autorización del Ministerio del Trabajo.",CST Art. 236,negativo_facil,0,T-014/26
"Tres mujeres fueron desvinculadas de sus trabajos: una cuando estaba lactando (su bebé tenía 6 meses), otra desvinculada dos veces (embarazada primero, y luego cuando su hija tenía 4 meses), y una tercera durante el embarazo. Todas habían informado oportunamente su condición a los empleadores, pero fueron despedidas sin autorización del Ministerio del Trabajo.",CST Art. 240,negativo_dificil_placeholder,0,T-014/26
"Esta es una sentencia de unificación de jurisprudencia (SU070/13) que establece las reglas generales sobre protección laboral de mujeres embarazadas, no resuelve un caso particular de despido sino que unifica criterios jurisprudenciales sobre cómo proteger a trabajadoras gestantes en distintos tipos de contrato.",CST Art. 239,positivo,1,SU-070/13
"Esta es una sentencia de unificación de jurisprudencia (SU070/13) que establece las reglas generales sobre protección laboral de mujeres embarazadas, no resuelve un caso particular de despido sino que unifica criterios jurisprudenciales sobre cómo proteger a trabajadoras gestantes en distintos tipos de contrato.",CST Art. 240,positivo,1,SU-070/13
"Esta es una sentencia de unificación de jurisprudencia (SU070/13) que establece las reglas generales sobre protección laboral de mujeres embarazadas, no resuelve un caso particular de despido sino que unifica criterios jurisprudenciales sobre cómo proteger a trabajadoras gestantes en distintos tipos de contrato.",Constitución Política Art. 43,positivo,1,SU-070/13
"Esta es una sentencia de unificación de jurisprudencia (SU070/13) que establece las reglas generales sobre protección laboral de mujeres embarazadas, no resuelve un caso particular de despido sino que unifica criterios jurisprudenciales sobre cómo proteger a trabajadoras gestantes en distintos tipos de contrato.",Constitución Política Art. 53,positivo,1,SU-070/13
"Esta es una sentencia de unificación de jurisprudencia (SU070/13) que establece las reglas generales sobre protección laboral de mujeres embarazadas, no resuelve un caso particular de despido sino que unifica criterios jurisprudenciales sobre cómo proteger a trabajadoras gestantes en distintos tipos de contrato.",CST Art. 236,negativo_facil,0,SU-070/13
"Esta es una sentencia de unificación de jurisprudencia (SU070/13) que establece las reglas generales sobre protección laboral de mujeres embarazadas, no resuelve un caso particular de despido sino que unifica criterios jurisprudenciales sobre cómo proteger a trabajadoras gestantes en distintos tipos de contrato.",CST Art. 241,negativo_dificil_placeholder,0,SU-070/13
"Me despidieron de Helicol después de 9 años trabajando, sin saber que estaba embarazada. Les avisé 17 días después del despido que tenía 4 semanas de embarazo. También tenía problemas de salud (tendinitis) por el trabajo. En otro caso, la EPS me negó la licencia de maternidad porque no cumplí las semanas cotizadas.",CP Art. 43,positivo,1,T-092/16
"Me despidieron de Helicol después de 9 años trabajando, sin saber que estaba embarazada. Les avisé 17 días después del despido que tenía 4 semanas de embarazo. También tenía problemas de salud (tendinitis) por el trabajo. En otro caso, la EPS me negó la licencia de maternidad porque no cumplí las semanas cotizadas.",CP Art. 50,positivo,1,T-092/16
"Me despidieron de Helicol después de 9 años trabajando, sin saber que estaba embarazada. Les avisé 17 días después del despido que tenía 4 semanas de embarazo. También tenía problemas de salud (tendinitis) por el trabajo. En otro caso, la EPS me negó la licencia de maternidad porque no cumplí las semanas cotizadas.",CST Art. 64,positivo,1,T-092/16
"Me despidieron de Helicol después de 9 años trabajando, sin saber que estaba embarazada. Les avisé 17 días después del despido que tenía 4 semanas de embarazo. También tenía problemas de salud (tendinitis) por el trabajo. En otro caso, la EPS me negó la licencia de maternidad porque no cumplí las semanas cotizadas.",CST Art. 236,negativo_facil,0,T-092/16
"Me despidieron de Helicol después de 9 años trabajando, sin saber que estaba embarazada. Les avisé 17 días después del despido que tenía 4 semanas de embarazo. También tenía problemas de salud (tendinitis) por el trabajo. En otro caso, la EPS me negó la licencia de maternidad porque no cumplí las semanas cotizadas.",CST Art. 239,negativo_dificil_placeholder,0,T-092/16
"Trabajé como administradora en la avícola de mi pareja desde enero de 2023, pero él nunca me pagó salario, solo me daba alimentos y la cuota de nuestro hijo. Cuando le dije que estaba embarazada en abril de 2023, me despidió diciéndome que no volviera al local y que ese hijo no era suyo.",CST Art. 23,positivo,1,T-189/24
"Trabajé como administradora en la avícola de mi pareja desde enero de 2023, pero él nunca me pagó salario, solo me daba alimentos y la cuota de nuestro hijo. Cuando le dije que estaba embarazada en abril de 2023, me despidió diciéndome que no volviera al local y que ese hijo no era suyo.",CST Art. 239,positivo,1,T-189/24
"Trabajé como administradora en la avícola de mi pareja desde enero de 2023, pero él nunca me pagó salario, solo me daba alimentos y la cuota de nuestro hijo. Cuando le dije que estaba embarazada en abril de 2023, me despidió diciéndome que no volviera al local y que ese hijo no era suyo.","Ley 1822 de 2017, Art. 2",positivo,1,T-189/24
"Trabajé como administradora en la avícola de mi pareja desde enero de 2023, pero él nunca me pagó salario, solo me daba alimentos y la cuota de nuestro hijo. Cuando le dije que estaba embarazada en abril de 2023, me despidió diciéndome que no volviera al local y que ese hijo no era suyo.",CST Art. 236,negativo_facil,0,T-189/24
"Trabajé como administradora en la avícola de mi pareja desde enero de 2023, pero él nunca me pagó salario, solo me daba alimentos y la cuota de nuestro hijo. Cuando le dije que estaba embarazada en abril de 2023, me despidió diciéndome que no volviera al local y que ese hijo no era suyo.",CST Art. 127,negativo_dificil_placeholder,0,T-189/24
"Trabajé como docente en un jardín infantil con contratos a término fijo en 2017 y 2018. Me dijeron que renovarían mi contrato para 2019, me pidieron tallas para el uniforme, pero cuando les conté que estaba embarazada (el embarazo inició en noviembre 2018, pero me enteré en enero 2019), no me renovaron el contrato y me sacaron del grupo de WhatsApp.",CST Art. 239,positivo,1,T-043/20
"Trabajé como docente en un jardín infantil con contratos a término fijo en 2017 y 2018. Me dijeron que renovarían mi contrato para 2019, me pidieron tallas para el uniforme, pero cuando les conté que estaba embarazada (el embarazo inició en noviembre 2018, pero me enteré en enero 2019), no me renovaron el contrato y me sacaron del grupo de WhatsApp.",CST Art. 240,positivo,1,T-043/20
"Trabajé como docente en un jardín infantil con contratos a término fijo en 2017 y 2018. Me dijeron que renovarían mi contrato para 2019, me pidieron tallas para el uniforme, pero cuando les conté que estaba embarazada (el embarazo inició en noviembre 2018, pero me enteré en enero 2019), no me renovaron el contrato y me sacaron del grupo de WhatsApp.",Ley 1822 de 2017,positivo,1,T-043/20
"Trabajé como docente en un jardín infantil con contratos a término fijo en 2017 y 2018. Me dijeron que renovarían mi contrato para 2019, me pidieron tallas para el uniforme, pero cuando les conté que estaba embarazada (el embarazo inició en noviembre 2018, pero me enteré en enero 2019), no me renovaron el contrato y me sacaron del grupo de WhatsApp.",CST Art. 236,negativo_facil,0,T-043/20
"Trabajé como docente en un jardín infantil con contratos a término fijo en 2017 y 2018. Me dijeron que renovarían mi contrato para 2019, me pidieron tallas para el uniforme, pero cuando les conté que estaba embarazada (el embarazo inició en noviembre 2018, pero me enteré en enero 2019), no me renovaron el contrato y me sacaron del grupo de WhatsApp.",CST Art. 46,negativo_dificil_placeholder,0,T-043/20
"Me trasladaron de Popayán a Florencia (Caquetá) mediante resolución administrativa, pero padezco úlcera duodenal con hemorragias, hipertensión arterial, cardiopatía y me operaron de urgencia por colecistitis. En Florencia no hay centro hospitalario ni médicos especializados para mi tratamiento permanente, además me separaron de mi familia en pleno año escolar de mis hijos.",Constitución Política Art. 25,positivo,1,T-483/93
"Me trasladaron de Popayán a Florencia (Caquetá) mediante resolución administrativa, pero padezco úlcera duodenal con hemorragias, hipertensión arterial, cardiopatía y me operaron de urgencia por colecistitis. En Florencia no hay centro hospitalario ni médicos especializados para mi tratamiento permanente, además me separaron de mi familia en pleno año escolar de mis hijos.",CST Art. 236,negativo_facil,0,T-483/93
"Me trasladaron de Popayán a Florencia (Caquetá) mediante resolución administrativa, pero padezco úlcera duodenal con hemorragias, hipertensión arterial, cardiopatía y me operaron de urgencia por colecistitis. En Florencia no hay centro hospitalario ni médicos especializados para mi tratamiento permanente, además me separaron de mi familia en pleno año escolar de mis hijos.",Código Sustantivo del Trabajo Art. 105 - Traslado del trabajador,negativo_dificil_placeholder,0,T-483/93
"Trabajé como 30 años en Indurrajes S.A. La empresa nos ofreció un plan de retiro anticipado que rechazamos porque estábamos cerca de pensionarnos. Como no aceptamos, nos pusieron en licencia remunerada indefinida desde julio de 2000, nos quitaron el trabajo pero nos siguen pagando mensual en vez de semanal.","Constitución Política, Art. 25",positivo,1,T-611/01
"Trabajé como 30 años en Indurrajes S.A. La empresa nos ofreció un plan de retiro anticipado que rechazamos porque estábamos cerca de pensionarnos. Como no aceptamos, nos pusieron en licencia remunerada indefinida desde julio de 2000, nos quitaron el trabajo pero nos siguen pagando mensual en vez de semanal.","Constitución Política, Art. 53",positivo,1,T-611/01
"Trabajé como 30 años en Indurrajes S.A. La empresa nos ofreció un plan de retiro anticipado que rechazamos porque estábamos cerca de pensionarnos. Como no aceptamos, nos pusieron en licencia remunerada indefinida desde julio de 2000, nos quitaron el trabajo pero nos siguen pagando mensual en vez de semanal.",CST Art. 236,negativo_facil,0,T-611/01
"Trabajé como 30 años en Indurrajes S.A. La empresa nos ofreció un plan de retiro anticipado que rechazamos porque estábamos cerca de pensionarnos. Como no aceptamos, nos pusieron en licencia remunerada indefinida desde julio de 2000, nos quitaron el trabajo pero nos siguen pagando mensual en vez de semanal.","Código Sustantivo del Trabajo, Art. 186 - Suspensión del contrato de trabajo",negativo_dificil_placeholder,0,T-611/01
Trabajé como vendedora de chorizos en un carro dentro de las instalaciones de Carnecol. Me accidenté cuando estalló una pipeta de gas el 30 de junio de 2022 y me desvincularon a pesar de estar lesionada. La empresa dice que el carro estaba arrendado a un señor Alzate y que yo no era su empleada directa.,CST Art. 34,positivo,1,T-550/23
Trabajé como vendedora de chorizos en un carro dentro de las instalaciones de Carnecol. Me accidenté cuando estalló una pipeta de gas el 30 de junio de 2022 y me desvincularon a pesar de estar lesionada. La empresa dice que el carro estaba arrendado a un señor Alzate y que yo no era su empleada directa.,CST Art. 236,negativo_facil,0,T-550/23
Trabajé como vendedora de chorizos en un carro dentro de las instalaciones de Carnecol. Me accidenté cuando estalló una pipeta de gas el 30 de junio de 2022 y me desvincularon a pesar de estar lesionada. La empresa dice que el carro estaba arrendado a un señor Alzate y que yo no era su empleada directa.,CST Art. 36,negativo_dificil_placeholder,0,T-550/23
"Trabajé como digitador desde 1998, tuve un accidente laboral en julio de 2003 cuando me cayó una máquina de escribir en las manos. Desarrollé síndrome de túnel carpiano y problemas cervicales. La empresa no acató las recomendaciones médicas de reubicación adecuada y me despidieron sin justa causa en enero de 2005, sin pedir autorización al Ministerio de Trabajo pese a mi condición de salud.",Ley 361 de 1997,positivo,1,T-198/06
"Trabajé como digitador desde 1998, tuve un accidente laboral en julio de 2003 cuando me cayó una máquina de escribir en las manos. Desarrollé síndrome de túnel carpiano y problemas cervicales. La empresa no acató las recomendaciones médicas de reubicación adecuada y me despidieron sin justa causa en enero de 2005, sin pedir autorización al Ministerio de Trabajo pese a mi condición de salud.",CST Art. 236,negativo_facil,0,T-198/06
"Trabajé como digitador desde 1998, tuve un accidente laboral en julio de 2003 cuando me cayó una máquina de escribir en las manos. Desarrollé síndrome de túnel carpiano y problemas cervicales. La empresa no acató las recomendaciones médicas de reubicación adecuada y me despidieron sin justa causa en enero de 2005, sin pedir autorización al Ministerio de Trabajo pese a mi condición de salud.",Artículo 62 del Código Sustantivo del Trabajo,negativo_dificil_placeholder,0,T-198/06
"Me despidieron el 30 de abril de 2018 sin justa causa, apenas 5 días después de que le avisé a mi jefe por WhatsApp que tenía cáncer de seno. Yo trabajaba como Directora de Alimentos y Bebidas desde agosto de 2017. La empresa sabía de mi diagnóstico pero me echaron sin pedir permiso al Ministerio de Trabajo.","Ley 361 de 1997, Art. 26",positivo,1,T-118/19
"Me despidieron el 30 de abril de 2018 sin justa causa, apenas 5 días después de que le avisé a mi jefe por WhatsApp que tenía cáncer de seno. Yo trabajaba como Directora de Alimentos y Bebidas desde agosto de 2017. La empresa sabía de mi diagnóstico pero me echaron sin pedir permiso al Ministerio de Trabajo.",CST Art. 236,negativo_facil,0,T-118/19
"Me despidieron el 30 de abril de 2018 sin justa causa, apenas 5 días después de que le avisé a mi jefe por WhatsApp que tenía cáncer de seno. Yo trabajaba como Directora de Alimentos y Bebidas desde agosto de 2017. La empresa sabía de mi diagnóstico pero me echaron sin pedir permiso al Ministerio de Trabajo.","Código Sustantivo del Trabajo, Art. 62 - Terminación del contrato por justa causa",negativo_dificil_placeholder,0,T-118/19
"Me despidieron después de sufrir un accidente laboral que me causó problemas en la columna. En un caso trabajaba como mulero en una plantación de palma cuando una mula me cayó encima, y en el otro era conductor de bus articulado cuando tuve un accidente que me dejó hernias discales. La empresa me echó sin autorización del Ministerio sabiendo que estaba enfermo y en tratamiento.",CST Art. 26,positivo,1,T-521/16
"Me despidieron después de sufrir un accidente laboral que me causó problemas en la columna. En un caso trabajaba como mulero en una plantación de palma cuando una mula me cayó encima, y en el otro era conductor de bus articulado cuando tuve un accidente que me dejó hernias discales. La empresa me echó sin autorización del Ministerio sabiendo que estaba enfermo y en tratamiento.",CST Art. 236,negativo_facil,0,T-521/16
"Me despidieron después de sufrir un accidente laboral que me causó problemas en la columna. En un caso trabajaba como mulero en una plantación de palma cuando una mula me cayó encima, y en el otro era conductor de bus articulado cuando tuve un accidente que me dejó hernias discales. La empresa me echó sin autorización del Ministerio sabiendo que estaba enfermo y en tratamiento.",CST Art. 62,negativo_dificil_placeholder,0,T-521/16
"Me diagnosticaron VIH en octubre de 2021 y necesitaba controles médicos periódicos. Empecé a trabajar en noviembre de 2022 como administrador de bases de datos, la empresa conocía mi diagnóstico desde el examen pre-ocupacional, pero me ponían trabas para asistir a citas médicas y me exigían reponer el tiempo. Me despidieron en agosto de 2023 sin autorización del Ministerio del Trabajo.","Ley 361 de 1997, Art. 26",positivo,1,T-320/24
"Me diagnosticaron VIH en octubre de 2021 y necesitaba controles médicos periódicos. Empecé a trabajar en noviembre de 2022 como administrador de bases de datos, la empresa conocía mi diagnóstico desde el examen pre-ocupacional, pero me ponían trabas para asistir a citas médicas y me exigían reponer el tiempo. Me despidieron en agosto de 2023 sin autorización del Ministerio del Trabajo.",CST Art. 236,negativo_facil,0,T-320/24
"Me diagnosticaron VIH en octubre de 2021 y necesitaba controles médicos periódicos. Empecé a trabajar en noviembre de 2022 como administrador de bases de datos, la empresa conocía mi diagnóstico desde el examen pre-ocupacional, pero me ponían trabas para asistir a citas médicas y me exigían reponer el tiempo. Me despidieron en agosto de 2023 sin autorización del Ministerio del Trabajo.","Código Sustantivo del Trabajo, Art. 62 - Terminación del contrato por justa causa",negativo_dificil_placeholder,0,T-320/24
"Trabajé casi 5 años como operaria de máquinas troqueladoras y selladoras en una fábrica de bolsas plásticas. En noviembre de 2018 me diagnosticaron síndrome del túnel del carpo severo bilateral por los movimientos repetitivos. Mis jefes me acosaron diciéndome que no les servía porque perdían dinero con mis incapacidades y terapias, me hicieron firmar contratos con diferentes empleadores para evadir responsabilidades, y finalmente me despidieron en diciembre de 2019 sin autorización del inspector de trabajo. Además, la empresa se negó a entregar el análisis de puesto de trabajo que necesitaba la Junta de Calificación para determinar si mi enfermedad era laboral.",Ley 361 de 1997,positivo,1,T-195/22
"Trabajé casi 5 años como operaria de máquinas troqueladoras y selladoras en una fábrica de bolsas plásticas. En noviembre de 2018 me diagnosticaron síndrome del túnel del carpo severo bilateral por los movimientos repetitivos. Mis jefes me acosaron diciéndome que no les servía porque perdían dinero con mis incapacidades y terapias, me hicieron firmar contratos con diferentes empleadores para evadir responsabilidades, y finalmente me despidieron en diciembre de 2019 sin autorización del inspector de trabajo. Además, la empresa se negó a entregar el análisis de puesto de trabajo que necesitaba la Junta de Calificación para determinar si mi enfermedad era laboral.","Decreto 2463 de 2001, Art. 10 parágrafo 1",positivo,1,T-195/22
"Trabajé casi 5 años como operaria de máquinas troqueladoras y selladoras en una fábrica de bolsas plásticas. En noviembre de 2018 me diagnosticaron síndrome del túnel del carpo severo bilateral por los movimientos repetitivos. Mis jefes me acosaron diciéndome que no les servía porque perdían dinero con mis incapacidades y terapias, me hicieron firmar contratos con diferentes empleadores para evadir responsabilidades, y finalmente me despidieron en diciembre de 2019 sin autorización del inspector de trabajo. Además, la empresa se negó a entregar el análisis de puesto de trabajo que necesitaba la Junta de Calificación para determinar si mi enfermedad era laboral.",CST Art. 236,negativo_facil,0,T-195/22
"Trabajé casi 5 años como operaria de máquinas troqueladoras y selladoras en una fábrica de bolsas plásticas. En noviembre de 2018 me diagnosticaron síndrome del túnel del carpo severo bilateral por los movimientos repetitivos. Mis jefes me acosaron diciéndome que no les servía porque perdían dinero con mis incapacidades y terapias, me hicieron firmar contratos con diferentes empleadores para evadir responsabilidades, y finalmente me despidieron en diciembre de 2019 sin autorización del inspector de trabajo. Además, la empresa se negó a entregar el análisis de puesto de trabajo que necesitaba la Junta de Calificación para determinar si mi enfermedad era laboral.","Código Sustantivo del Trabajo, Artículo 62 - Terminación del contrato por justa causa",negativo_dificil_placeholder,0,T-195/22
"Trabajé 23 años como guarda de seguridad y desde 2013 empecé a tener problemas de audición y vista (glaucoma). Luego me diagnosticaron ansiedad, depresión e insomnio. En noviembre de 2024 me despidieron sin justa causa alegando 'políticas empresariales', aunque la empresa conocía mi estado de salud y mis restricciones médicas.","Ley 361 de 1997, Art. 26",positivo,1,T-311/25
"Trabajé 23 años como guarda de seguridad y desde 2013 empecé a tener problemas de audición y vista (glaucoma). Luego me diagnosticaron ansiedad, depresión e insomnio. En noviembre de 2024 me despidieron sin justa causa alegando 'políticas empresariales', aunque la empresa conocía mi estado de salud y mis restricciones médicas.",CST Art. 236,negativo_facil,0,T-311/25
"Trabajé 23 años como guarda de seguridad y desde 2013 empecé a tener problemas de audición y vista (glaucoma). Luego me diagnosticaron ansiedad, depresión e insomnio. En noviembre de 2024 me despidieron sin justa causa alegando 'políticas empresariales', aunque la empresa conocía mi estado de salud y mis restricciones médicas.","Código Sustantivo del Trabajo, Artículo 62 - Terminación del contrato por justa causa",negativo_dificil_placeholder,0,T-311/25
"Trabajé como operador de carga y en 2012 tuve un accidente común que me lesionó el brazo izquierdo. Me dieron incapacidades consecutivas por más de 180 días y en abril de 2013 me despidieron sin autorización del inspector de trabajo, argumentando que mi incapacidad superaba los 180 días según el artículo 62.15 del Código Sustantivo del Trabajo.","Ley 361 de 1997, Art. 26",positivo,1,SU-348/22
"Trabajé como operador de carga y en 2012 tuve un accidente común que me lesionó el brazo izquierdo. Me dieron incapacidades consecutivas por más de 180 días y en abril de 2013 me despidieron sin autorización del inspector de trabajo, argumentando que mi incapacidad superaba los 180 días según el artículo 62.15 del Código Sustantivo del Trabajo.","Ley 361 de 1997, Art. 5",positivo,1,SU-348/22
"Trabajé como operador de carga y en 2012 tuve un accidente común que me lesionó el brazo izquierdo. Me dieron incapacidades consecutivas por más de 180 días y en abril de 2013 me despidieron sin autorización del inspector de trabajo, argumentando que mi incapacidad superaba los 180 días según el artículo 62.15 del Código Sustantivo del Trabajo.",CST Art. 62.15,positivo,1,SU-348/22
"Trabajé como operador de carga y en 2012 tuve un accidente común que me lesionó el brazo izquierdo. Me dieron incapacidades consecutivas por más de 180 días y en abril de 2013 me despidieron sin autorización del inspector de trabajo, argumentando que mi incapacidad superaba los 180 días según el artículo 62.15 del Código Sustantivo del Trabajo.",CST Art. 236,negativo_facil,0,SU-348/22
"Trabajé como operador de carga y en 2012 tuve un accidente común que me lesionó el brazo izquierdo. Me dieron incapacidades consecutivas por más de 180 días y en abril de 2013 me despidieron sin autorización del inspector de trabajo, argumentando que mi incapacidad superaba los 180 días según el artículo 62.15 del Código Sustantivo del Trabajo.",CST Art. 58 - Justa causa de terminación del contrato por parte del empleador,negativo_dificil_placeholder,0,SU-348/22
"Trabajé como músico violista desde 2006 hasta que me despidieron en mayo de 2012. Durante mi trabajo desarrollé síndrome del túnel del carpo bilateral, bursitis de hombro, discopatía cervical, ansiedad y depresión. Mi empleador sabía de mi condición de salud porque estaba pendiente la calificación de pérdida de capacidad laboral, pero me despidieron sin pedir autorización al inspector de trabajo, justo el día que la EPS certificó que mis enfermedades eran de origen profesional.","Ley 361 de 1997, Art. 26",positivo,1,SU-213/24
"Trabajé como músico violista desde 2006 hasta que me despidieron en mayo de 2012. Durante mi trabajo desarrollé síndrome del túnel del carpo bilateral, bursitis de hombro, discopatía cervical, ansiedad y depresión. Mi empleador sabía de mi condición de salud porque estaba pendiente la calificación de pérdida de capacidad laboral, pero me despidieron sin pedir autorización al inspector de trabajo, justo el día que la EPS certificó que mis enfermedades eran de origen profesional.",CST Art. 236,negativo_facil,0,SU-213/24
"Trabajé como músico violista desde 2006 hasta que me despidieron en mayo de 2012. Durante mi trabajo desarrollé síndrome del túnel del carpo bilateral, bursitis de hombro, discopatía cervical, ansiedad y depresión. Mi empleador sabía de mi condición de salud porque estaba pendiente la calificación de pérdida de capacidad laboral, pero me despidieron sin pedir autorización al inspector de trabajo, justo el día que la EPS certificó que mis enfermedades eran de origen profesional.","Código Sustantivo del Trabajo, Art. 62 - Terminación del contrato por justa causa",negativo_dificil_placeholder,0,SU-213/24
"Trabajé como odontóloga desde el año 2000. Sufrí dos accidentes laborales que me causaron una enfermedad profesional en la mano derecha (Tenosinovitis). Me calificaron con 11,34% de pérdida de capacidad laboral. En 2011 me despidieron sin pedir permiso al Ministerio del Trabajo, a pesar de que el empleador conocía mi condición de salud y las incapacidades que había tenido.","Ley 361 de 1997, Art. 26",positivo,1,SU-428/23
"Trabajé como odontóloga desde el año 2000. Sufrí dos accidentes laborales que me causaron una enfermedad profesional en la mano derecha (Tenosinovitis). Me calificaron con 11,34% de pérdida de capacidad laboral. En 2011 me despidieron sin pedir permiso al Ministerio del Trabajo, a pesar de que el empleador conocía mi condición de salud y las incapacidades que había tenido.",CST Art. 13,positivo,1,SU-428/23
"Trabajé como odontóloga desde el año 2000. Sufrí dos accidentes laborales que me causaron una enfermedad profesional en la mano derecha (Tenosinovitis). Me calificaron con 11,34% de pérdida de capacidad laboral. En 2011 me despidieron sin pedir permiso al Ministerio del Trabajo, a pesar de que el empleador conocía mi condición de salud y las incapacidades que había tenido.",CST Art. 53,positivo,1,SU-428/23
"Trabajé como odontóloga desde el año 2000. Sufrí dos accidentes laborales que me causaron una enfermedad profesional en la mano derecha (Tenosinovitis). Me calificaron con 11,34% de pérdida de capacidad laboral. En 2011 me despidieron sin pedir permiso al Ministerio del Trabajo, a pesar de que el empleador conocía mi condición de salud y las incapacidades que había tenido.",CST Art. 236,negativo_facil,0,SU-428/23
"Trabajé como odontóloga desde el año 2000. Sufrí dos accidentes laborales que me causaron una enfermedad profesional en la mano derecha (Tenosinovitis). Me calificaron con 11,34% de pérdida de capacidad laboral. En 2011 me despidieron sin pedir permiso al Ministerio del Trabajo, a pesar de que el empleador conocía mi condición de salud y las incapacidades que había tenido.",CST Art. 62,negativo_dificil_placeholder,0,SU-428/23
"Trabajé desde 1990 en Casa Azul y desde 2018 el nuevo jefe me aumentó la carga laboral, lo que me causó ansiedad y depresión. Me diagnosticaron trastorno de ansiedad generalizada y trastorno delirante. Estaba en tratamiento médico cuando me despidieron en 2022 sin que pidieran permiso al Ministerio del Trabajo.",CST Art. 26,positivo,1,T-381/23
"Trabajé desde 1990 en Casa Azul y desde 2018 el nuevo jefe me aumentó la carga laboral, lo que me causó ansiedad y depresión. Me diagnosticaron trastorno de ansiedad generalizada y trastorno delirante. Estaba en tratamiento médico cuando me despidieron en 2022 sin que pidieran permiso al Ministerio del Trabajo.",CST Art. 236,negativo_facil,0,T-381/23
"Trabajé desde 1990 en Casa Azul y desde 2018 el nuevo jefe me aumentó la carga laboral, lo que me causó ansiedad y depresión. Me diagnosticaron trastorno de ansiedad generalizada y trastorno delirante. Estaba en tratamiento médico cuando me despidieron en 2022 sin que pidieran permiso al Ministerio del Trabajo.",CST Art. 62,negativo_dificil_placeholder,0,T-381/23
"Trabajé como obrero en varios contratos por obra o labor. En julio de 2022 tuve un accidente laboral que me causó lumbago y luego me diagnosticaron ansiedad generalizada y estrés postraumático. Estaba en tratamiento médico y psicológico cuando me despidieron en febrero de 2023 sin autorización del inspector de trabajo, a pesar de que la empresa sabía de mis problemas de salud.",Ley 361 de 1997,positivo,1,T-076/24
"Trabajé como obrero en varios contratos por obra o labor. En julio de 2022 tuve un accidente laboral que me causó lumbago y luego me diagnosticaron ansiedad generalizada y estrés postraumático. Estaba en tratamiento médico y psicológico cuando me despidieron en febrero de 2023 sin autorización del inspector de trabajo, a pesar de que la empresa sabía de mis problemas de salud.",CST Art. 236,negativo_facil,0,T-076/24
"Trabajé como obrero en varios contratos por obra o labor. En julio de 2022 tuve un accidente laboral que me causó lumbago y luego me diagnosticaron ansiedad generalizada y estrés postraumático. Estaba en tratamiento médico y psicológico cuando me despidieron en febrero de 2023 sin autorización del inspector de trabajo, a pesar de que la empresa sabía de mis problemas de salud.",Artículo 62 del Código Sustantivo del Trabajo,negativo_dificil_placeholder,0,T-076/24
"Me diagnosticaron cáncer de mama mientras trabajaba como médica bajo contratos de prestación de servicios con la Clínica de la Policía. A pesar de que mis jefes sabían de mi enfermedad y que tenía incapacidad vigente, no me renovaron el contrato cuando venció el 31 de mayo de 2023, sin pedir autorización al Ministerio del Trabajo.","Ley 361 de 1997, Art. 26",positivo,1,T-326/24
"Me diagnosticaron cáncer de mama mientras trabajaba como médica bajo contratos de prestación de servicios con la Clínica de la Policía. A pesar de que mis jefes sabían de mi enfermedad y que tenía incapacidad vigente, no me renovaron el contrato cuando venció el 31 de mayo de 2023, sin pedir autorización al Ministerio del Trabajo.",CST Art. 236,negativo_facil,0,T-326/24
"Me diagnosticaron cáncer de mama mientras trabajaba como médica bajo contratos de prestación de servicios con la Clínica de la Policía. A pesar de que mis jefes sabían de mi enfermedad y que tenía incapacidad vigente, no me renovaron el contrato cuando venció el 31 de mayo de 2023, sin pedir autorización al Ministerio del Trabajo.","Código Sustantivo del Trabajo, Art. 62",negativo_dificil_placeholder,0,T-326/24
"Trabajé como notificador desde 1987 hasta 2011, cuando me desvincularon por obtener calificación insatisfactoria. Sufro de epilepsia y creo que mi enfermedad influyó en la calificación negativa. Interpuse recurso pero la juez dijo que no sabía de mi condición, aunque yo afirmo que todos en el juzgado lo sabían.","Ley 361 de 1997, Art. 26",positivo,1,T-148/12
"Trabajé como notificador desde 1987 hasta 2011, cuando me desvincularon por obtener calificación insatisfactoria. Sufro de epilepsia y creo que mi enfermedad influyó en la calificación negativa. Interpuse recurso pero la juez dijo que no sabía de mi condición, aunque yo afirmo que todos en el juzgado lo sabían.",CST Art. 236,negativo_facil,0,T-148/12
"Trabajé como notificador desde 1987 hasta 2011, cuando me desvincularon por obtener calificación insatisfactoria. Sufro de epilepsia y creo que mi enfermedad influyó en la calificación negativa. Interpuse recurso pero la juez dijo que no sabía de mi condición, aunque yo afirmo que todos en el juzgado lo sabían.","Código Sustantivo del Trabajo, Art. 62 - Terminación del contrato por justa causa",negativo_dificil_placeholder,0,T-148/12
"Trabajé 22 años en la Terminal de Transportes de Bogotá como Técnica Administrativa. Me despidieron en agosto de 2011 cuando estaba en tratamiento por cáncer de seno y me faltaban solo dos años y medio para pensionarme. La empresa me echó sin pedir permiso al Ministerio, sabiendo que estaba enferma.",CST Art. 26,positivo,1,T-754/12
"Trabajé 22 años en la Terminal de Transportes de Bogotá como Técnica Administrativa. Me despidieron en agosto de 2011 cuando estaba en tratamiento por cáncer de seno y me faltaban solo dos años y medio para pensionarme. La empresa me echó sin pedir permiso al Ministerio, sabiendo que estaba enferma.",CST Art. 236,negativo_facil,0,T-754/12
"Trabajé 22 años en la Terminal de Transportes de Bogotá como Técnica Administrativa. Me despidieron en agosto de 2011 cuando estaba en tratamiento por cáncer de seno y me faltaban solo dos años y medio para pensionarme. La empresa me echó sin pedir permiso al Ministerio, sabiendo que estaba enferma.",CST Art. 62,negativo_dificil_placeholder,0,T-754/12
"Trabajé casi 10 años en Ecopetrol como técnico administrativo. Durante el trabajo desarrollé depresión grave y problemas dermatológicos serios. Me sentía acosada laboralmente y pedí cambio de área. Me despidieron sin justa causa el mismo día que tenía cita médica para biopsia, sin pedir autorización al Ministerio del Trabajo, aunque la empresa sabía de mis enfermedades.","Ley 361 de 1997, Art. 26",positivo,1,T-434/20
"Trabajé casi 10 años en Ecopetrol como técnico administrativo. Durante el trabajo desarrollé depresión grave y problemas dermatológicos serios. Me sentía acosada laboralmente y pedí cambio de área. Me despidieron sin justa causa el mismo día que tenía cita médica para biopsia, sin pedir autorización al Ministerio del Trabajo, aunque la empresa sabía de mis enfermedades.",CST Art. 236,negativo_facil,0,T-434/20
"Trabajé casi 10 años en Ecopetrol como técnico administrativo. Durante el trabajo desarrollé depresión grave y problemas dermatológicos serios. Me sentía acosada laboralmente y pedí cambio de área. Me despidieron sin justa causa el mismo día que tenía cita médica para biopsia, sin pedir autorización al Ministerio del Trabajo, aunque la empresa sabía de mis enfermedades.","Código Sustantivo del Trabajo, Art. 62 - Terminación del contrato por justa causa",negativo_dificil_placeholder,0,T-434/20
"Trabajamos en una empresa de fibra de vidrio que nos debe un mes de salario y tampoco ha pagado los aportes de salud y pensión desde enero hasta agosto de 1999. Nuestras familias están pasando hambre y nos ofrecieron pagarnos con muebles e inmuebles, lo que rechazamos. La empresa dice que está en quiebra.","Decreto 2591 de 1991, Art. 42",positivo,1,T-403/00
"Trabajamos en una empresa de fibra de vidrio que nos debe un mes de salario y tampoco ha pagado los aportes de salud y pensión desde enero hasta agosto de 1999. Nuestras familias están pasando hambre y nos ofrecieron pagarnos con muebles e inmuebles, lo que rechazamos. La empresa dice que está en quiebra.",CST Art. 236,negativo_facil,0,T-403/00
"Trabajamos en una empresa de fibra de vidrio que nos debe un mes de salario y tampoco ha pagado los aportes de salud y pensión desde enero hasta agosto de 1999. Nuestras familias están pasando hambre y nos ofrecieron pagarnos con muebles e inmuebles, lo que rechazamos. La empresa dice que está en quiebra.","Código Sustantivo del Trabajo, Artículo 65 - Pago en dinero efectivo",negativo_dificil_placeholder,0,T-403/00
"Trabajo en el Hospital San Juan de Dios y me deben los salarios de octubre, noviembre y diciembre de 1999, más la prima de navidad y vacaciones. El hospital dice que está en crisis económica y no puede pagar.",Constitución Política Art. 25,positivo,1,T-1128/00
"Trabajo en el Hospital San Juan de Dios y me deben los salarios de octubre, noviembre y diciembre de 1999, más la prima de navidad y vacaciones. El hospital dice que está en crisis económica y no puede pagar.",Constitución Política Art. 53,positivo,1,T-1128/00
"Trabajo en el Hospital San Juan de Dios y me deben los salarios de octubre, noviembre y diciembre de 1999, más la prima de navidad y vacaciones. El hospital dice que está en crisis económica y no puede pagar.",CST Art. 236,negativo_facil,0,T-1128/00
"Trabajo en el Hospital San Juan de Dios y me deben los salarios de octubre, noviembre y diciembre de 1999, más la prima de navidad y vacaciones. El hospital dice que está en crisis económica y no puede pagar.",Código Sustantivo del Trabajo Art. 65 - Suspensión del contrato por fuerza mayor o caso fortuito,negativo_dificil_placeholder,0,T-1128/00
"Trabajé desde 1994 como profesional jurídica en la Registraduría de Ibagué. Después de negarme a declarar como quería mi jefa en un proceso disciplinario contra su esposo, empezó a perseguirme laboralmente: me quitó funciones, me puso a hacer aseo, me insultaba y me discriminaba. Eso me enfermó de estrés grave y necesité psiquiatra y antidepresivos, pero ni la Superintendencia ni la ARP me reubicaron ni me hicieron los exámenes que pedí.",Ley 1010 de 2006,positivo,1,T-882/06
"Trabajé desde 1994 como profesional jurídica en la Registraduría de Ibagué. Después de negarme a declarar como quería mi jefa en un proceso disciplinario contra su esposo, empezó a perseguirme laboralmente: me quitó funciones, me puso a hacer aseo, me insultaba y me discriminaba. Eso me enfermó de estrés grave y necesité psiquiatra y antidepresivos, pero ni la Superintendencia ni la ARP me reubicaron ni me hicieron los exámenes que pedí.",CST Art. 236,negativo_facil,0,T-882/06
"Trabajé desde 1994 como profesional jurídica en la Registraduría de Ibagué. Después de negarme a declarar como quería mi jefa en un proceso disciplinario contra su esposo, empezó a perseguirme laboralmente: me quitó funciones, me puso a hacer aseo, me insultaba y me discriminaba. Eso me enfermó de estrés grave y necesité psiquiatra y antidepresivos, pero ni la Superintendencia ni la ARP me reubicaron ni me hicieron los exámenes que pedí.",Artículo 57 numeral 5 del Código Sustantivo del Trabajo,negativo_dificil_placeholder,0,T-882/06
"Trabajé 14 años como médico anestesiólogo en la Fundación Santa Fe. Me sancionaron con terminación definitiva de prerrogativas (me sacaron) por ausentarme temporalmente en dos turnos, supuestamente tomar cerveza y cobrar honorarios por una cirugía donde llegué tarde. Nunca me informaron formalmente de los cargos ni pude defenderme bien.","Constitución Política, Art. 29",positivo,1,T-433/98
"Trabajé 14 años como médico anestesiólogo en la Fundación Santa Fe. Me sancionaron con terminación definitiva de prerrogativas (me sacaron) por ausentarme temporalmente en dos turnos, supuestamente tomar cerveza y cobrar honorarios por una cirugía donde llegué tarde. Nunca me informaron formalmente de los cargos ni pude defenderme bien.",CST Art. 236,negativo_facil,0,T-433/98
"Trabajé 14 años como médico anestesiólogo en la Fundación Santa Fe. Me sancionaron con terminación definitiva de prerrogativas (me sacaron) por ausentarme temporalmente en dos turnos, supuestamente tomar cerveza y cobrar honorarios por una cirugía donde llegué tarde. Nunca me informaron formalmente de los cargos ni pude defenderme bien.","Código Sustantivo del Trabajo, Art. 62 - Terminación del contrato por justa causa",negativo_dificil_placeholder,0,T-433/98
"Trabajé 23 años como ayudante de conmutación en Telehuila. Me despidieron porque dijeron que llegué en estado de embriaguez y con mala higiene, y que no me presenté a trabajar otros días sin permiso. Me hicieron audiencia de descargos y luego me notificaron la terminación del contrato por justa causa.",CST Art. 64,positivo,1,T-546/00
"Trabajé 23 años como ayudante de conmutación en Telehuila. Me despidieron porque dijeron que llegué en estado de embriaguez y con mala higiene, y que no me presenté a trabajar otros días sin permiso. Me hicieron audiencia de descargos y luego me notificaron la terminación del contrato por justa causa.",CST Art. 236,negativo_facil,0,T-546/00
"Trabajé 23 años como ayudante de conmutación en Telehuila. Me despidieron porque dijeron que llegué en estado de embriaguez y con mala higiene, y que no me presenté a trabajar otros días sin permiso. Me hicieron audiencia de descargos y luego me notificaron la terminación del contrato por justa causa.",CST Art. 62,negativo_dificil_placeholder,0,T-546/00
"Trabajé 12 años en la empresa, me diagnosticaron cáncer de estómago y después de estar incapacitado 6 meses me reintegré. Unos días después de firmarse la convención colectiva del sindicato al que pertenezco, me despidieron junto a otras 6 personas (varias con enfermedades) diciendo que cometí faltas al reglamento, pero nunca tuve llamados de atención ni me dejaron defenderme.",CP Art. 29,positivo,1,T-385/06
"Trabajé 12 años en la empresa, me diagnosticaron cáncer de estómago y después de estar incapacitado 6 meses me reintegré. Unos días después de firmarse la convención colectiva del sindicato al que pertenezco, me despidieron junto a otras 6 personas (varias con enfermedades) diciendo que cometí faltas al reglamento, pero nunca tuve llamados de atención ni me dejaron defenderme.",CST Art. 62 parágrafo,positivo,1,T-385/06
"Trabajé 12 años en la empresa, me diagnosticaron cáncer de estómago y después de estar incapacitado 6 meses me reintegré. Unos días después de firmarse la convención colectiva del sindicato al que pertenezco, me despidieron junto a otras 6 personas (varias con enfermedades) diciendo que cometí faltas al reglamento, pero nunca tuve llamados de atención ni me dejaron defenderme.",CST Art. 236,negativo_facil,0,T-385/06
"Trabajé 12 años en la empresa, me diagnosticaron cáncer de estómago y después de estar incapacitado 6 meses me reintegré. Unos días después de firmarse la convención colectiva del sindicato al que pertenezco, me despidieron junto a otras 6 personas (varias con enfermedades) diciendo que cometí faltas al reglamento, pero nunca tuve llamados de atención ni me dejaron defenderme.",CST Art. 58,negativo_dificil_placeholder,0,T-385/06
"Trabajé desde abril de 2012 en el Banco Agrario con contrato a término indefinido. En febrero de 2015 me notificaron que cumplía requisitos para pensionarme y que iniciara el trámite. Dos meses después, en abril de 2015, me despidieron por 'expiración del plazo presuntivo' cuando tenía 62 años y me faltaban menos de 3 años para completar las semanas requeridas para pensionarme.","Ley 100 de 1993, Art. 33",positivo,1,T-357/16
"Trabajé desde abril de 2012 en el Banco Agrario con contrato a término indefinido. En febrero de 2015 me notificaron que cumplía requisitos para pensionarme y que iniciara el trámite. Dos meses después, en abril de 2015, me despidieron por 'expiración del plazo presuntivo' cuando tenía 62 años y me faltaban menos de 3 años para completar las semanas requeridas para pensionarme.","Decreto 2127 de 1945, Art. 40",positivo,1,T-357/16
"Trabajé desde abril de 2012 en el Banco Agrario con contrato a término indefinido. En febrero de 2015 me notificaron que cumplía requisitos para pensionarme y que iniciara el trámite. Dos meses después, en abril de 2015, me despidieron por 'expiración del plazo presuntivo' cuando tenía 62 años y me faltaban menos de 3 años para completar las semanas requeridas para pensionarme.","Decreto 2127 de 1945, Art. 43",positivo,1,T-357/16
"Trabajé desde abril de 2012 en el Banco Agrario con contrato a término indefinido. En febrero de 2015 me notificaron que cumplía requisitos para pensionarme y que iniciara el trámite. Dos meses después, en abril de 2015, me despidieron por 'expiración del plazo presuntivo' cuando tenía 62 años y me faltaban menos de 3 años para completar las semanas requeridas para pensionarme.","Decreto 2127 de 1945, Art. 47 literal a)",positivo,1,T-357/16
"Trabajé desde abril de 2012 en el Banco Agrario con contrato a término indefinido. En febrero de 2015 me notificaron que cumplía requisitos para pensionarme y que iniciara el trámite. Dos meses después, en abril de 2015, me despidieron por 'expiración del plazo presuntivo' cuando tenía 62 años y me faltaban menos de 3 años para completar las semanas requeridas para pensionarme.","Ley 797 de 2003, Art. 9",positivo,1,T-357/16
"Trabajé desde abril de 2012 en el Banco Agrario con contrato a término indefinido. En febrero de 2015 me notificaron que cumplía requisitos para pensionarme y que iniciara el trámite. Dos meses después, en abril de 2015, me despidieron por 'expiración del plazo presuntivo' cuando tenía 62 años y me faltaban menos de 3 años para completar las semanas requeridas para pensionarme.",CST Art. 236,negativo_facil,0,T-357/16
"Trabajé desde abril de 2012 en el Banco Agrario con contrato a término indefinido. En febrero de 2015 me notificaron que cumplía requisitos para pensionarme y que iniciara el trámite. Dos meses después, en abril de 2015, me despidieron por 'expiración del plazo presuntivo' cuando tenía 62 años y me faltaban menos de 3 años para completar las semanas requeridas para pensionarme.","Código Sustantivo del Trabajo, Art. 61 - Terminación del contrato por justa causa",negativo_dificil_placeholder,0,T-357/16
"Trabajé desde enero de 2013 como auxiliar de alimentos con contrato a término fijo. En septiembre de 2014 tuve un accidente laboral que me lesionó la columna, me incapacitaron varias veces por dolores lumbares. En junio de 2015 me despidieron alegando que no me presenté a trabajar ni envié incapacidades, pero yo sí las mandé por correo electrónico. Me despidieron estando enferma y sin autorización del Ministerio.",Ley 361 de 1997,positivo,1,T-320/16
"Trabajé desde enero de 2013 como auxiliar de alimentos con contrato a término fijo. En septiembre de 2014 tuve un accidente laboral que me lesionó la columna, me incapacitaron varias veces por dolores lumbares. En junio de 2015 me despidieron alegando que no me presenté a trabajar ni envié incapacidades, pero yo sí las mandé por correo electrónico. Me despidieron estando enferma y sin autorización del Ministerio.",CST Art. 236,negativo_facil,0,T-320/16
"Trabajé desde enero de 2013 como auxiliar de alimentos con contrato a término fijo. En septiembre de 2014 tuve un accidente laboral que me lesionó la columna, me incapacitaron varias veces por dolores lumbares. En junio de 2015 me despidieron alegando que no me presenté a trabajar ni envié incapacidades, pero yo sí las mandé por correo electrónico. Me despidieron estando enferma y sin autorización del Ministerio.",Artículo 62 del Código Sustantivo del Trabajo,negativo_dificil_placeholder,0,T-320/16
"Trabajé desde diciembre de 2020 hasta junio de 2023 en el área de facturación con contratos de prestación de servicios, pero realmente era una relación laboral. Denuncié acoso sexual y laboral de mi jefe, la ESE no hizo nada efectivo, y cuando acudí a otras entidades me terminaron el contrato sin importar que soy madre cabeza de familia con tres hijas, una con discapacidad.",Ley 1010 de 2006,positivo,1,T-266/24
"Trabajé desde diciembre de 2020 hasta junio de 2023 en el área de facturación con contratos de prestación de servicios, pero realmente era una relación laboral. Denuncié acoso sexual y laboral de mi jefe, la ESE no hizo nada efectivo, y cuando acudí a otras entidades me terminaron el contrato sin importar que soy madre cabeza de familia con tres hijas, una con discapacidad.",Ley 1257 de 2008,positivo,1,T-266/24
"Trabajé desde diciembre de 2020 hasta junio de 2023 en el área de facturación con contratos de prestación de servicios, pero realmente era una relación laboral. Denuncié acoso sexual y laboral de mi jefe, la ESE no hizo nada efectivo, y cuando acudí a otras entidades me terminaron el contrato sin importar que soy madre cabeza de familia con tres hijas, una con discapacidad.",CST Art. 236,negativo_facil,0,T-266/24
"Trabajé desde diciembre de 2020 hasta junio de 2023 en el área de facturación con contratos de prestación de servicios, pero realmente era una relación laboral. Denuncié acoso sexual y laboral de mi jefe, la ESE no hizo nada efectivo, y cuando acudí a otras entidades me terminaron el contrato sin importar que soy madre cabeza de familia con tres hijas, una con discapacidad.",Artículo 26 del Código Sustantivo del Trabajo,negativo_dificil_placeholder,0,T-266/24
"Me contrataron a término indefinido en diciembre de 2007 como Técnica Administrativa en una empresa de servicios públicos. En octubre de 2008 hicieron una reestructuración, suprimieron mi cargo y me despidieron en marzo de 2009, sin tener en cuenta que soy madre cabeza de familia y sostengo a mis hijos y dos nietos, siendo el único ingreso de mi hogar.","Ley 790 de 2002, Art. 12",positivo,1,T-833/09
"Me contrataron a término indefinido en diciembre de 2007 como Técnica Administrativa en una empresa de servicios públicos. En octubre de 2008 hicieron una reestructuración, suprimieron mi cargo y me despidieron en marzo de 2009, sin tener en cuenta que soy madre cabeza de familia y sostengo a mis hijos y dos nietos, siendo el único ingreso de mi hogar.",CST Art. 236,negativo_facil,0,T-833/09
"Me contrataron a término indefinido en diciembre de 2007 como Técnica Administrativa en una empresa de servicios públicos. En octubre de 2008 hicieron una reestructuración, suprimieron mi cargo y me despidieron en marzo de 2009, sin tener en cuenta que soy madre cabeza de familia y sostengo a mis hijos y dos nietos, siendo el único ingreso de mi hogar.","Ley 1010 de 2006, Art. 2",negativo_dificil_placeholder,0,T-833/09
"Trabajé en el Gun Club desde marzo de 1992. El médico del club me hizo una prueba de VIH que salió positiva y me presionó para renunciar. El gerente me hizo firmar una carta de licencia y luego me despidieron por ser portador del virus, violando la reserva de mi historia clínica.",Constitución Política Art. 1,positivo,1,SU-256/96
"Trabajé en el Gun Club desde marzo de 1992. El médico del club me hizo una prueba de VIH que salió positiva y me presionó para renunciar. El gerente me hizo firmar una carta de licencia y luego me despidieron por ser portador del virus, violando la reserva de mi historia clínica.",Constitución Política Art. 13,positivo,1,SU-256/96
"Trabajé en el Gun Club desde marzo de 1992. El médico del club me hizo una prueba de VIH que salió positiva y me presionó para renunciar. El gerente me hizo firmar una carta de licencia y luego me despidieron por ser portador del virus, violando la reserva de mi historia clínica.",Constitución Política Art. 15,positivo,1,SU-256/96
"Trabajé en el Gun Club desde marzo de 1992. El médico del club me hizo una prueba de VIH que salió positiva y me presionó para renunciar. El gerente me hizo firmar una carta de licencia y luego me despidieron por ser portador del virus, violando la reserva de mi historia clínica.",Constitución Política Art. 25,positivo,1,SU-256/96
"Trabajé en el Gun Club desde marzo de 1992. El médico del club me hizo una prueba de VIH que salió positiva y me presionó para renunciar. El gerente me hizo firmar una carta de licencia y luego me despidieron por ser portador del virus, violando la reserva de mi historia clínica.",CST Art. 236,negativo_facil,0,SU-256/96
"Trabajé en el Gun Club desde marzo de 1992. El médico del club me hizo una prueba de VIH que salió positiva y me presionó para renunciar. El gerente me hizo firmar una carta de licencia y luego me despidieron por ser portador del virus, violando la reserva de mi historia clínica.",Código Sustantivo del Trabajo Art. 62 - Terminación del contrato por justa causa,negativo_dificil_placeholder,0,SU-256/96
"Me diagnosticaron VIH en 2015 y en 2018 me contrataron por obra o labor como ingeniero. En abril de 2019 me despidieron diciendo que terminó la obra, pero la empresa sigue enviando trabajadores temporales para hacer mi mismo trabajo. Nunca le dije a la empresa de mi condición, pero ahora no puedo seguir mi tratamiento porque me quedé sin EPS.","Ley 361 de 1997, Art. 26",positivo,1,T-267/20
"Me diagnosticaron VIH en 2015 y en 2018 me contrataron por obra o labor como ingeniero. En abril de 2019 me despidieron diciendo que terminó la obra, pero la empresa sigue enviando trabajadores temporales para hacer mi mismo trabajo. Nunca le dije a la empresa de mi condición, pero ahora no puedo seguir mi tratamiento porque me quedé sin EPS.",CST Art. 236,negativo_facil,0,T-267/20
"Me diagnosticaron VIH en 2015 y en 2018 me contrataron por obra o labor como ingeniero. En abril de 2019 me despidieron diciendo que terminó la obra, pero la empresa sigue enviando trabajadores temporales para hacer mi mismo trabajo. Nunca le dije a la empresa de mi condición, pero ahora no puedo seguir mi tratamiento porque me quedé sin EPS.","Código Sustantivo del Trabajo, Art. 62 - Terminación del contrato por obra o labor",negativo_dificil_placeholder,0,T-267/20
"Trabajé desde 1997 como auxiliar de enfermería en una clínica con contratos a término fijo que me renovaban automáticamente. En 2000 me diagnosticaron VIH (mi esposo murió de SIDA). En noviembre de 2002, después de 5 años de renovaciones, la clínica decidió no renovarme más el contrato diciendo que se venció el plazo, pero yo creo que fue por mi enfermedad.","Decreto 1543 de 1997, Art. 35 parágrafo 2",positivo,1,T-469/04
"Trabajé desde 1997 como auxiliar de enfermería en una clínica con contratos a término fijo que me renovaban automáticamente. En 2000 me diagnosticaron VIH (mi esposo murió de SIDA). En noviembre de 2002, después de 5 años de renovaciones, la clínica decidió no renovarme más el contrato diciendo que se venció el plazo, pero yo creo que fue por mi enfermedad.",CST Art. 236,negativo_facil,0,T-469/04
"Trabajé desde 1997 como auxiliar de enfermería en una clínica con contratos a término fijo que me renovaban automáticamente. En 2000 me diagnosticaron VIH (mi esposo murió de SIDA). En noviembre de 2002, después de 5 años de renovaciones, la clínica decidió no renovarme más el contrato diciendo que se venció el plazo, pero yo creo que fue por mi enfermedad.","Código Sustantivo del Trabajo, Artículo 46",negativo_dificil_placeholder,0,T-469/04
"Trabajamos en Rohm and Haas y cuando el sindicato presentó el pliego de peticiones, la empresa condicionó el aumento de salario a que nos pasáramos obligatoriamente al régimen de cesantías de la Ley 50 de 1990. A los que se negaron no les aumentaron el salario, mientras que a los que aceptaron sí, creando diferencias salariales incluso entre trabajadores de la misma categoría.","Ley 50 de 1990, Art. 98",positivo,1,T-597/95
"Trabajamos en Rohm and Haas y cuando el sindicato presentó el pliego de peticiones, la empresa condicionó el aumento de salario a que nos pasáramos obligatoriamente al régimen de cesantías de la Ley 50 de 1990. A los que se negaron no les aumentaron el salario, mientras que a los que aceptaron sí, creando diferencias salariales incluso entre trabajadores de la misma categoría.",CST Art. 236,negativo_facil,0,T-597/95
"Trabajamos en Rohm and Haas y cuando el sindicato presentó el pliego de peticiones, la empresa condicionó el aumento de salario a que nos pasáramos obligatoriamente al régimen de cesantías de la Ley 50 de 1990. A los que se negaron no les aumentaron el salario, mientras que a los que aceptaron sí, creando diferencias salariales incluso entre trabajadores de la misma categoría.",CST Art. 143 - Igualdad de salarios,negativo_dificil_placeholder,0,T-597/95
"Trabajé en una empresa donde desde 1992 me congelaron el salario porque no me acogí a la Ley 50 de 1990 sobre fondos de cesantías y pertenecía al sindicato. A los no sindicalizados sí les aumentaron 28% cada año, pero a nosotros los 48 sindicalizados nos mantuvieron el mismo salario básico desde 1991 hasta 1995.",Constitución Política Art. 53,positivo,1,T-102/95
"Trabajé en una empresa donde desde 1992 me congelaron el salario porque no me acogí a la Ley 50 de 1990 sobre fondos de cesantías y pertenecía al sindicato. A los no sindicalizados sí les aumentaron 28% cada año, pero a nosotros los 48 sindicalizados nos mantuvieron el mismo salario básico desde 1991 hasta 1995.",Constitución Política Art. 13,positivo,1,T-102/95
"Trabajé en una empresa donde desde 1992 me congelaron el salario porque no me acogí a la Ley 50 de 1990 sobre fondos de cesantías y pertenecía al sindicato. A los no sindicalizados sí les aumentaron 28% cada año, pero a nosotros los 48 sindicalizados nos mantuvieron el mismo salario básico desde 1991 hasta 1995.",CST Art. 236,negativo_facil,0,T-102/95
"Trabajé en una empresa donde desde 1992 me congelaron el salario porque no me acogí a la Ley 50 de 1990 sobre fondos de cesantías y pertenecía al sindicato. A los no sindicalizados sí les aumentaron 28% cada año, pero a nosotros los 48 sindicalizados nos mantuvieron el mismo salario básico desde 1991 hasta 1995.",Código Sustantivo del Trabajo Art. 230 - Estabilidad de los miembros de la junta directiva del sindicato,negativo_dificil_placeholder,0,T-102/95
"Trabajamos en INRAVISIÓN y nos despidieron cuando liquidaron la entidad con el Decreto 4404 de 2004. Nosotros creíamos que teníamos estabilidad laboral garantizada por el parágrafo del artículo 77 de la Constitución, que dice que se debe respetar la estabilidad de los trabajadores de Inravisión, entonces pedimos que nos reintegraran porque consideramos que el despido fue ineficaz.",Constitución Política Art. 77 parágrafo,positivo,1,T-809/10
"Trabajamos en INRAVISIÓN y nos despidieron cuando liquidaron la entidad con el Decreto 4404 de 2004. Nosotros creíamos que teníamos estabilidad laboral garantizada por el parágrafo del artículo 77 de la Constitución, que dice que se debe respetar la estabilidad de los trabajadores de Inravisión, entonces pedimos que nos reintegraran porque consideramos que el despido fue ineficaz.",CST Art. 64,positivo,1,T-809/10
"Trabajamos en INRAVISIÓN y nos despidieron cuando liquidaron la entidad con el Decreto 4404 de 2004. Nosotros creíamos que teníamos estabilidad laboral garantizada por el parágrafo del artículo 77 de la Constitución, que dice que se debe respetar la estabilidad de los trabajadores de Inravisión, entonces pedimos que nos reintegraran porque consideramos que el despido fue ineficaz.",Constitución Política Art. 189 numeral 15,positivo,1,T-809/10
"Trabajamos en INRAVISIÓN y nos despidieron cuando liquidaron la entidad con el Decreto 4404 de 2004. Nosotros creíamos que teníamos estabilidad laboral garantizada por el parágrafo del artículo 77 de la Constitución, que dice que se debe respetar la estabilidad de los trabajadores de Inravisión, entonces pedimos que nos reintegraran porque consideramos que el despido fue ineficaz.",CST Art. 236,negativo_facil,0,T-809/10
"Trabajamos en INRAVISIÓN y nos despidieron cuando liquidaron la entidad con el Decreto 4404 de 2004. Nosotros creíamos que teníamos estabilidad laboral garantizada por el parágrafo del artículo 77 de la Constitución, que dice que se debe respetar la estabilidad de los trabajadores de Inravisión, entonces pedimos que nos reintegraran porque consideramos que el despido fue ineficaz.",CST Art. 26 - Estabilidad laboral reforzada,negativo_dificil_placeholder,0,T-809/10
"Estaba haciendo mi práctica en MAGROIN bajo un contrato de aprendizaje del SENA cuando me caí de 5 metros de altura y quedé con secuelas. Me calificaron con 15.88% de pérdida de capacidad laboral. La empresa terminó mi contrato sin autorización y quedé sin ingresos ni atención médica, con una hija menor que mantener.","Ley 361 de 1997, Art. 26",positivo,1,T-881/12
"Estaba haciendo mi práctica en MAGROIN bajo un contrato de aprendizaje del SENA cuando me caí de 5 metros de altura y quedé con secuelas. Me calificaron con 15.88% de pérdida de capacidad laboral. La empresa terminó mi contrato sin autorización y quedé sin ingresos ni atención médica, con una hija menor que mantener.",CST Art. 236,negativo_facil,0,T-881/12
"Estaba haciendo mi práctica en MAGROIN bajo un contrato de aprendizaje del SENA cuando me caí de 5 metros de altura y quedé con secuelas. Me calificaron con 15.88% de pérdida de capacidad laboral. La empresa terminó mi contrato sin autorización y quedé sin ingresos ni atención médica, con una hija menor que mantener.","Código Sustantivo del Trabajo, Art. 62 - Terminación del contrato por justa causa",negativo_dificil_placeholder,0,T-881/12
"Trabajé 18 años como transmisorista en una estación de radio junto con mi esposo, cada uno cumpliendo turnos de 12 horas. En enero de 1997 trasladaron a mi esposo a otra estación y me dejaron sola atendiendo la estación las 24 horas del día sin reemplazo, sin descanso ni permisos para ir al médico, aunque tengo problemas de salud por el ruido de los equipos.",CST Art. 162 literal c,positivo,1,T-203/00
"Trabajé 18 años como transmisorista en una estación de radio junto con mi esposo, cada uno cumpliendo turnos de 12 horas. En enero de 1997 trasladaron a mi esposo a otra estación y me dejaron sola atendiendo la estación las 24 horas del día sin reemplazo, sin descanso ni permisos para ir al médico, aunque tengo problemas de salud por el ruido de los equipos.",Constitución Política Art. 25,positivo,1,T-203/00
"Trabajé 18 años como transmisorista en una estación de radio junto con mi esposo, cada uno cumpliendo turnos de 12 horas. En enero de 1997 trasladaron a mi esposo a otra estación y me dejaron sola atendiendo la estación las 24 horas del día sin reemplazo, sin descanso ni permisos para ir al médico, aunque tengo problemas de salud por el ruido de los equipos.",Constitución Política Art. 53,positivo,1,T-203/00
"Trabajé 18 años como transmisorista en una estación de radio junto con mi esposo, cada uno cumpliendo turnos de 12 horas. En enero de 1997 trasladaron a mi esposo a otra estación y me dejaron sola atendiendo la estación las 24 horas del día sin reemplazo, sin descanso ni permisos para ir al médico, aunque tengo problemas de salud por el ruido de los equipos.",CST Art. 236,negativo_facil,0,T-203/00
"Trabajé 18 años como transmisorista en una estación de radio junto con mi esposo, cada uno cumpliendo turnos de 12 horas. En enero de 1997 trasladaron a mi esposo a otra estación y me dejaron sola atendiendo la estación las 24 horas del día sin reemplazo, sin descanso ni permisos para ir al médico, aunque tengo problemas de salud por el ruido de los equipos.",CST Art. 161 numeral 1,negativo_dificil_placeholder,0,T-203/00
"Trabajé desde septiembre de 2013 en Alkosto como empacador y luego como auxiliar de línea. En 2015 me volví miembro de la Iglesia Adventista y necesitaba descansar los sábados por mi religión (Sabbath). Pedí cambiar mis turnos del sábado ofreciendo compensar esas horas en otros días, domingos o festivos, pero me negaron. Me suspendieron varias veces por faltar los sábados a causa de mi práctica religiosa y finalmente me despidieron en noviembre de 2015 por esas inasistencias.",Constitución Política Art. 86,positivo,1,T-673/16
"Trabajé desde septiembre de 2013 en Alkosto como empacador y luego como auxiliar de línea. En 2015 me volví miembro de la Iglesia Adventista y necesitaba descansar los sábados por mi religión (Sabbath). Pedí cambiar mis turnos del sábado ofreciendo compensar esas horas en otros días, domingos o festivos, pero me negaron. Me suspendieron varias veces por faltar los sábados a causa de mi práctica religiosa y finalmente me despidieron en noviembre de 2015 por esas inasistencias.","Decreto 2591 de 1991, Art. 42 num. 4",positivo,1,T-673/16
"Trabajé desde septiembre de 2013 en Alkosto como empacador y luego como auxiliar de línea. En 2015 me volví miembro de la Iglesia Adventista y necesitaba descansar los sábados por mi religión (Sabbath). Pedí cambiar mis turnos del sábado ofreciendo compensar esas horas en otros días, domingos o festivos, pero me negaron. Me suspendieron varias veces por faltar los sábados a causa de mi práctica religiosa y finalmente me despidieron en noviembre de 2015 por esas inasistencias.",CST Art. 236,negativo_facil,0,T-673/16
"Trabajé desde septiembre de 2013 en Alkosto como empacador y luego como auxiliar de línea. En 2015 me volví miembro de la Iglesia Adventista y necesitaba descansar los sábados por mi religión (Sabbath). Pedí cambiar mis turnos del sábado ofreciendo compensar esas horas en otros días, domingos o festivos, pero me negaron. Me suspendieron varias veces por faltar los sábados a causa de mi práctica religiosa y finalmente me despidieron en noviembre de 2015 por esas inasistencias.",Código Sustantivo del Trabajo Art. 62 - Terminación del contrato por justa causa,negativo_dificil_placeholder,0,T-673/16
"Trabajo desde noviembre de 1993 en la empresa de acueducto y les pedí en 1999 que me dieran las vacaciones que me debían de tres periodos (1996-1998), pero me dijeron que la empresa no tenía plata. Después me dieron solo un periodo y me siguen debiendo los demás hasta el año 2000.","Decreto 3135 de 1968, Art. 8",positivo,1,T-076/01
"Trabajo desde noviembre de 1993 en la empresa de acueducto y les pedí en 1999 que me dieran las vacaciones que me debían de tres periodos (1996-1998), pero me dijeron que la empresa no tenía plata. Después me dieron solo un periodo y me siguen debiendo los demás hasta el año 2000.","Decreto 1045 de 1978, Art. 8",positivo,1,T-076/01
"Trabajo desde noviembre de 1993 en la empresa de acueducto y les pedí en 1999 que me dieran las vacaciones que me debían de tres periodos (1996-1998), pero me dijeron que la empresa no tenía plata. Después me dieron solo un periodo y me siguen debiendo los demás hasta el año 2000.","Decreto 1045 de 1978, Art. 18",positivo,1,T-076/01
"Trabajo desde noviembre de 1993 en la empresa de acueducto y les pedí en 1999 que me dieran las vacaciones que me debían de tres periodos (1996-1998), pero me dijeron que la empresa no tenía plata. Después me dieron solo un periodo y me siguen debiendo los demás hasta el año 2000.",CST Art. 236,negativo_facil,0,T-076/01
"Trabajo desde noviembre de 1993 en la empresa de acueducto y les pedí en 1999 que me dieran las vacaciones que me debían de tres periodos (1996-1998), pero me dijeron que la empresa no tenía plata. Después me dieron solo un periodo y me siguen debiendo los demás hasta el año 2000.","Código Sustantivo del Trabajo, Artículo 189",negativo_dificil_placeholder,0,T-076/01
"Trabajo como escribiente en un juzgado y mi hijo de 4 años fue hospitalizado por infarto cerebral y otros problemas graves. Pedí permisos remunerados para acompañarlo durante su hospitalización y recuperación, pero mi jefe solo me dio 3 días pagos y me dijo que después debía tomar licencia sin paga, siendo yo madre cabeza de familia.",CST Art. 57 numeral 6,positivo,1,T-113/15
"Trabajo como escribiente en un juzgado y mi hijo de 4 años fue hospitalizado por infarto cerebral y otros problemas graves. Pedí permisos remunerados para acompañarlo durante su hospitalización y recuperación, pero mi jefe solo me dio 3 días pagos y me dijo que después debía tomar licencia sin paga, siendo yo madre cabeza de familia.","Ley 270 de 1996, Art. 142",positivo,1,T-113/15
"Trabajo como escribiente en un juzgado y mi hijo de 4 años fue hospitalizado por infarto cerebral y otros problemas graves. Pedí permisos remunerados para acompañarlo durante su hospitalización y recuperación, pero mi jefe solo me dio 3 días pagos y me dijo que después debía tomar licencia sin paga, siendo yo madre cabeza de familia.",CST Art. 236,negativo_facil,0,T-113/15
"Trabajo como escribiente en un juzgado y mi hijo de 4 años fue hospitalizado por infarto cerebral y otros problemas graves. Pedí permisos remunerados para acompañarlo durante su hospitalización y recuperación, pero mi jefe solo me dio 3 días pagos y me dijo que después debía tomar licencia sin paga, siendo yo madre cabeza de familia.",CST Art. 236,negativo_dificil_placeholder,0,T-113/15
"Trabajé como parrillera desde 2009, en 2015 me enfermaron y me dieron incapacidades hasta junio de 2019. Me calificaron con 35.34% de pérdida de capacidad laboral. El 31 de mayo de 2019 mi empleador me despidió sin permiso del Ministerio, diciendo que vendió el restaurante, pero el negocio sigue funcionando igual con el mismo nombre y empleados.","Ley 361 de 1997, Art. 26",positivo,1,T-277/20
"Trabajé como parrillera desde 2009, en 2015 me enfermaron y me dieron incapacidades hasta junio de 2019. Me calificaron con 35.34% de pérdida de capacidad laboral. El 31 de mayo de 2019 mi empleador me despidió sin permiso del Ministerio, diciendo que vendió el restaurante, pero el negocio sigue funcionando igual con el mismo nombre y empleados.",CST Art. 236,negativo_facil,0,T-277/20
"Trabajé como parrillera desde 2009, en 2015 me enfermaron y me dieron incapacidades hasta junio de 2019. Me calificaron con 35.34% de pérdida de capacidad laboral. El 31 de mayo de 2019 mi empleador me despidió sin permiso del Ministerio, diciendo que vendió el restaurante, pero el negocio sigue funcionando igual con el mismo nombre y empleados.","Código Sustantivo del Trabajo, Art. 62 - Terminación del contrato por clausura de la empresa",negativo_dificil_placeholder,0,T-277/20
"Trabajé desde mayo de 2023 como coordinadora administrativa con contrato verbal a término indefinido. Cuando les avisé el 9 de junio que estaba embarazada, me dieron 10 días de licencia, pero el 15 de junio me llamaron para decirme que mi contrato había terminado. Nunca me afiliaron a seguridad social y me despidieron sin justa causa ni autorización del Ministerio del Trabajo.",CST Art. 23,positivo,1,T-171/24
"Trabajé desde mayo de 2023 como coordinadora administrativa con contrato verbal a término indefinido. Cuando les avisé el 9 de junio que estaba embarazada, me dieron 10 días de licencia, pero el 15 de junio me llamaron para decirme que mi contrato había terminado. Nunca me afiliaron a seguridad social y me despidieron sin justa causa ni autorización del Ministerio del Trabajo.",CST Art. 239,positivo,1,T-171/24
"Trabajé desde mayo de 2023 como coordinadora administrativa con contrato verbal a término indefinido. Cuando les avisé el 9 de junio que estaba embarazada, me dieron 10 días de licencia, pero el 15 de junio me llamaron para decirme que mi contrato había terminado. Nunca me afiliaron a seguridad social y me despidieron sin justa causa ni autorización del Ministerio del Trabajo.",Constitución Política Art. 43,positivo,1,T-171/24
"Trabajé desde mayo de 2023 como coordinadora administrativa con contrato verbal a término indefinido. Cuando les avisé el 9 de junio que estaba embarazada, me dieron 10 días de licencia, pero el 15 de junio me llamaron para decirme que mi contrato había terminado. Nunca me afiliaron a seguridad social y me despidieron sin justa causa ni autorización del Ministerio del Trabajo.",CST Art. 76,positivo,1,T-171/24
"Trabajé desde mayo de 2023 como coordinadora administrativa con contrato verbal a término indefinido. Cuando les avisé el 9 de junio que estaba embarazada, me dieron 10 días de licencia, pero el 15 de junio me llamaron para decirme que mi contrato había terminado. Nunca me afiliaron a seguridad social y me despidieron sin justa causa ni autorización del Ministerio del Trabajo.",CST Art. 236,negativo_facil,0,T-171/24
"Trabajé desde mayo de 2023 como coordinadora administrativa con contrato verbal a término indefinido. Cuando les avisé el 9 de junio que estaba embarazada, me dieron 10 días de licencia, pero el 15 de junio me llamaron para decirme que mi contrato había terminado. Nunca me afiliaron a seguridad social y me despidieron sin justa causa ni autorización del Ministerio del Trabajo.",CST Art. 64,negativo_dificil_placeholder,0,T-171/24
"Trabajé como vigilante desde noviembre de 2018. La administradora del conjunto me insultaba y gritaba constantemente diciéndome 'muerto de hambre' e 'incompetente'. Cuando denuncié el acoso laboral, me despidieron en junio de 2019, a pesar de que mi esposa tiene cáncer y soy padre cabeza de familia con dos hijos menores.","Ley 1010 de 2006, Art. 6",positivo,1,T-317/20
"Trabajé como vigilante desde noviembre de 2018. La administradora del conjunto me insultaba y gritaba constantemente diciéndome 'muerto de hambre' e 'incompetente'. Cuando denuncié el acoso laboral, me despidieron en junio de 2019, a pesar de que mi esposa tiene cáncer y soy padre cabeza de familia con dos hijos menores.","Ley 1010 de 2006, Art. 11",positivo,1,T-317/20
"Trabajé como vigilante desde noviembre de 2018. La administradora del conjunto me insultaba y gritaba constantemente diciéndome 'muerto de hambre' e 'incompetente'. Cuando denuncié el acoso laboral, me despidieron en junio de 2019, a pesar de que mi esposa tiene cáncer y soy padre cabeza de familia con dos hijos menores.",CST Art. 64,positivo,1,T-317/20
"Trabajé como vigilante desde noviembre de 2018. La administradora del conjunto me insultaba y gritaba constantemente diciéndome 'muerto de hambre' e 'incompetente'. Cuando denuncié el acoso laboral, me despidieron en junio de 2019, a pesar de que mi esposa tiene cáncer y soy padre cabeza de familia con dos hijos menores.",CST Art. 236,negativo_facil,0,T-317/20
"Trabajé como vigilante desde noviembre de 2018. La administradora del conjunto me insultaba y gritaba constantemente diciéndome 'muerto de hambre' e 'incompetente'. Cuando denuncié el acoso laboral, me despidieron en junio de 2019, a pesar de que mi esposa tiene cáncer y soy padre cabeza de familia con dos hijos menores.",CST Art. 62,negativo_dificil_placeholder,0,T-317/20
"Presenté una queja por acoso laboral ante el Comité de Convivencia porque mi jefe y dos colaboradoras me invisibilizaban, coordinaban mi trabajo sin contar conmigo y me perseguían laboralmente, incluso estando embarazada. El Comité archivó mi queja sin valorar bien las pruebas y sin hacer la reunión de conciliación obligatoria. Después me despidieron.","Ley 1010 de 2006, Art. 11",positivo,1,T-262/25
"Presenté una queja por acoso laboral ante el Comité de Convivencia porque mi jefe y dos colaboradoras me invisibilizaban, coordinaban mi trabajo sin contar conmigo y me perseguían laboralmente, incluso estando embarazada. El Comité archivó mi queja sin valorar bien las pruebas y sin hacer la reunión de conciliación obligatoria. Después me despidieron.","Ley 1010 de 2006, Art. 13",positivo,1,T-262/25
"Presenté una queja por acoso laboral ante el Comité de Convivencia porque mi jefe y dos colaboradoras me invisibilizaban, coordinaban mi trabajo sin contar conmigo y me perseguían laboralmente, incluso estando embarazada. El Comité archivó mi queja sin valorar bien las pruebas y sin hacer la reunión de conciliación obligatoria. Después me despidieron.",Resolución 652 de 2012,positivo,1,T-262/25
"Presenté una queja por acoso laboral ante el Comité de Convivencia porque mi jefe y dos colaboradoras me invisibilizaban, coordinaban mi trabajo sin contar conmigo y me perseguían laboralmente, incluso estando embarazada. El Comité archivó mi queja sin valorar bien las pruebas y sin hacer la reunión de conciliación obligatoria. Después me despidieron.",CST Art. 236,negativo_facil,0,T-262/25
"Presenté una queja por acoso laboral ante el Comité de Convivencia porque mi jefe y dos colaboradoras me invisibilizaban, coordinaban mi trabajo sin contar conmigo y me perseguían laboralmente, incluso estando embarazada. El Comité archivó mi queja sin valorar bien las pruebas y sin hacer la reunión de conciliación obligatoria. Después me despidieron.","Ley 1010 de 2006, Art. 9",negativo_dificil_placeholder,0,T-262/25
"Trabajé 15 años vendiendo cosméticos por catálogo, primero como consultora y luego como líder de zona con un equipo de 90 vendedoras. Después de someterme a una cirugía de corazón en mayo de 2023, la empresa me bloqueó el acceso a la aplicación que usaba para trabajar en septiembre, dejándome sin ingresos. Soy madre cabeza de familia con una hija en condición de discapacidad.",CST Art. 24,positivo,1,T-132/25
"Trabajé 15 años vendiendo cosméticos por catálogo, primero como consultora y luego como líder de zona con un equipo de 90 vendedoras. Después de someterme a una cirugía de corazón en mayo de 2023, la empresa me bloqueó el acceso a la aplicación que usaba para trabajar en septiembre, dejándome sin ingresos. Soy madre cabeza de familia con una hija en condición de discapacidad.",Ley 361 de 1997,positivo,1,T-132/25
"Trabajé 15 años vendiendo cosméticos por catálogo, primero como consultora y luego como líder de zona con un equipo de 90 vendedoras. Después de someterme a una cirugía de corazón en mayo de 2023, la empresa me bloqueó el acceso a la aplicación que usaba para trabajar en septiembre, dejándome sin ingresos. Soy madre cabeza de familia con una hija en condición de discapacidad.",CST Art. 236,negativo_facil,0,T-132/25
"Trabajé 15 años vendiendo cosméticos por catálogo, primero como consultora y luego como líder de zona con un equipo de 90 vendedoras. Después de someterme a una cirugía de corazón en mayo de 2023, la empresa me bloqueó el acceso a la aplicación que usaba para trabajar en septiembre, dejándome sin ingresos. Soy madre cabeza de familia con una hija en condición de discapacidad.",CST Art. 62,negativo_dificil_placeholder,0,T-132/25
"Me despidieron con justa causa de Sodexo porque supuestamente me apropié de un celular, según un video que nunca me mostraron durante el proceso disciplinario. Pedí que me entregaran copia del video completo y sin editar, pero la empresa se negó diciendo que era confidencial.","Ley 1755 de 2015, Art. 32",positivo,1,T-329/21
"Me despidieron con justa causa de Sodexo porque supuestamente me apropié de un celular, según un video que nunca me mostraron durante el proceso disciplinario. Pedí que me entregaran copia del video completo y sin editar, pero la empresa se negó diciendo que era confidencial.","Ley 1755 de 2015, Art. 33",positivo,1,T-329/21
"Me despidieron con justa causa de Sodexo porque supuestamente me apropié de un celular, según un video que nunca me mostraron durante el proceso disciplinario. Pedí que me entregaran copia del video completo y sin editar, pero la empresa se negó diciendo que era confidencial.",CST Art. 236,negativo_facil,0,T-329/21
"Me despidieron con justa causa de Sodexo porque supuestamente me apropié de un celular, según un video que nunca me mostraron durante el proceso disciplinario. Pedí que me entregaran copia del video completo y sin editar, pero la empresa se negó diciendo que era confidencial.","Código Sustantivo del Trabajo, Art. 62 - Terminación del contrato por justa causa",negativo_dificil_placeholder,0,T-329/21
"Trabajé desde 2018 como operario de puente grúa en zona húmeda manejando materiales peligrosos. En junio de 2023 me hicieron una prueba aleatoria de drogas que salió positiva para marihuana. Reconocí que consumí el domingo en el río con amigos. Me abrieron proceso disciplinario y me despidieron por justa causa, pero yo alego que tengo estabilidad laboral reforzada por mi salud.",CST Art. 62 numeral 6,positivo,1,T-306/24
"Trabajé desde 2018 como operario de puente grúa en zona húmeda manejando materiales peligrosos. En junio de 2023 me hicieron una prueba aleatoria de drogas que salió positiva para marihuana. Reconocí que consumí el domingo en el río con amigos. Me abrieron proceso disciplinario y me despidieron por justa causa, pero yo alego que tengo estabilidad laboral reforzada por mi salud.",CST Art. 60.2,positivo,1,T-306/24
"Trabajé desde 2018 como operario de puente grúa en zona húmeda manejando materiales peligrosos. En junio de 2023 me hicieron una prueba aleatoria de drogas que salió positiva para marihuana. Reconocí que consumí el domingo en el río con amigos. Me abrieron proceso disciplinario y me despidieron por justa causa, pero yo alego que tengo estabilidad laboral reforzada por mi salud.",Decreto 1108 de 1994,positivo,1,T-306/24
"Trabajé desde 2018 como operario de puente grúa en zona húmeda manejando materiales peligrosos. En junio de 2023 me hicieron una prueba aleatoria de drogas que salió positiva para marihuana. Reconocí que consumí el domingo en el río con amigos. Me abrieron proceso disciplinario y me despidieron por justa causa, pero yo alego que tengo estabilidad laboral reforzada por mi salud.",Resolución 0312 de 2019,positivo,1,T-306/24
"Trabajé desde 2018 como operario de puente grúa en zona húmeda manejando materiales peligrosos. En junio de 2023 me hicieron una prueba aleatoria de drogas que salió positiva para marihuana. Reconocí que consumí el domingo en el río con amigos. Me abrieron proceso disciplinario y me despidieron por justa causa, pero yo alego que tengo estabilidad laboral reforzada por mi salud.",CST Art. 236,negativo_facil,0,T-306/24
"Trabajé desde 2018 como operario de puente grúa en zona húmeda manejando materiales peligrosos. En junio de 2023 me hicieron una prueba aleatoria de drogas que salió positiva para marihuana. Reconocí que consumí el domingo en el río con amigos. Me abrieron proceso disciplinario y me despidieron por justa causa, pero yo alego que tengo estabilidad laboral reforzada por mi salud.",CST Art. 26 - Estabilidad laboral reforzada,negativo_dificil_placeholder,0,T-306/24
"Trabajé como operaria de aseo desde junio de 2017. En agosto de 2018 tuve un accidente laboral que me causó trauma lumbar y problemas degenerativos en la columna. Después de varias incapacidades y con recomendaciones médicas, en diciembre de 2018 me despidieron sin autorización del Ministerio del Trabajo, cuando el administrador del conjunto pidió mi cambio porque según él 'daba mal aspecto trabajando enferma y llorando'.","Ley 361 de 1997, Art. 26",positivo,1,T-052/20
"Trabajé como operaria de aseo desde junio de 2017. En agosto de 2018 tuve un accidente laboral que me causó trauma lumbar y problemas degenerativos en la columna. Después de varias incapacidades y con recomendaciones médicas, en diciembre de 2018 me despidieron sin autorización del Ministerio del Trabajo, cuando el administrador del conjunto pidió mi cambio porque según él 'daba mal aspecto trabajando enferma y llorando'.",CST Art. 236,negativo_facil,0,T-052/20
"Trabajé como operaria de aseo desde junio de 2017. En agosto de 2018 tuve un accidente laboral que me causó trauma lumbar y problemas degenerativos en la columna. Después de varias incapacidades y con recomendaciones médicas, en diciembre de 2018 me despidieron sin autorización del Ministerio del Trabajo, cuando el administrador del conjunto pidió mi cambio porque según él 'daba mal aspecto trabajando enferma y llorando'.","Código Sustantivo del Trabajo, Art. 62 - Terminación del contrato por justa causa",negativo_dificil_placeholder,0,T-052/20
"Me contrataron como recepcionista el 1 de marzo de 2024 y el 13 de marzo me enteré que estaba embarazada. Al día siguiente le avisé a la empresa y el 16 de marzo me terminaron el contrato diciendo que fue de mutuo acuerdo, pero yo nunca estuve de acuerdo con eso.",CST Art. 239,positivo,1,T-522/24
"Me contrataron como recepcionista el 1 de marzo de 2024 y el 13 de marzo me enteré que estaba embarazada. Al día siguiente le avisé a la empresa y el 16 de marzo me terminaron el contrato diciendo que fue de mutuo acuerdo, pero yo nunca estuve de acuerdo con eso.",CST Art. 236,negativo_facil,0,T-522/24
"Me contrataron como recepcionista el 1 de marzo de 2024 y el 13 de marzo me enteré que estaba embarazada. Al día siguiente le avisé a la empresa y el 16 de marzo me terminaron el contrato diciendo que fue de mutuo acuerdo, pero yo nunca estuve de acuerdo con eso.",CST Art. 64,negativo_dificil_placeholder,0,T-522/24
"Trabajé desde octubre de 2023 en funciones de atención al cliente y administración, con horario de lunes a sábado. En mayo de 2024 me enteré de mi embarazo y el 28 de mayo me despidieron sin autorización del Ministerio del Trabajo, aunque les informé que estaba embarazada.",CST Art. 239,positivo,1,T-166/25
"Trabajé desde octubre de 2023 en funciones de atención al cliente y administración, con horario de lunes a sábado. En mayo de 2024 me enteré de mi embarazo y el 28 de mayo me despidieron sin autorización del Ministerio del Trabajo, aunque les informé que estaba embarazada.",CST Art. 236,negativo_facil,0,T-166/25
"Trabajé desde octubre de 2023 en funciones de atención al cliente y administración, con horario de lunes a sábado. En mayo de 2024 me enteré de mi embarazo y el 28 de mayo me despidieron sin autorización del Ministerio del Trabajo, aunque les informé que estaba embarazada.",CST Art. 240,negativo_dificil_placeholder,0,T-166/25
"Trabajé como conserje por casi 7 años en turnos nocturnos rotativos. Soy adventista del séptimo día y necesito guardar el Sabbath desde el viernes en la tarde hasta el sábado en la tarde, así que pedí no trabajar en esos horarios y compensar las horas en otros días. La empresa me suspendió por las ausencias y finalmente me despidieron por falta grave cuando seguí sin asistir los viernes y sábados para cumplir con mi religión.","Constitución Política, Art. 19",positivo,1,T-391/21
"Trabajé como conserje por casi 7 años en turnos nocturnos rotativos. Soy adventista del séptimo día y necesito guardar el Sabbath desde el viernes en la tarde hasta el sábado en la tarde, así que pedí no trabajar en esos horarios y compensar las horas en otros días. La empresa me suspendió por las ausencias y finalmente me despidieron por falta grave cuando seguí sin asistir los viernes y sábados para cumplir con mi religión.",CST Art. 236,negativo_facil,0,T-391/21
"Trabajé como conserje por casi 7 años en turnos nocturnos rotativos. Soy adventista del séptimo día y necesito guardar el Sabbath desde el viernes en la tarde hasta el sábado en la tarde, así que pedí no trabajar en esos horarios y compensar las horas en otros días. La empresa me suspendió por las ausencias y finalmente me despidieron por falta grave cuando seguí sin asistir los viernes y sábados para cumplir con mi religión.","Código Sustantivo del Trabajo, Art. 62 literal A numeral 6",negativo_dificil_placeholder,0,T-391/21
"Trabajé desde 1983 en una clínica como médico patólogo y jefe de laboratorio. En 1992 me hicieron firmar una conciliación para terminar el contrato laboral y me obligaron a crear una empresa para facturarles por prestación de servicios, pero seguí haciendo lo mismo hasta 2007 cuando me despidieron. Demandé porque todo fue un contrato realidad.",CST Art. 23,positivo,1,T-041/24
"Trabajé desde 1983 en una clínica como médico patólogo y jefe de laboratorio. En 1992 me hicieron firmar una conciliación para terminar el contrato laboral y me obligaron a crear una empresa para facturarles por prestación de servicios, pero seguí haciendo lo mismo hasta 2007 cuando me despidieron. Demandé porque todo fue un contrato realidad.",CST Art. 24,positivo,1,T-041/24
"Trabajé desde 1983 en una clínica como médico patólogo y jefe de laboratorio. En 1992 me hicieron firmar una conciliación para terminar el contrato laboral y me obligaron a crear una empresa para facturarles por prestación de servicios, pero seguí haciendo lo mismo hasta 2007 cuando me despidieron. Demandé porque todo fue un contrato realidad.",CST Art. 236,negativo_facil,0,T-041/24
"Trabajé desde 1983 en una clínica como médico patólogo y jefe de laboratorio. En 1992 me hicieron firmar una conciliación para terminar el contrato laboral y me obligaron a crear una empresa para facturarles por prestación de servicios, pero seguí haciendo lo mismo hasta 2007 cuando me despidieron. Demandé porque todo fue un contrato realidad.",CST Art. 34,negativo_dificil_placeholder,0,T-041/24
"Trabajé desde marzo de 2007 en Gaseosas Colombianas a través de una empresa temporal. En septiembre de 2007 sufrí un accidente de trabajo y perdí los dedos de la mano derecha. La ARP me dio 17,51% de invalidez y ordenó mi reubicación, pero me despidieron en junio de 2008 sin reintegrarme ni reubicarme, diciendo que no había vacantes.",CST Art. 26,positivo,1,T-269/10
"Trabajé desde marzo de 2007 en Gaseosas Colombianas a través de una empresa temporal. En septiembre de 2007 sufrí un accidente de trabajo y perdí los dedos de la mano derecha. La ARP me dio 17,51% de invalidez y ordenó mi reubicación, pero me despidieron en junio de 2008 sin reintegrarme ni reubicarme, diciendo que no había vacantes.",CST Art. 236,negativo_facil,0,T-269/10
"Trabajé desde marzo de 2007 en Gaseosas Colombianas a través de una empresa temporal. En septiembre de 2007 sufrí un accidente de trabajo y perdí los dedos de la mano derecha. La ARP me dio 17,51% de invalidez y ordenó mi reubicación, pero me despidieron en junio de 2008 sin reintegrarme ni reubicarme, diciendo que no había vacantes.",CST Art. 62,negativo_dificil_placeholder,0,T-269/10
"Trabajé con contrato por obra o labor en una empresa temporal desde septiembre 2008. Cuando quedé embarazada en 2010, me hicieron firmar un acta donde acordamos suspender el contrato y que terminaría al finalizar mi licencia de maternidad. Me dejaron de pagar salario pero siguieron pagando seguridad social. Ahora tengo un bebé y no tengo ingresos para mantenerlo.",CST Art. 239 numeral 2,positivo,1,T-184/12
"Trabajé con contrato por obra o labor en una empresa temporal desde septiembre 2008. Cuando quedé embarazada en 2010, me hicieron firmar un acta donde acordamos suspender el contrato y que terminaría al finalizar mi licencia de maternidad. Me dejaron de pagar salario pero siguieron pagando seguridad social. Ahora tengo un bebé y no tengo ingresos para mantenerlo.",CST Art. 236,negativo_facil,0,T-184/12
"Trabajé con contrato por obra o labor en una empresa temporal desde septiembre 2008. Cuando quedé embarazada en 2010, me hicieron firmar un acta donde acordamos suspender el contrato y que terminaría al finalizar mi licencia de maternidad. Me dejaron de pagar salario pero siguieron pagando seguridad social. Ahora tengo un bebé y no tengo ingresos para mantenerlo.",CST Art. 51,negativo_dificil_placeholder,0,T-184/12
"Trabajé desde 1996 como mecánico de mantenimiento con contrato a término fijo renovado cada año. Tenía discopatía degenerativa lumbar, diabetes e hipotiroidismo que la empresa conocía. Me terminaron el contrato en marzo de 2023 por vencimiento del plazo sin pedir permiso al Ministerio del Trabajo, a pesar de que estaba incapacitado y tenía restricciones médicas por mi estado de salud.","Ley 361 de 1997, Art. 26",positivo,1,T-364/24
"Trabajé desde 1996 como mecánico de mantenimiento con contrato a término fijo renovado cada año. Tenía discopatía degenerativa lumbar, diabetes e hipotiroidismo que la empresa conocía. Me terminaron el contrato en marzo de 2023 por vencimiento del plazo sin pedir permiso al Ministerio del Trabajo, a pesar de que estaba incapacitado y tenía restricciones médicas por mi estado de salud.",CST Art. 236,negativo_facil,0,T-364/24
"Trabajé desde 1996 como mecánico de mantenimiento con contrato a término fijo renovado cada año. Tenía discopatía degenerativa lumbar, diabetes e hipotiroidismo que la empresa conocía. Me terminaron el contrato en marzo de 2023 por vencimiento del plazo sin pedir permiso al Ministerio del Trabajo, a pesar de que estaba incapacitado y tenía restricciones médicas por mi estado de salud.","Código Sustantivo del Trabajo, Art. 62 - Terminación del contrato por justa causa",negativo_dificil_placeholder,0,T-364/24
"Trabajé 26 años como empleada doméstica y me despidieron 8 días después de que me diagnosticaran leucemia. Nunca me afiliaron a seguridad social y acepté firmar la terminación del contrato porque necesitaba la plata de la liquidación para el tratamiento, ya que no tenía EPS.","Ley 361 de 1997, Art. 26",positivo,1,T-185/16
"Trabajé 26 años como empleada doméstica y me despidieron 8 días después de que me diagnosticaran leucemia. Nunca me afiliaron a seguridad social y acepté firmar la terminación del contrato porque necesitaba la plata de la liquidación para el tratamiento, ya que no tenía EPS.",CST Art. 236,negativo_facil,0,T-185/16
"Trabajé 26 años como empleada doméstica y me despidieron 8 días después de que me diagnosticaran leucemia. Nunca me afiliaron a seguridad social y acepté firmar la terminación del contrato porque necesitaba la plata de la liquidación para el tratamiento, ya que no tenía EPS.","Código Sustantivo del Trabajo, Art. 62 - Terminación del contrato por justa causa",negativo_dificil_placeholder,0,T-185/16
"Trabajé en INCAMETAL y desde 1993, cuando no me acogí al nuevo régimen de cesantías de la Ley 50 de 1990, la empresa empezó a darme aumentos salariales menores que a los compañeros que sí se acogieron, aunque hacíamos las mismas funciones. Esta discriminación duró años y a algunos hasta nos despidieron en 1999.",Ley 50 de 1990,positivo,1,T-762/00
"Trabajé en INCAMETAL y desde 1993, cuando no me acogí al nuevo régimen de cesantías de la Ley 50 de 1990, la empresa empezó a darme aumentos salariales menores que a los compañeros que sí se acogieron, aunque hacíamos las mismas funciones. Esta discriminación duró años y a algunos hasta nos despidieron en 1999.",CST Art. 236,negativo_facil,0,T-762/00
"Trabajé en INCAMETAL y desde 1993, cuando no me acogí al nuevo régimen de cesantías de la Ley 50 de 1990, la empresa empezó a darme aumentos salariales menores que a los compañeros que sí se acogieron, aunque hacíamos las mismas funciones. Esta discriminación duró años y a algunos hasta nos despidieron en 1999.",Artículo 143 del Código Sustantivo del Trabajo,negativo_dificil_placeholder,0,T-762/00
"Trabajé para una empresa de seguros y cuando me retiré en febrero de 1998 me quedaron debiendo salarios de varios meses de 1997 y 1998, vacaciones, cesantías, primas y otros pagos. Pasaron más de dos años y medio y recién en junio de 2000 presenté una tutela para que me pagaran todo eso que me debían.",Constitución Política Art. 86,positivo,1,T-1694/00
"Trabajé para una empresa de seguros y cuando me retiré en febrero de 1998 me quedaron debiendo salarios de varios meses de 1997 y 1998, vacaciones, cesantías, primas y otros pagos. Pasaron más de dos años y medio y recién en junio de 2000 presenté una tutela para que me pagaran todo eso que me debían.","Decreto 2591 de 1991, Art. 6",positivo,1,T-1694/00
"Trabajé para una empresa de seguros y cuando me retiré en febrero de 1998 me quedaron debiendo salarios de varios meses de 1997 y 1998, vacaciones, cesantías, primas y otros pagos. Pasaron más de dos años y medio y recién en junio de 2000 presenté una tutela para que me pagaran todo eso que me debían.",CST Art. 236,negativo_facil,0,T-1694/00
"Trabajé para una empresa de seguros y cuando me retiré en febrero de 1998 me quedaron debiendo salarios de varios meses de 1997 y 1998, vacaciones, cesantías, primas y otros pagos. Pasaron más de dos años y medio y recién en junio de 2000 presenté una tutela para que me pagaran todo eso que me debían.",Código Sustantivo del Trabajo Art. 488,negativo_dificil_placeholder,0,T-1694/00
"Trabajé en Comoderna S.A. y me deben tres quincenas de salario de junio y julio de 1999. Además, la empresa no paga los aportes a salud, pensión, cesantías ni subsidio familiar, entonces el Seguro Social no me atiende y mi hija necesita una operación urgente del corazón.",CST Art. 57 ordinal 4,positivo,1,T-521/00
"Trabajé en Comoderna S.A. y me deben tres quincenas de salario de junio y julio de 1999. Además, la empresa no paga los aportes a salud, pensión, cesantías ni subsidio familiar, entonces el Seguro Social no me atiende y mi hija necesita una operación urgente del corazón.",CST Art. 236,negativo_facil,0,T-521/00
"Trabajé en Comoderna S.A. y me deben tres quincenas de salario de junio y julio de 1999. Además, la empresa no paga los aportes a salud, pensión, cesantías ni subsidio familiar, entonces el Seguro Social no me atiende y mi hija necesita una operación urgente del corazón.",CST Art. 65,negativo_dificil_placeholder,0,T-521/00
"Caso 1: Me contrataron como ingeniero electricista por 10 meses pero me renovaban sucesivamente. En enero de 2014 me diagnosticaron cáncer de colon, me operaron y me hicieron quimioterapia. En agosto de 2015 la empresa me avisó que ya no me renovarían más el contrato y me despidieron en octubre, sin pedir permiso al inspector de trabajo, a pesar de que estaba en controles médicos. Caso 2: Trabajé desde 2012 como técnico de mantenimiento. En 2015 me incapacitaron por dolores de espalda y columna. En abril de 2016 me despidieron sin justa causa y sin autorización del inspector, y en el examen de retiro me detectaron hernia discal.","Ley 361 de 1997, Art. 26",positivo,1,T-703/16
"Caso 1: Me contrataron como ingeniero electricista por 10 meses pero me renovaban sucesivamente. En enero de 2014 me diagnosticaron cáncer de colon, me operaron y me hicieron quimioterapia. En agosto de 2015 la empresa me avisó que ya no me renovarían más el contrato y me despidieron en octubre, sin pedir permiso al inspector de trabajo, a pesar de que estaba en controles médicos. Caso 2: Trabajé desde 2012 como técnico de mantenimiento. En 2015 me incapacitaron por dolores de espalda y columna. En abril de 2016 me despidieron sin justa causa y sin autorización del inspector, y en el examen de retiro me detectaron hernia discal.",CST Art. 236,negativo_facil,0,T-703/16
"Caso 1: Me contrataron como ingeniero electricista por 10 meses pero me renovaban sucesivamente. En enero de 2014 me diagnosticaron cáncer de colon, me operaron y me hicieron quimioterapia. En agosto de 2015 la empresa me avisó que ya no me renovarían más el contrato y me despidieron en octubre, sin pedir permiso al inspector de trabajo, a pesar de que estaba en controles médicos. Caso 2: Trabajé desde 2012 como técnico de mantenimiento. En 2015 me incapacitaron por dolores de espalda y columna. En abril de 2016 me despidieron sin justa causa y sin autorización del inspector, y en el examen de retiro me detectaron hernia discal.","Código Sustantivo del Trabajo, Art. 62 - Terminación del contrato por justa causa",negativo_dificil_placeholder,0,T-703/16
"Trabajo desde 1980 como transcriptora de datos y me di cuenta que mis compañeros que hacen lo mismo que yo ganan más. La empresa dice que es porque ellos se pasaron a la Ley 50/90 y yo no, pero yo creo que me discriminan porque me pagan menos haciendo el mismo trabajo.",CP Art. 53,positivo,1,T-1075/00
"Trabajo desde 1980 como transcriptora de datos y me di cuenta que mis compañeros que hacen lo mismo que yo ganan más. La empresa dice que es porque ellos se pasaron a la Ley 50/90 y yo no, pero yo creo que me discriminan porque me pagan menos haciendo el mismo trabajo.",CST Art. 236,negativo_facil,0,T-1075/00
"Trabajo desde 1980 como transcriptora de datos y me di cuenta que mis compañeros que hacen lo mismo que yo ganan más. La empresa dice que es porque ellos se pasaron a la Ley 50/90 y yo no, pero yo creo que me discriminan porque me pagan menos haciendo el mismo trabajo.",CST Art. 143,negativo_dificil_placeholder,0,T-1075/00
"Trabajé como ayudante de municiones en varias ocasiones con contrato por obra. Digo que me cayó un taladro en la pierna en agosto de 2007 y la empresa no reportó el accidente. Me trataron como enfermedad común. Luego me despidieron cuando terminó la obra, pero yo estaba incapacitado y bajo tratamiento médico.",CST Art. 61 literal d,positivo,1,T-1097/08
"Trabajé como ayudante de municiones en varias ocasiones con contrato por obra. Digo que me cayó un taladro en la pierna en agosto de 2007 y la empresa no reportó el accidente. Me trataron como enfermedad común. Luego me despidieron cuando terminó la obra, pero yo estaba incapacitado y bajo tratamiento médico.","Ley 361 de 1997, Art. 26",positivo,1,T-1097/08
"Trabajé como ayudante de municiones en varias ocasiones con contrato por obra. Digo que me cayó un taladro en la pierna en agosto de 2007 y la empresa no reportó el accidente. Me trataron como enfermedad común. Luego me despidieron cuando terminó la obra, pero yo estaba incapacitado y bajo tratamiento médico.",CST Art. 236,negativo_facil,0,T-1097/08
"Trabajé como ayudante de municiones en varias ocasiones con contrato por obra. Digo que me cayó un taladro en la pierna en agosto de 2007 y la empresa no reportó el accidente. Me trataron como enfermedad común. Luego me despidieron cuando terminó la obra, pero yo estaba incapacitado y bajo tratamiento médico.",CST Art. 62 numeral 9,negativo_dificil_placeholder,0,T-1097/08
"Trabajé 8 años en un laboratorio, los últimos 2 con contrato a través de una temporal. Tuve mi hija en septiembre de 1999, tomé mi licencia de maternidad, y cuando esta terminó en diciembre me dijeron que me presentara en enero después de vacaciones. Pero en enero me llamaron por teléfono y me dijeron que estaba despedida desde el último día de mi incapacidad, sin carta ni nada escrito.",CST Art. 239,positivo,1,T-1153/00
"Trabajé 8 años en un laboratorio, los últimos 2 con contrato a través de una temporal. Tuve mi hija en septiembre de 1999, tomé mi licencia de maternidad, y cuando esta terminó en diciembre me dijeron que me presentara en enero después de vacaciones. Pero en enero me llamaron por teléfono y me dijeron que estaba despedida desde el último día de mi incapacidad, sin carta ni nada escrito.",CST Art. 236,negativo_facil,0,T-1153/00
"Trabajé 8 años en un laboratorio, los últimos 2 con contrato a través de una temporal. Tuve mi hija en septiembre de 1999, tomé mi licencia de maternidad, y cuando esta terminó en diciembre me dijeron que me presentara en enero después de vacaciones. Pero en enero me llamaron por teléfono y me dijeron que estaba despedida desde el último día de mi incapacidad, sin carta ni nada escrito.",CST Art. 240,negativo_dificil_placeholder,0,T-1153/00
"Trabajé como consultora de selección por obra o labor desde septiembre de 2022. El 28 de septiembre de 2023 me enteré que estaba embarazada y le avisé a mi jefa. Al día siguiente, 29 de septiembre, me despidieron sin justa causa. Intenté informar de nuevo mi embarazo pero me dijeron que ya estaba desvinculada. Luego confirmé el embarazo con exámenes médicos pero la empresa se negó a reintegrarme diciendo que les informé después del despido.",CST Art. 239,positivo,1,T-347/24
"Trabajé como consultora de selección por obra o labor desde septiembre de 2022. El 28 de septiembre de 2023 me enteré que estaba embarazada y le avisé a mi jefa. Al día siguiente, 29 de septiembre, me despidieron sin justa causa. Intenté informar de nuevo mi embarazo pero me dijeron que ya estaba desvinculada. Luego confirmé el embarazo con exámenes médicos pero la empresa se negó a reintegrarme diciendo que les informé después del despido.",CST Art. 236,positivo,1,T-347/24
"Trabajé como consultora de selección por obra o labor desde septiembre de 2022. El 28 de septiembre de 2023 me enteré que estaba embarazada y le avisé a mi jefa. Al día siguiente, 29 de septiembre, me despidieron sin justa causa. Intenté informar de nuevo mi embarazo pero me dijeron que ya estaba desvinculada. Luego confirmé el embarazo con exámenes médicos pero la empresa se negó a reintegrarme diciendo que les informé después del despido.",CST Art. 64,positivo,1,T-347/24
"Trabajé como consultora de selección por obra o labor desde septiembre de 2022. El 28 de septiembre de 2023 me enteré que estaba embarazada y le avisé a mi jefa. Al día siguiente, 29 de septiembre, me despidieron sin justa causa. Intenté informar de nuevo mi embarazo pero me dijeron que ya estaba desvinculada. Luego confirmé el embarazo con exámenes médicos pero la empresa se negó a reintegrarme diciendo que les informé después del despido.",CST Art. 186,negativo_facil,0,T-347/24
"Trabajé como consultora de selección por obra o labor desde septiembre de 2022. El 28 de septiembre de 2023 me enteré que estaba embarazada y le avisé a mi jefa. Al día siguiente, 29 de septiembre, me despidieron sin justa causa. Intenté informar de nuevo mi embarazo pero me dijeron que ya estaba desvinculada. Luego confirmé el embarazo con exámenes médicos pero la empresa se negó a reintegrarme diciendo que les informé después del despido.",CST Art. 240,negativo_dificil_placeholder,0,T-347/24
"Dos trabajadores fueron despedidos por CBI Colombia SA después de haber tenido problemas de salud. Uno había sido operado de un tumor benigno y lo despidieron durante sus incapacidades. El otro tenía problemas de columna y fue operado de la vesícula, y también lo despidieron estando enfermo. Ambos pedían ser reintegrados porque decían que los despidieron por su estado de salud.","Ley 361 de 1997, Art. 26",positivo,1,T-647/15
"Dos trabajadores fueron despedidos por CBI Colombia SA después de haber tenido problemas de salud. Uno había sido operado de un tumor benigno y lo despidieron durante sus incapacidades. El otro tenía problemas de columna y fue operado de la vesícula, y también lo despidieron estando enfermo. Ambos pedían ser reintegrados porque decían que los despidieron por su estado de salud.",CST Art. 236,negativo_facil,0,T-647/15
"Dos trabajadores fueron despedidos por CBI Colombia SA después de haber tenido problemas de salud. Uno había sido operado de un tumor benigno y lo despidieron durante sus incapacidades. El otro tenía problemas de columna y fue operado de la vesícula, y también lo despidieron estando enfermo. Ambos pedían ser reintegrados porque decían que los despidieron por su estado de salud.","Código Sustantivo del Trabajo, Art. 62 - Terminación del contrato por justa causa",negativo_dificil_placeholder,0,T-647/15
"Me despidieron estando en período de prueba después de sufrir un accidente de tránsito trabajando como conductor. El accidente me causó lesiones en tórax, columna y hombro derecho, pero la empresa no reportó nada a la ARP y me sacaron a los dos meses diciendo que estaba en prueba, sin tener en cuenta que yo estaba incapacitado.",CST Art. 58,positivo,1,T-410/11
"Me despidieron estando en período de prueba después de sufrir un accidente de tránsito trabajando como conductor. El accidente me causó lesiones en tórax, columna y hombro derecho, pero la empresa no reportó nada a la ARP y me sacaron a los dos meses diciendo que estaba en prueba, sin tener en cuenta que yo estaba incapacitado.",CST Art. 236,negativo_facil,0,T-410/11
"Me despidieron estando en período de prueba después de sufrir un accidente de tránsito trabajando como conductor. El accidente me causó lesiones en tórax, columna y hombro derecho, pero la empresa no reportó nada a la ARP y me sacaron a los dos meses diciendo que estaba en prueba, sin tener en cuenta que yo estaba incapacitado.",CST Art. 61,negativo_dificil_placeholder,0,T-410/11
Trabajé como auxiliar de enfermería con contrato a término fijo hasta diciembre de 1999. Seguí haciendo turnos en enero y les avisé que estaba embarazada el 17 de enero de 2000. El 24 de enero me dijeron que el contrato ya había terminado desde diciembre y me dejaron sin trabajo estando embarazada.,CST Art. 239,positivo,1,T-1245/00
Trabajé como auxiliar de enfermería con contrato a término fijo hasta diciembre de 1999. Seguí haciendo turnos en enero y les avisé que estaba embarazada el 17 de enero de 2000. El 24 de enero me dijeron que el contrato ya había terminado desde diciembre y me dejaron sin trabajo estando embarazada.,CST Art. 236,negativo_facil,0,T-1245/00
Trabajé como auxiliar de enfermería con contrato a término fijo hasta diciembre de 1999. Seguí haciendo turnos en enero y les avisé que estaba embarazada el 17 de enero de 2000. El 24 de enero me dijeron que el contrato ya había terminado desde diciembre y me dejaron sin trabajo estando embarazada.,CST Art. 46,negativo_dificil_placeholder,0,T-1245/00
"Trabajé en Telecom como servidor público y me despidieron el 25 de julio de 2003 sin tener en cuenta que soy padre cabeza de familia. Después la Corte ordenó que notificaran a los ex funcionarios para reintegrarlos si cumplían requisitos, presenté mi documentación pero me negaron el reintegro porque al momento de mi desvinculación mi esposa aparecía como beneficiaria en la EPS, aunque en realidad estábamos separados de hecho desde mayo de 2003.",Ley 790 de 2002,positivo,1,T-486/06
"Trabajé en Telecom como servidor público y me despidieron el 25 de julio de 2003 sin tener en cuenta que soy padre cabeza de familia. Después la Corte ordenó que notificaran a los ex funcionarios para reintegrarlos si cumplían requisitos, presenté mi documentación pero me negaron el reintegro porque al momento de mi desvinculación mi esposa aparecía como beneficiaria en la EPS, aunque en realidad estábamos separados de hecho desde mayo de 2003.",Decreto 190 de 2003,positivo,1,T-486/06
"Trabajé en Telecom como servidor público y me despidieron el 25 de julio de 2003 sin tener en cuenta que soy padre cabeza de familia. Después la Corte ordenó que notificaran a los ex funcionarios para reintegrarlos si cumplían requisitos, presenté mi documentación pero me negaron el reintegro porque al momento de mi desvinculación mi esposa aparecía como beneficiaria en la EPS, aunque en realidad estábamos separados de hecho desde mayo de 2003.",CST Art. 236,negativo_facil,0,T-486/06
"Trabajé en Telecom como servidor público y me despidieron el 25 de julio de 2003 sin tener en cuenta que soy padre cabeza de familia. Después la Corte ordenó que notificaran a los ex funcionarios para reintegrarlos si cumplían requisitos, presenté mi documentación pero me negaron el reintegro porque al momento de mi desvinculación mi esposa aparecía como beneficiaria en la EPS, aunque en realidad estábamos separados de hecho desde mayo de 2003.",Artículo 239 del Código Sustantivo del Trabajo,negativo_dificil_placeholder,0,T-486/06
"Trabajé como tecnólogo de distribución rural en Codensa desde julio de 2004 hasta noviembre de 2015. Me programaban turnos de disponibilidad para atender emergencias eléctricas, pero solo me pagaban las horas cuando efectivamente me llamaban y atendía la emergencia, no todo el tiempo que estaba disponible esperando la llamada.",CST Art. 23,positivo,1,SL-1514/23
"Trabajé como tecnólogo de distribución rural en Codensa desde julio de 2004 hasta noviembre de 2015. Me programaban turnos de disponibilidad para atender emergencias eléctricas, pero solo me pagaban las horas cuando efectivamente me llamaban y atendía la emergencia, no todo el tiempo que estaba disponible esperando la llamada.",CST Art. 127,positivo,1,SL-1514/23
"Trabajé como tecnólogo de distribución rural en Codensa desde julio de 2004 hasta noviembre de 2015. Me programaban turnos de disponibilidad para atender emergencias eléctricas, pero solo me pagaban las horas cuando efectivamente me llamaban y atendía la emergencia, no todo el tiempo que estaba disponible esperando la llamada.",CST Art. 168,positivo,1,SL-1514/23
"Trabajé como tecnólogo de distribución rural en Codensa desde julio de 2004 hasta noviembre de 2015. Me programaban turnos de disponibilidad para atender emergencias eléctricas, pero solo me pagaban las horas cuando efectivamente me llamaban y atendía la emergencia, no todo el tiempo que estaba disponible esperando la llamada.",CST Art. 236,negativo_facil,0,SL-1514/23
"Trabajé como tecnólogo de distribución rural en Codensa desde julio de 2004 hasta noviembre de 2015. Me programaban turnos de disponibilidad para atender emergencias eléctricas, pero solo me pagaban las horas cuando efectivamente me llamaban y atendía la emergencia, no todo el tiempo que estaba disponible esperando la llamada.",CST Art. 161 - Jornada ordinaria,negativo_dificil_placeholder,0,SL-1514/23
"Trabajé 9 años en Cementos Argos y me despidieron sin justa causa en 2016. Soy padre cabeza de familia porque tengo una hija menor con parálisis cerebral (81.5% de discapacidad) que depende de mí económicamente. Mi esposa se dedica al cuidado permanente de la niña por su condición médica. Interpuse tutela que me dieron en segunda instancia, pero después me trasladaron a otra planta y luego me despidieron.","Ley 82 de 1993, Art. 2",positivo,1,SL-1166/23
"Trabajé 9 años en Cementos Argos y me despidieron sin justa causa en 2016. Soy padre cabeza de familia porque tengo una hija menor con parálisis cerebral (81.5% de discapacidad) que depende de mí económicamente. Mi esposa se dedica al cuidado permanente de la niña por su condición médica. Interpuse tutela que me dieron en segunda instancia, pero después me trasladaron a otra planta y luego me despidieron.","Ley 1232 de 2008, Art. 1",positivo,1,SL-1166/23
"Trabajé 9 años en Cementos Argos y me despidieron sin justa causa en 2016. Soy padre cabeza de familia porque tengo una hija menor con parálisis cerebral (81.5% de discapacidad) que depende de mí económicamente. Mi esposa se dedica al cuidado permanente de la niña por su condición médica. Interpuse tutela que me dieron en segunda instancia, pero después me trasladaron a otra planta y luego me despidieron.",CST Art. 236,negativo_facil,0,SL-1166/23
"Trabajé 9 años en Cementos Argos y me despidieron sin justa causa en 2016. Soy padre cabeza de familia porque tengo una hija menor con parálisis cerebral (81.5% de discapacidad) que depende de mí económicamente. Mi esposa se dedica al cuidado permanente de la niña por su condición médica. Interpuse tutela que me dieron en segunda instancia, pero después me trasladaron a otra planta y luego me despidieron.","Código Sustantivo del Trabajo, Art. 26",negativo_dificil_placeholder,0,SL-1166/23
"Trabajé como mayordomo en una finca desde mayo de 2017 junto con mi esposa, quien preparaba comida para los trabajadores y hacía aseo. En octubre de 2017 hubo una explosión de un fogón que mató a mi esposa por quemaduras y a mí me dejó lesionado. El patrón nunca nos afilió a seguridad social ni tenía elementos de seguridad en la finca.",CST Art. 24,positivo,1,SL-1050/23
"Trabajé como mayordomo en una finca desde mayo de 2017 junto con mi esposa, quien preparaba comida para los trabajadores y hacía aseo. En octubre de 2017 hubo una explosión de un fogón que mató a mi esposa por quemaduras y a mí me dejó lesionado. El patrón nunca nos afilió a seguridad social ni tenía elementos de seguridad en la finca.",CST Art. 236,negativo_facil,0,SL-1050/23
"Trabajé como mayordomo en una finca desde mayo de 2017 junto con mi esposa, quien preparaba comida para los trabajadores y hacía aseo. En octubre de 2017 hubo una explosión de un fogón que mató a mi esposa por quemaduras y a mí me dejó lesionado. El patrón nunca nos afilió a seguridad social ni tenía elementos de seguridad en la finca.",CST Art. 22,negativo_dificil_placeholder,0,SL-1050/23
"Trabajé como pintor en Industrias Mussgo desde septiembre de 2000 hasta diciembre de 2016, durante 16 años. Me decían que era contratista independiente y me pagaban con cuentas de cobro, pero yo trabajaba en sus instalaciones, con sus herramientas, en horario fijo de lunes a sábado, y me llamaban la atención cuando llegaba tarde. Renuncié y nunca me pagaron prestaciones sociales ni me afiliaron a seguridad social.",CST Art. 23,positivo,1,SL-2338/23
"Trabajé como pintor en Industrias Mussgo desde septiembre de 2000 hasta diciembre de 2016, durante 16 años. Me decían que era contratista independiente y me pagaban con cuentas de cobro, pero yo trabajaba en sus instalaciones, con sus herramientas, en horario fijo de lunes a sábado, y me llamaban la atención cuando llegaba tarde. Renuncié y nunca me pagaron prestaciones sociales ni me afiliaron a seguridad social.",CST Art. 24,positivo,1,SL-2338/23
"Trabajé como pintor en Industrias Mussgo desde septiembre de 2000 hasta diciembre de 2016, durante 16 años. Me decían que era contratista independiente y me pagaban con cuentas de cobro, pero yo trabajaba en sus instalaciones, con sus herramientas, en horario fijo de lunes a sábado, y me llamaban la atención cuando llegaba tarde. Renuncié y nunca me pagaron prestaciones sociales ni me afiliaron a seguridad social.",CST Art. 65,positivo,1,SL-2338/23
"Trabajé como pintor en Industrias Mussgo desde septiembre de 2000 hasta diciembre de 2016, durante 16 años. Me decían que era contratista independiente y me pagaban con cuentas de cobro, pero yo trabajaba en sus instalaciones, con sus herramientas, en horario fijo de lunes a sábado, y me llamaban la atención cuando llegaba tarde. Renuncié y nunca me pagaron prestaciones sociales ni me afiliaron a seguridad social.","Ley 50 de 1990, Art. 99",positivo,1,SL-2338/23
"Trabajé como pintor en Industrias Mussgo desde septiembre de 2000 hasta diciembre de 2016, durante 16 años. Me decían que era contratista independiente y me pagaban con cuentas de cobro, pero yo trabajaba en sus instalaciones, con sus herramientas, en horario fijo de lunes a sábado, y me llamaban la atención cuando llegaba tarde. Renuncié y nunca me pagaron prestaciones sociales ni me afiliaron a seguridad social.","Ley 100 de 1993, Art. 17",positivo,1,SL-2338/23
"Trabajé como pintor en Industrias Mussgo desde septiembre de 2000 hasta diciembre de 2016, durante 16 años. Me decían que era contratista independiente y me pagaban con cuentas de cobro, pero yo trabajaba en sus instalaciones, con sus herramientas, en horario fijo de lunes a sábado, y me llamaban la atención cuando llegaba tarde. Renuncié y nunca me pagaron prestaciones sociales ni me afiliaron a seguridad social.","Ley 100 de 1993, Art. 204",positivo,1,SL-2338/23
"Trabajé como pintor en Industrias Mussgo desde septiembre de 2000 hasta diciembre de 2016, durante 16 años. Me decían que era contratista independiente y me pagaban con cuentas de cobro, pero yo trabajaba en sus instalaciones, con sus herramientas, en horario fijo de lunes a sábado, y me llamaban la atención cuando llegaba tarde. Renuncié y nunca me pagaron prestaciones sociales ni me afiliaron a seguridad social.",CST Art. 236,negativo_facil,0,SL-2338/23
"Trabajé como pintor en Industrias Mussgo desde septiembre de 2000 hasta diciembre de 2016, durante 16 años. Me decían que era contratista independiente y me pagaban con cuentas de cobro, pero yo trabajaba en sus instalaciones, con sus herramientas, en horario fijo de lunes a sábado, y me llamaban la atención cuando llegaba tarde. Renuncié y nunca me pagaron prestaciones sociales ni me afiliaron a seguridad social.",CST Art. 34,negativo_dificil_placeholder,0,SL-2338/23
"Trabajé para Welltec desde junio de 2010 en Colombia como gerente, estableciendo la sucursal acá. Me pagaban desde Estados Unidos y me tenían subordinado a jefes en Brasil. Renuncié por falta de apoyo, acoso laboral y porque no me afiliaron a seguridad social. Pedí que reconocieran que fue contrato colombiano y me pagaran prestaciones.",CST Art. 2,positivo,1,SL-646/23
"Trabajé para Welltec desde junio de 2010 en Colombia como gerente, estableciendo la sucursal acá. Me pagaban desde Estados Unidos y me tenían subordinado a jefes en Brasil. Renuncié por falta de apoyo, acoso laboral y porque no me afiliaron a seguridad social. Pedí que reconocieran que fue contrato colombiano y me pagaran prestaciones.",CST Art. 23,positivo,1,SL-646/23
"Trabajé para Welltec desde junio de 2010 en Colombia como gerente, estableciendo la sucursal acá. Me pagaban desde Estados Unidos y me tenían subordinado a jefes en Brasil. Renuncié por falta de apoyo, acoso laboral y porque no me afiliaron a seguridad social. Pedí que reconocieran que fue contrato colombiano y me pagaran prestaciones.",CST Art. 236,negativo_facil,0,SL-646/23
"Trabajé para Welltec desde junio de 2010 en Colombia como gerente, estableciendo la sucursal acá. Me pagaban desde Estados Unidos y me tenían subordinado a jefes en Brasil. Renuncié por falta de apoyo, acoso laboral y porque no me afiliaron a seguridad social. Pedí que reconocieran que fue contrato colombiano y me pagaran prestaciones.",CST Art. 127,negativo_dificil_placeholder,0,SL-646/23
"Trabajé en Avianca desde 1996 hasta 2013, primero directo, luego me pasaron por varias cooperativas de trabajo (CTA) entre 2003 y 2012, y de nuevo directo hasta que me despidieron en marzo de 2013. Siempre hice el mismo trabajo de contador de inventarios en sus instalaciones y con sus jefes dándome órdenes. Me despidieron sin seguir el procedimiento de la convención colectiva y no me reconocieron los beneficios convencionales.",CST Art. 23,positivo,1,SL-780/23
"Trabajé en Avianca desde 1996 hasta 2013, primero directo, luego me pasaron por varias cooperativas de trabajo (CTA) entre 2003 y 2012, y de nuevo directo hasta que me despidieron en marzo de 2013. Siempre hice el mismo trabajo de contador de inventarios en sus instalaciones y con sus jefes dándome órdenes. Me despidieron sin seguir el procedimiento de la convención colectiva y no me reconocieron los beneficios convencionales.",CST Art. 46,positivo,1,SL-780/23
"Trabajé en Avianca desde 1996 hasta 2013, primero directo, luego me pasaron por varias cooperativas de trabajo (CTA) entre 2003 y 2012, y de nuevo directo hasta que me despidieron en marzo de 2013. Siempre hice el mismo trabajo de contador de inventarios en sus instalaciones y con sus jefes dándome órdenes. Me despidieron sin seguir el procedimiento de la convención colectiva y no me reconocieron los beneficios convencionales.",CST Art. 65,positivo,1,SL-780/23
"Trabajé en Avianca desde 1996 hasta 2013, primero directo, luego me pasaron por varias cooperativas de trabajo (CTA) entre 2003 y 2012, y de nuevo directo hasta que me despidieron en marzo de 2013. Siempre hice el mismo trabajo de contador de inventarios en sus instalaciones y con sus jefes dándome órdenes. Me despidieron sin seguir el procedimiento de la convención colectiva y no me reconocieron los beneficios convencionales.",Constitución Política Art. 53,positivo,1,SL-780/23
"Trabajé en Avianca desde 1996 hasta 2013, primero directo, luego me pasaron por varias cooperativas de trabajo (CTA) entre 2003 y 2012, y de nuevo directo hasta que me despidieron en marzo de 2013. Siempre hice el mismo trabajo de contador de inventarios en sus instalaciones y con sus jefes dándome órdenes. Me despidieron sin seguir el procedimiento de la convención colectiva y no me reconocieron los beneficios convencionales.",CPTSS Art. 50,positivo,1,SL-780/23
"Trabajé en Avianca desde 1996 hasta 2013, primero directo, luego me pasaron por varias cooperativas de trabajo (CTA) entre 2003 y 2012, y de nuevo directo hasta que me despidieron en marzo de 2013. Siempre hice el mismo trabajo de contador de inventarios en sus instalaciones y con sus jefes dándome órdenes. Me despidieron sin seguir el procedimiento de la convención colectiva y no me reconocieron los beneficios convencionales.",CST Art. 236,negativo_facil,0,SL-780/23
"Trabajé en Avianca desde 1996 hasta 2013, primero directo, luego me pasaron por varias cooperativas de trabajo (CTA) entre 2003 y 2012, y de nuevo directo hasta que me despidieron en marzo de 2013. Siempre hice el mismo trabajo de contador de inventarios en sus instalaciones y con sus jefes dándome órdenes. Me despidieron sin seguir el procedimiento de la convención colectiva y no me reconocieron los beneficios convencionales.",CST Art. 34,negativo_dificil_placeholder,0,SL-780/23
"Trabajé desde diciembre de 2011 hasta junio de 2013 como jefe del sistema de información geográfica y arquitecto para Distromel Andina Ltda., quien tenía contrato con la UAESP. Renuncié porque me debían 8 meses y 19 días de salario. Después de renunciar, Distromel nunca me pagó los salarios ni prestaciones sociales que me debían.",CST Art. 34,positivo,1,SL-4873/21
"Trabajé desde diciembre de 2011 hasta junio de 2013 como jefe del sistema de información geográfica y arquitecto para Distromel Andina Ltda., quien tenía contrato con la UAESP. Renuncié porque me debían 8 meses y 19 días de salario. Después de renunciar, Distromel nunca me pagó los salarios ni prestaciones sociales que me debían.","Decreto 2351 de 1965, Art. 3",positivo,1,SL-4873/21
"Trabajé desde diciembre de 2011 hasta junio de 2013 como jefe del sistema de información geográfica y arquitecto para Distromel Andina Ltda., quien tenía contrato con la UAESP. Renuncié porque me debían 8 meses y 19 días de salario. Después de renunciar, Distromel nunca me pagó los salarios ni prestaciones sociales que me debían.",CST Art. 236,negativo_facil,0,SL-4873/21
"Trabajé desde diciembre de 2011 hasta junio de 2013 como jefe del sistema de información geográfica y arquitecto para Distromel Andina Ltda., quien tenía contrato con la UAESP. Renuncié porque me debían 8 meses y 19 días de salario. Después de renunciar, Distromel nunca me pagó los salarios ni prestaciones sociales que me debían.",CST Art. 64,negativo_dificil_placeholder,0,SL-4873/21
"Trabajé 11 años como Director de Arriendos en RV Inmobiliaria SA desde 2005 hasta enero de 2016, cuando me despidieron alegando que violé la cláusula de exclusividad porque fui accionista al momento de constituir Blue Smart Inmobiliaria SAS en 2013, aunque ya había vendido mis acciones en 2014 y nunca trabajé para esa empresa ni hice competencia desleal.",CST Art. 64,positivo,1,SL-1287/21
"Trabajé 11 años como Director de Arriendos en RV Inmobiliaria SA desde 2005 hasta enero de 2016, cuando me despidieron alegando que violé la cláusula de exclusividad porque fui accionista al momento de constituir Blue Smart Inmobiliaria SAS en 2013, aunque ya había vendido mis acciones en 2014 y nunca trabajé para esa empresa ni hice competencia desleal.",CST Art. 236,negativo_facil,0,SL-1287/21
"Trabajé 11 años como Director de Arriendos en RV Inmobiliaria SA desde 2005 hasta enero de 2016, cuando me despidieron alegando que violé la cláusula de exclusividad porque fui accionista al momento de constituir Blue Smart Inmobiliaria SAS en 2013, aunque ya había vendido mis acciones en 2014 y nunca trabajé para esa empresa ni hice competencia desleal.",CST Art. 60,negativo_dificil_placeholder,0,SL-1287/21
"Trabajé 12 años y medio en Cerro Matoso como minero operador. Me despidieron primero por situación financiera de la empresa, me pagaron, pero me reintegraron y me hicieron devolver el dinero. Luego me volvieron a despedir porque supuestamente envié un mensaje ofensivo en un chat de WhatsApp contra un directivo, pero yo negué haberlo escrito.","Convención Colectiva de Trabajo con Sintracerromatoso, Art. 14 literal d",positivo,1,SL-1114/21
"Trabajé 12 años y medio en Cerro Matoso como minero operador. Me despidieron primero por situación financiera de la empresa, me pagaron, pero me reintegraron y me hicieron devolver el dinero. Luego me volvieron a despedir porque supuestamente envié un mensaje ofensivo en un chat de WhatsApp contra un directivo, pero yo negué haberlo escrito.",CST Art. 62 literal A numeral 2,positivo,1,SL-1114/21
"Trabajé 12 años y medio en Cerro Matoso como minero operador. Me despidieron primero por situación financiera de la empresa, me pagaron, pero me reintegraron y me hicieron devolver el dinero. Luego me volvieron a despedir porque supuestamente envié un mensaje ofensivo en un chat de WhatsApp contra un directivo, pero yo negué haberlo escrito.",CST Art. 236,negativo_facil,0,SL-1114/21
"Trabajé 12 años y medio en Cerro Matoso como minero operador. Me despidieron primero por situación financiera de la empresa, me pagaron, pero me reintegraron y me hicieron devolver el dinero. Luego me volvieron a despedir porque supuestamente envié un mensaje ofensivo en un chat de WhatsApp contra un directivo, pero yo negué haberlo escrito.",CST Art. 58 literal A numeral 6,negativo_dificil_placeholder,0,SL-1114/21
"Trabajé en la hacienda El Madroñal desde enero de 2006 hasta agosto de 2013 regando caña de azúcar y como cabo de cuadrilla, ganando $2.500.000 mensuales. El 13 de agosto de 2013 el patrón me dijo que ya no continuaría y nunca me pagó cesantías, primas, vacaciones ni nada de lo que me debía.",CST Art. 24,positivo,1,SL-2096/21
"Trabajé en la hacienda El Madroñal desde enero de 2006 hasta agosto de 2013 regando caña de azúcar y como cabo de cuadrilla, ganando $2.500.000 mensuales. El 13 de agosto de 2013 el patrón me dijo que ya no continuaría y nunca me pagó cesantías, primas, vacaciones ni nada de lo que me debía.",CGP Art. 167,positivo,1,SL-2096/21
"Trabajé en la hacienda El Madroñal desde enero de 2006 hasta agosto de 2013 regando caña de azúcar y como cabo de cuadrilla, ganando $2.500.000 mensuales. El 13 de agosto de 2013 el patrón me dijo que ya no continuaría y nunca me pagó cesantías, primas, vacaciones ni nada de lo que me debía.",CPTSS Art. 54A,positivo,1,SL-2096/21
"Trabajé en la hacienda El Madroñal desde enero de 2006 hasta agosto de 2013 regando caña de azúcar y como cabo de cuadrilla, ganando $2.500.000 mensuales. El 13 de agosto de 2013 el patrón me dijo que ya no continuaría y nunca me pagó cesantías, primas, vacaciones ni nada de lo que me debía.",CGP Art. 244,positivo,1,SL-2096/21
"Trabajé en la hacienda El Madroñal desde enero de 2006 hasta agosto de 2013 regando caña de azúcar y como cabo de cuadrilla, ganando $2.500.000 mensuales. El 13 de agosto de 2013 el patrón me dijo que ya no continuaría y nunca me pagó cesantías, primas, vacaciones ni nada de lo que me debía.",CST Art. 236,negativo_facil,0,SL-2096/21
"Trabajé en la hacienda El Madroñal desde enero de 2006 hasta agosto de 2013 regando caña de azúcar y como cabo de cuadrilla, ganando $2.500.000 mensuales. El 13 de agosto de 2013 el patrón me dijo que ya no continuaría y nunca me pagó cesantías, primas, vacaciones ni nada de lo que me debía.",CST Art. 64,negativo_dificil_placeholder,0,SL-2096/21
"Trabajé como presidenta y representante legal de la fiduciaria desde 1995 hasta 2013, me trataron de bandida y mentirosa en reuniones de junta directiva porque me opuse a operaciones riesgosas, me presionaron y maltrataron hasta que renuncié el 19 de septiembre de 2013. Pedí que se reconociera que fui inducida a renunciar y que en realidad fue un despido indirecto.",CST Art. 62,positivo,1,SL-1636/21
"Trabajé como presidenta y representante legal de la fiduciaria desde 1995 hasta 2013, me trataron de bandida y mentirosa en reuniones de junta directiva porque me opuse a operaciones riesgosas, me presionaron y maltrataron hasta que renuncié el 19 de septiembre de 2013. Pedí que se reconociera que fui inducida a renunciar y que en realidad fue un despido indirecto.",CST Art. 64,positivo,1,SL-1636/21
"Trabajé como presidenta y representante legal de la fiduciaria desde 1995 hasta 2013, me trataron de bandida y mentirosa en reuniones de junta directiva porque me opuse a operaciones riesgosas, me presionaron y maltrataron hasta que renuncié el 19 de septiembre de 2013. Pedí que se reconociera que fui inducida a renunciar y que en realidad fue un despido indirecto.",CST Art. 236,negativo_facil,0,SL-1636/21
"Trabajé como presidenta y representante legal de la fiduciaria desde 1995 hasta 2013, me trataron de bandida y mentirosa en reuniones de junta directiva porque me opuse a operaciones riesgosas, me presionaron y maltrataron hasta que renuncié el 19 de septiembre de 2013. Pedí que se reconociera que fui inducida a renunciar y que en realidad fue un despido indirecto.",CST Art. 61,negativo_dificil_placeholder,0,SL-1636/21
"Trabajé 24 años como operario de montacargas y me despidieron después de que un compañero ebrio me agredió verbalmente con insultos racistas llamándome 'negro hijueputa' y 'negro bruto'. Yo reaccioné lanzándole mi casco. La empresa nos despidió a los dos por igual, sin considerar que yo solo me defendí de la agresión discriminatoria.",CST Art. 62 literal a numeral 2,positivo,1,SL-2850/20
"Trabajé 24 años como operario de montacargas y me despidieron después de que un compañero ebrio me agredió verbalmente con insultos racistas llamándome 'negro hijueputa' y 'negro bruto'. Yo reaccioné lanzándole mi casco. La empresa nos despidió a los dos por igual, sin considerar que yo solo me defendí de la agresión discriminatoria.","Ley 50 de 1990, Art. 6",positivo,1,SL-2850/20
"Trabajé 24 años como operario de montacargas y me despidieron después de que un compañero ebrio me agredió verbalmente con insultos racistas llamándome 'negro hijueputa' y 'negro bruto'. Yo reaccioné lanzándole mi casco. La empresa nos despidió a los dos por igual, sin considerar que yo solo me defendí de la agresión discriminatoria.","Ley 789 de 2002, Art. 28",positivo,1,SL-2850/20
"Trabajé 24 años como operario de montacargas y me despidieron después de que un compañero ebrio me agredió verbalmente con insultos racistas llamándome 'negro hijueputa' y 'negro bruto'. Yo reaccioné lanzándole mi casco. La empresa nos despidió a los dos por igual, sin considerar que yo solo me defendí de la agresión discriminatoria.",CCT Art. 40,positivo,1,SL-2850/20
"Trabajé 24 años como operario de montacargas y me despidieron después de que un compañero ebrio me agredió verbalmente con insultos racistas llamándome 'negro hijueputa' y 'negro bruto'. Yo reaccioné lanzándole mi casco. La empresa nos despidió a los dos por igual, sin considerar que yo solo me defendí de la agresión discriminatoria.",CST Art. 236,negativo_facil,0,SL-2850/20
"Trabajé 24 años como operario de montacargas y me despidieron después de que un compañero ebrio me agredió verbalmente con insultos racistas llamándome 'negro hijueputa' y 'negro bruto'. Yo reaccioné lanzándole mi casco. La empresa nos despidió a los dos por igual, sin considerar que yo solo me defendí de la agresión discriminatoria.",CST Art. 58 literal a numeral 6,negativo_dificil_placeholder,0,SL-2850/20
"Mi esposo Rafael trabajaba como revisor de mercancía para Coocadecar/Carulla Vivero. El 13 de agosto de 2005, su supervisor le ordenó subirse a una estiva levantada por montacarga para pintar una pared, la estiva se volcó y murió. Quedamos yo y mis dos hijas menores sin sustento. Demandamos porque no le dieron medidas de seguridad ni protección.",CST Art. 216,positivo,1,SL-1565/20
"Mi esposo Rafael trabajaba como revisor de mercancía para Coocadecar/Carulla Vivero. El 13 de agosto de 2005, su supervisor le ordenó subirse a una estiva levantada por montacarga para pintar una pared, la estiva se volcó y murió. Quedamos yo y mis dos hijas menores sin sustento. Demandamos porque no le dieron medidas de seguridad ni protección.","Decreto 2025 de 2011, Art. 1",positivo,1,SL-1565/20
"Mi esposo Rafael trabajaba como revisor de mercancía para Coocadecar/Carulla Vivero. El 13 de agosto de 2005, su supervisor le ordenó subirse a una estiva levantada por montacarga para pintar una pared, la estiva se volcó y murió. Quedamos yo y mis dos hijas menores sin sustento. Demandamos porque no le dieron medidas de seguridad ni protección.","Decreto 4588 de 2006, Art. 17",positivo,1,SL-1565/20
"Mi esposo Rafael trabajaba como revisor de mercancía para Coocadecar/Carulla Vivero. El 13 de agosto de 2005, su supervisor le ordenó subirse a una estiva levantada por montacarga para pintar una pared, la estiva se volcó y murió. Quedamos yo y mis dos hijas menores sin sustento. Demandamos porque no le dieron medidas de seguridad ni protección.","Resolución 2400 de 1979, Art. 2",positivo,1,SL-1565/20
"Mi esposo Rafael trabajaba como revisor de mercancía para Coocadecar/Carulla Vivero. El 13 de agosto de 2005, su supervisor le ordenó subirse a una estiva levantada por montacarga para pintar una pared, la estiva se volcó y murió. Quedamos yo y mis dos hijas menores sin sustento. Demandamos porque no le dieron medidas de seguridad ni protección.",CST Art. 236,negativo_facil,0,SL-1565/20
"Mi esposo Rafael trabajaba como revisor de mercancía para Coocadecar/Carulla Vivero. El 13 de agosto de 2005, su supervisor le ordenó subirse a una estiva levantada por montacarga para pintar una pared, la estiva se volcó y murió. Quedamos yo y mis dos hijas menores sin sustento. Demandamos porque no le dieron medidas de seguridad ni protección.",CST Art. 220,negativo_dificil_placeholder,0,SL-1565/20
"Trabajé como ayudante eléctrico desde diciembre de 2002 hasta agosto de 2003. El 1 de febrero de 2003 sufrí un accidente de trabajo cuando explotó un taco de dinamita mientras instalaba postes de alumbrado, porque mi empleador no verificó que la zona estuviera segura después de que habían usado explosivos.",CST Art. 216,positivo,1,SL-2906/20
"Trabajé como ayudante eléctrico desde diciembre de 2002 hasta agosto de 2003. El 1 de febrero de 2003 sufrí un accidente de trabajo cuando explotó un taco de dinamita mientras instalaba postes de alumbrado, porque mi empleador no verificó que la zona estuviera segura después de que habían usado explosivos.",CST Art. 56,positivo,1,SL-2906/20
"Trabajé como ayudante eléctrico desde diciembre de 2002 hasta agosto de 2003. El 1 de febrero de 2003 sufrí un accidente de trabajo cuando explotó un taco de dinamita mientras instalaba postes de alumbrado, porque mi empleador no verificó que la zona estuviera segura después de que habían usado explosivos.",CST Art. 236,negativo_facil,0,SL-2906/20
"Trabajé como ayudante eléctrico desde diciembre de 2002 hasta agosto de 2003. El 1 de febrero de 2003 sufrí un accidente de trabajo cuando explotó un taco de dinamita mientras instalaba postes de alumbrado, porque mi empleador no verificó que la zona estuviera segura después de que habían usado explosivos.",CST Art. 57 numeral 2,negativo_dificil_placeholder,0,SL-2906/20
"Trabajé desde octubre de 2006 hasta julio de 2013 como auxiliar de producción. Desde 2011 empecé con problemas de salud (túnel carpiano, dolores crónicos, radiculopatía) que me generaron varias incapacidades. Me despidieron en julio de 2013 cuando estaba enferma y en tratamiento médico, sin pedir permiso al Ministerio del Trabajo.","Ley 361 de 1997, Art. 26",positivo,1,SL-3488/20
"Trabajé desde octubre de 2006 hasta julio de 2013 como auxiliar de producción. Desde 2011 empecé con problemas de salud (túnel carpiano, dolores crónicos, radiculopatía) que me generaron varias incapacidades. Me despidieron en julio de 2013 cuando estaba enferma y en tratamiento médico, sin pedir permiso al Ministerio del Trabajo.",CST Art. 236,negativo_facil,0,SL-3488/20
"Trabajé desde octubre de 2006 hasta julio de 2013 como auxiliar de producción. Desde 2011 empecé con problemas de salud (túnel carpiano, dolores crónicos, radiculopatía) que me generaron varias incapacidades. Me despidieron en julio de 2013 cuando estaba enferma y en tratamiento médico, sin pedir permiso al Ministerio del Trabajo.","Código Sustantivo del Trabajo, Art. 62 - Terminación del contrato por justa causa",negativo_dificil_placeholder,0,SL-3488/20
"Trabajé como vigilante desde el 23 de enero hasta el 12 de septiembre de 2003 en una constructora. Me despidieron sin justa causa y sin pagarme salarios ni prestaciones sociales, alegando que les debían dinero de unas obras. Trabajaba doble turno, de día y de noche, cuidando la obra.",CST Art. 65,positivo,1,SL-16967/17
"Trabajé como vigilante desde el 23 de enero hasta el 12 de septiembre de 2003 en una constructora. Me despidieron sin justa causa y sin pagarme salarios ni prestaciones sociales, alegando que les debían dinero de unas obras. Trabajaba doble turno, de día y de noche, cuidando la obra.",CST Art. 236,negativo_facil,0,SL-16967/17
"Trabajé como vigilante desde el 23 de enero hasta el 12 de septiembre de 2003 en una constructora. Me despidieron sin justa causa y sin pagarme salarios ni prestaciones sociales, alegando que les debían dinero de unas obras. Trabajaba doble turno, de día y de noche, cuidando la obra.",CST Art. 64,negativo_dificil_placeholder,0,SL-16967/17
Trabajé como médico en Salud Total EPS desde 2001 hasta 2017. Me pagaban un salario básico de $1'959.000 pero además me daban $1'186.400 como 'beneficios no salariales' que iban a un fondo de pensiones voluntarias. Cuando terminó mi contrato reclamé porque las prestaciones sociales me las liquidaron solo con el salario básico y no con el total que yo realmente recibía cada mes.,CST Art. 127,positivo,1,SL-3121/23
Trabajé como médico en Salud Total EPS desde 2001 hasta 2017. Me pagaban un salario básico de $1'959.000 pero además me daban $1'186.400 como 'beneficios no salariales' que iban a un fondo de pensiones voluntarias. Cuando terminó mi contrato reclamé porque las prestaciones sociales me las liquidaron solo con el salario básico y no con el total que yo realmente recibía cada mes.,CST Art. 128,positivo,1,SL-3121/23
Trabajé como médico en Salud Total EPS desde 2001 hasta 2017. Me pagaban un salario básico de $1'959.000 pero además me daban $1'186.400 como 'beneficios no salariales' que iban a un fondo de pensiones voluntarias. Cuando terminó mi contrato reclamé porque las prestaciones sociales me las liquidaron solo con el salario básico y no con el total que yo realmente recibía cada mes.,CST Art. 132,positivo,1,SL-3121/23
Trabajé como médico en Salud Total EPS desde 2001 hasta 2017. Me pagaban un salario básico de $1'959.000 pero además me daban $1'186.400 como 'beneficios no salariales' que iban a un fondo de pensiones voluntarias. Cuando terminó mi contrato reclamé porque las prestaciones sociales me las liquidaron solo con el salario básico y no con el total que yo realmente recibía cada mes.,"Ley 50 de 1990, Art. 15",positivo,1,SL-3121/23
Trabajé como médico en Salud Total EPS desde 2001 hasta 2017. Me pagaban un salario básico de $1'959.000 pero además me daban $1'186.400 como 'beneficios no salariales' que iban a un fondo de pensiones voluntarias. Cuando terminó mi contrato reclamé porque las prestaciones sociales me las liquidaron solo con el salario básico y no con el total que yo realmente recibía cada mes.,"Ley 1393 de 2010, Art. 30",positivo,1,SL-3121/23
Trabajé como médico en Salud Total EPS desde 2001 hasta 2017. Me pagaban un salario básico de $1'959.000 pero además me daban $1'186.400 como 'beneficios no salariales' que iban a un fondo de pensiones voluntarias. Cuando terminó mi contrato reclamé porque las prestaciones sociales me las liquidaron solo con el salario básico y no con el total que yo realmente recibía cada mes.,CST Art. 236,negativo_facil,0,SL-3121/23
Trabajé como médico en Salud Total EPS desde 2001 hasta 2017. Me pagaban un salario básico de $1'959.000 pero además me daban $1'186.400 como 'beneficios no salariales' que iban a un fondo de pensiones voluntarias. Cuando terminó mi contrato reclamé porque las prestaciones sociales me las liquidaron solo con el salario básico y no con el total que yo realmente recibía cada mes.,CST Art. 130,negativo_dificil_placeholder,0,SL-3121/23
"Trabajé desde 1980 en Colgate Palmolive en diferentes áreas con mucho ruido, lo que me causó hipoacusia neurosensorial bilateral y otros problemas de salud. Me reubicaron en febrero de 2013 en la sección de barras, pero ese lugar sigue teniendo altos niveles de ruido que siguen dañando mi audición, no cumple con las recomendaciones médicas que dicen que no puedo estar expuesto a ruido.","Decreto 2177 de 1989, Art. 11",positivo,1,T-917/14
"Trabajé desde 1980 en Colgate Palmolive en diferentes áreas con mucho ruido, lo que me causó hipoacusia neurosensorial bilateral y otros problemas de salud. Me reubicaron en febrero de 2013 en la sección de barras, pero ese lugar sigue teniendo altos niveles de ruido que siguen dañando mi audición, no cumple con las recomendaciones médicas que dicen que no puedo estar expuesto a ruido.","Decreto 2177 de 1989, Art. 16",positivo,1,T-917/14
"Trabajé desde 1980 en Colgate Palmolive en diferentes áreas con mucho ruido, lo que me causó hipoacusia neurosensorial bilateral y otros problemas de salud. Me reubicaron en febrero de 2013 en la sección de barras, pero ese lugar sigue teniendo altos niveles de ruido que siguen dañando mi audición, no cumple con las recomendaciones médicas que dicen que no puedo estar expuesto a ruido.","Decreto 2177 de 1989, Art. 17",positivo,1,T-917/14
"Trabajé desde 1980 en Colgate Palmolive en diferentes áreas con mucho ruido, lo que me causó hipoacusia neurosensorial bilateral y otros problemas de salud. Me reubicaron en febrero de 2013 en la sección de barras, pero ese lugar sigue teniendo altos niveles de ruido que siguen dañando mi audición, no cumple con las recomendaciones médicas que dicen que no puedo estar expuesto a ruido.","Decreto 2177 de 1989, Art. 27",positivo,1,T-917/14
"Trabajé desde 1980 en Colgate Palmolive en diferentes áreas con mucho ruido, lo que me causó hipoacusia neurosensorial bilateral y otros problemas de salud. Me reubicaron en febrero de 2013 en la sección de barras, pero ese lugar sigue teniendo altos niveles de ruido que siguen dañando mi audición, no cumple con las recomendaciones médicas que dicen que no puedo estar expuesto a ruido.","Ley 776 de 2002, Art. 2",positivo,1,T-917/14
"Trabajé desde 1980 en Colgate Palmolive en diferentes áreas con mucho ruido, lo que me causó hipoacusia neurosensorial bilateral y otros problemas de salud. Me reubicaron en febrero de 2013 en la sección de barras, pero ese lugar sigue teniendo altos niveles de ruido que siguen dañando mi audición, no cumple con las recomendaciones médicas que dicen que no puedo estar expuesto a ruido.","Ley 776 de 2002, Art. 4",positivo,1,T-917/14
"Trabajé desde 1980 en Colgate Palmolive en diferentes áreas con mucho ruido, lo que me causó hipoacusia neurosensorial bilateral y otros problemas de salud. Me reubicaron en febrero de 2013 en la sección de barras, pero ese lugar sigue teniendo altos niveles de ruido que siguen dañando mi audición, no cumple con las recomendaciones médicas que dicen que no puedo estar expuesto a ruido.","Ley 776 de 2002, Art. 8",positivo,1,T-917/14
Me contrataron como cajera con periodo de prueba de 2 meses. A los 42 días me enfermé del riñón y estuve incapacitada 11 días. Después me despidieron diciéndome que no pasé la evaluación porque saqué 93 puntos de 95 mínimos. Yo creo que me despidieron por la incapacidad y ahora no tengo seguridad social para operarme.,CST Art. 76,positivo,1,T-978/04
Me contrataron como cajera con periodo de prueba de 2 meses. A los 42 días me enfermé del riñón y estuve incapacitada 11 días. Después me despidieron diciéndome que no pasé la evaluación porque saqué 93 puntos de 95 mínimos. Yo creo que me despidieron por la incapacidad y ahora no tengo seguridad social para operarme.,CST Art. 236,negativo_facil,0,T-978/04
Me contrataron como cajera con periodo de prueba de 2 meses. A los 42 días me enfermé del riñón y estuve incapacitada 11 días. Después me despidieron diciéndome que no pasé la evaluación porque saqué 93 puntos de 95 mínimos. Yo creo que me despidieron por la incapacidad y ahora no tengo seguridad social para operarme.,CST Art. 61,negativo_dificil_placeholder,0,T-978/04
"Trabajé casi 10 años como docente tutor en modalidad virtual y a distancia en una universidad, desde enero de 1999 hasta septiembre de 2008. La universidad me contrató bajo contratos de prestación de servicios, pero yo cumplía horarios estrictos, asistía a reuniones administrativas semanales obligatorias, calificaba exámenes, y me desplazaba a donde me ordenaban.","Ley 30 de 1992, Art. 106",positivo,1,SL-3186/24
"Trabajé casi 10 años como docente tutor en modalidad virtual y a distancia en una universidad, desde enero de 1999 hasta septiembre de 2008. La universidad me contrató bajo contratos de prestación de servicios, pero yo cumplía horarios estrictos, asistía a reuniones administrativas semanales obligatorias, calificaba exámenes, y me desplazaba a donde me ordenaban.",CST Art. 23,positivo,1,SL-3186/24
"Trabajé casi 10 años como docente tutor en modalidad virtual y a distancia en una universidad, desde enero de 1999 hasta septiembre de 2008. La universidad me contrató bajo contratos de prestación de servicios, pero yo cumplía horarios estrictos, asistía a reuniones administrativas semanales obligatorias, calificaba exámenes, y me desplazaba a donde me ordenaban.",CST Art. 236,negativo_facil,0,SL-3186/24
"Trabajé casi 10 años como docente tutor en modalidad virtual y a distancia en una universidad, desde enero de 1999 hasta septiembre de 2008. La universidad me contrató bajo contratos de prestación de servicios, pero yo cumplía horarios estrictos, asistía a reuniones administrativas semanales obligatorias, calificaba exámenes, y me desplazaba a donde me ordenaban.",CST Art. 24,negativo_dificil_placeholder,0,SL-3186/24
Trabajé como aprendiz en Friocol S.A.S. desde septiembre de 2011 hasta agosto de 2012. En octubre de 2011 sufrí un accidente de trabajo por culpa del empleador y luego me despidieron sin autorización del Ministerio estando incapacitado.,"Ley 789 de 2002, Art. 30",positivo,1,SL-4965/19
Trabajé como aprendiz en Friocol S.A.S. desde septiembre de 2011 hasta agosto de 2012. En octubre de 2011 sufrí un accidente de trabajo por culpa del empleador y luego me despidieron sin autorización del Ministerio estando incapacitado.,"Ley 789 de 2002, Art. 32",positivo,1,SL-4965/19
Trabajé como aprendiz en Friocol S.A.S. desde septiembre de 2011 hasta agosto de 2012. En octubre de 2011 sufrí un accidente de trabajo por culpa del empleador y luego me despidieron sin autorización del Ministerio estando incapacitado.,"Ley 789 de 2002, Art. 33",positivo,1,SL-4965/19
Trabajé como aprendiz en Friocol S.A.S. desde septiembre de 2011 hasta agosto de 2012. En octubre de 2011 sufrí un accidente de trabajo por culpa del empleador y luego me despidieron sin autorización del Ministerio estando incapacitado.,CST Art. 216,positivo,1,SL-4965/19
Trabajé como aprendiz en Friocol S.A.S. desde septiembre de 2011 hasta agosto de 2012. En octubre de 2011 sufrí un accidente de trabajo por culpa del empleador y luego me despidieron sin autorización del Ministerio estando incapacitado.,CST Art. 236,negativo_facil,0,SL-4965/19
Trabajé como aprendiz en Friocol S.A.S. desde septiembre de 2011 hasta agosto de 2012. En octubre de 2011 sufrí un accidente de trabajo por culpa del empleador y luego me despidieron sin autorización del Ministerio estando incapacitado.,CST Art. 62,negativo_dificil_placeholder,0,SL-4965/19
"Trabajé como empleada interna de servicio doméstico desde marzo de 2019. Cuando le avisé a mi empleadora en agosto que estaba embarazada, me llevó al médico para confirmarlo y tres días después me hizo firmar un paz y salvo diciendo que renuncié voluntariamente, pero en realidad me despidió. Soy indígena Páez y se me dificulta el español.",CST Art. 239,positivo,1,T-438/20
"Trabajé como empleada interna de servicio doméstico desde marzo de 2019. Cuando le avisé a mi empleadora en agosto que estaba embarazada, me llevó al médico para confirmarlo y tres días después me hizo firmar un paz y salvo diciendo que renuncié voluntariamente, pero en realidad me despidió. Soy indígena Páez y se me dificulta el español.",CST Art. 37,positivo,1,T-438/20
"Trabajé como empleada interna de servicio doméstico desde marzo de 2019. Cuando le avisé a mi empleadora en agosto que estaba embarazada, me llevó al médico para confirmarlo y tres días después me hizo firmar un paz y salvo diciendo que renuncié voluntariamente, pero en realidad me despidió. Soy indígena Páez y se me dificulta el español.","Ley 1595 de 2012, Art. 1",positivo,1,T-438/20
"Trabajé como empleada interna de servicio doméstico desde marzo de 2019. Cuando le avisé a mi empleadora en agosto que estaba embarazada, me llevó al médico para confirmarlo y tres días después me hizo firmar un paz y salvo diciendo que renuncié voluntariamente, pero en realidad me despidió. Soy indígena Páez y se me dificulta el español.",CST Art. 236,negativo_facil,0,T-438/20
"Trabajé como empleada interna de servicio doméstico desde marzo de 2019. Cuando le avisé a mi empleadora en agosto que estaba embarazada, me llevó al médico para confirmarlo y tres días después me hizo firmar un paz y salvo diciendo que renuncié voluntariamente, pero en realidad me despidió. Soy indígena Páez y se me dificulta el español.",CST Art. 240,negativo_dificil_placeholder,0,T-438/20
