sentencia,razon
T-236/02,"llm_no_pertinente: La sentencia trata sobre seguridad social y pensiones (derecho a pensión de vejez), no sobre aspectos de la relación laboral individual privada como contratación, jornada o terminación del contrato de trabajo"
T-937/05,"llm_no_pertinente: La sentencia trata sobre una acción de tutela contra providencias judiciales en un proceso ejecutivo hipotecario (derecho bancario/civil), no sobre una relación laboral individual privada regida por el Código Sustantivo del Trabajo"
T-861/14,"llm_no_pertinente: La sentencia versa sobre el reconocimiento de una pensión de invalidez en el sistema de seguridad social, que es materia de seguridad social y no una relación laboral individual privada regida por el Código Sustantivo del Trabajo sobre contratación, jornada o terminación del contrato de trabajo"
T-733/11,"llm_no_pertinente: La sentencia trata sobre tutela contra providencias judiciales en procesos de fuero sindical, cuyo tema central es derecho colectivo (asociación sindical, fuero sindical, inscripción de sindicatos en registro sindical), no una relación laboral individual privada regida por el CST en aspectos de contratación, jornada o terminación."
T-571/05,"llm_no_pertinente: La sentencia versa sobre un acto administrativo de toma de posesión de un Fondo de Empleados por parte de la Superintendencia de Economía Solidaria, cuestionando la violación al debido proceso administrativo. No trata sobre una relación laboral individual privada regida por el Código Sustantivo del Trabajo, sino sobre derecho administrativo y regulación de entidades solidarias."
T-099/05,sin_articulos_fundamento_directo
T-159/14,"llm_no_pertinente: La sentencia trata sobre seguridad social, específicamente sobre el derecho a la sustitución pensional (pensión de sobrevivientes), no sobre una relación laboral individual privada regida por el Código Sustantivo del Trabajo"
T-550/99,sin_articulos_fundamento_directo
T-409/13,"llm_no_pertinente: La sentencia trata sobre el derecho fundamental a la vivienda digna de población desplazada y el incumplimiento de constructoras en proyectos de vivienda de interés social, no sobre una relación laboral individual privada regida por el Código Sustantivo del Trabajo"
SU-011/20,"llm_no_pertinente: La sentencia trata sobre una acción de tutela contra una providencia judicial en materia de contribuciones especiales tributarias de servicios públicos domiciliarios, no sobre una relación laboral individual privada regida por el Código Sustantivo del Trabajo"
T-424/02,"llm_no_pertinente: La sentencia trata sobre bonos pensionales y el reconocimiento de pensión de jubilación, lo cual corresponde a seguridad social y no a una relación laboral individual privada regida por el Código Sustantivo del Trabajo"
T-1095/05,"llm_no_pertinente: La sentencia trata sobre obligaciones tributarias, cobro coactivo de la DIAN, intereses moratorios por impuestos adeudados y el deber de solidaridad del Estado en casos de secuestro/desaparecimiento, no sobre una relación laboral individual privada regida por el Código Sustantivo del Trabajo"
T-093/23,"llm_no_pertinente: La sentencia trata sobre una controversia contractual relacionada con mecanismos alternativos de solución de conflictos (amigable composición) en contratos de infraestructura educativa, no sobre una relación laboral individual privada regida por el Código Sustantivo del Trabajo"
T-112/24,"llm_no_pertinente: La sentencia trata sobre el régimen vacacional de empleadas judiciales (función pública), no sobre una relación laboral individual privada regida por el Código Sustantivo del Trabajo"
T-476/93,"llm_no_pertinente: La sentencia versa sobre derecho de petición y silencio administrativo en el trámite de pago de cesantías ante FAVIDI, no sobre la relación laboral individual ni la procedencia de las prestaciones. Lo laboral es solo el contexto del derecho fundamental de petición invocado."
T-682/14,sin_articulos_fundamento_directo
T-137/17,"llm_no_pertinente: La sentencia versa sobre una acción de tutela contra providencias judiciales en un proceso reivindicatorio (disputa de propiedad inmueble por sucesión), no sobre una relación laboral individual privada regida por el Código Sustantivo del Trabajo"
T-729/12,"llm_no_pertinente: La sentencia trata sobre el pago de incapacidades laborales por enfermedad común y el reconocimiento de pensión de invalidez, temas centrales de seguridad social, no de relación laboral individual privada regida por el CST en materia de contratación, jornada o terminación del contrato."
T-382/01,"llm_no_pertinente: La sentencia trata sobre un proceso concordatario (insolvencia/procedimiento concursal) y vía de hecho judicial, no sobre una relación laboral individual privada regida por el Código Sustantivo del Trabajo"
T-1232/03,"llm_no_pertinente: La sentencia trata sobre pérdida de investidura de un congresista y procedencia de acción de tutela contra providencias judiciales, temas de derecho público y constitucional, no sobre relación laboral individual privada regida por el Código Sustantivo del Trabajo"
T-1517/00,sin_articulos_fundamento_directo
T-203/24,no_pasa_prefiltro_keywords
T-148/17,no_pasa_prefiltro_keywords
T-386/07,no_pasa_prefiltro_keywords
SU-819/99,no_pasa_prefiltro_keywords
SU-349/22,"llm_no_pertinente: La sentencia trata sobre un proceso de exoneración de cuota alimentaria entre excónyuges (derecho de familia), no sobre una relación laboral individual privada regida por el Código Sustantivo del Trabajo. El tema central es violencia de género, alimentos sanción y perspectiva de género en la administración de justicia familiar."
T-526/25,no_pasa_prefiltro_keywords
T-167/07,"llm_no_pertinente: La sentencia trata sobre habilitación profesional para ejercer como médico radiólogo ante la Secretaría de Salud, que es un tema de regulación profesional y procedimiento administrativo, no una relación laboral individual privada regida por el Código Sustantivo del Trabajo"
T-496/04,"llm_no_pertinente: La sentencia trata sobre la vulneración del derecho de petición por respuestas ambiguas de la administración distrital. Aunque menciona fuero sindical y despido, el objeto central de la decisión es determinar si se cumplió el derecho de petición, no resolver una controversia laboral individual regida por el Código Sustantivo del Trabajo."
T-309/12,"llm_no_pertinente: La sentencia trata sobre un tema de derecho penal (ejecución de penas, libertad condicional, multas penales y subrogados penales), no sobre una relación laboral individual privada regida por el Código Sustantivo del Trabajo"
T-355/99,sin_articulos_fundamento_directo
T-435/95,"llm_no_pertinente: La controversia versa sobre el régimen salarial aplicable a empleados públicos de la Fiscalía General de la Nación (función pública), no sobre una relación laboral individual privada regida por el Código Sustantivo del Trabajo"
T-691/99,"llm_no_pertinente: La sentencia versa exclusivamente sobre bonos pensionales, reconocimiento de pensión de vejez y seguridad social, materias que están fuera del ámbito del derecho laboral individual privado regido por el CST"
T-912/09,no_pasa_prefiltro_keywords
T-505/24,"llm_no_pertinente: La sentencia trata exclusivamente sobre el derecho a la salud y la obligación de las EPS de proveer servicios de transporte a pacientes, especialmente niños con Trastorno del Espectro Autista (TEA). No aborda ninguna relación laboral individual privada regida por el Código Sustantivo del Trabajo."
T-772/02,no_pasa_prefiltro_keywords
T-547/17,no_pasa_prefiltro_keywords
T-584/93,"llm_no_pertinente: La sentencia versa sobre el derecho de petición (derecho constitucional) respecto a una solicitud de pensión de vejez ante la Caja de Previsión Social, no sobre una relación laboral individual privada regida por el Código Sustantivo del Trabajo; el tema central es procesal-constitucional y de seguridad social, no de derecho laboral individual privado"
T-229/23,sin_texto_o_url_no_resuelve
T-500/10,"llm_no_pertinente: La sentencia trata sobre el reconocimiento de una pensión de vejez en el sistema de seguridad social, no sobre una relación laboral individual privada regida por el Código Sustantivo del Trabajo"
T-643/98,no_pasa_prefiltro_keywords
T-1016/06,no_pasa_prefiltro_keywords
T-097/12,no_pasa_prefiltro_keywords
T-602/12,"llm_no_pertinente: La sentencia trata sobre una pensión/indemnización sustitutiva de pensión de vejez de un exempleado público (Ministerio de Transporte y Contraloría General), lo cual corresponde a seguridad social y función pública, no a una relación laboral individual privada regida por el Código Sustantivo del Trabajo"
SU-024/18,"llm_no_pertinente: La sentencia versa sobre una acción de tutela contra providencias judiciales relacionada con pensión de invalidez (seguridad social), no sobre relación laboral individual privada regida por el Código Sustantivo del Trabajo"
T-854/08,"llm_no_pertinente: La sentencia trata sobre el derecho a la salud de un soldado que prestaba servicio militar obligatorio y sufrió una lesión en acto de servicio. Es un asunto de derecho administrativo y seguridad social de las Fuerzas Militares, no una relación laboral individual privada regida por el Código Sustantivo del Trabajo."
T-799/10,"llm_no_pertinente: La sentencia trata sobre indemnización sustitutiva de pensión de vejez y sobrevivientes en el marco del Sistema General de Seguridad Social, que es materia de seguridad social y pensiones, no de relación laboral individual privada regida por el Código Sustantivo del Trabajo"
T-215/26,"llm_no_pertinente: La sentencia trata sobre educación, deporte (específicamente fútbol), derechos de niños, niñas y adolescentes, y modelos pedagógicos, sin abordar ninguna controversia sobre relación laboral individual privada regida por el Código Sustantivo del Trabajo"
T-762/08,"llm_no_pertinente: La sentencia trata sobre el reconocimiento de una pensión de vejez en el sistema de seguridad social, materia que corresponde a seguridad social y no a una relación laboral individual privada regida por el Código Sustantivo del Trabajo"
T-889/00,no_pasa_prefiltro_keywords
T-401/23,sin_texto_o_url_no_resuelve
T-664/11,"llm_no_pertinente: La sentencia trata sobre el traslado de una docente del servicio público de educación (función pública), regido por el Estatuto de Profesionalización Docente, no sobre una relación laboral individual privada bajo el Código Sustantivo del Trabajo"
T-241/01,"llm_no_pertinente: La sentencia trata sobre bonos pensionales y el reconocimiento de pensión de vejez por parte del ISS, materias propias de seguridad social y pensiones, no de derecho laboral individual privado regido por el Código Sustantivo del Trabajo"
SU-542/16,"llm_no_pertinente: La sentencia versa sobre indexación de la primera mesada pensional y prescripción en materia de seguridad social (pensiones), no sobre una relación laboral individual privada regida por el Código Sustantivo del Trabajo"
T-1149/08,no_pasa_prefiltro_keywords
T-385/18,no_pasa_prefiltro_keywords
SU-479/97,no_pasa_prefiltro_keywords
T-211/08,sin_texto_o_url_no_resuelve
T-346/99,no_pasa_prefiltro_keywords
T-496/18,"llm_no_pertinente: La sentencia trata sobre un proceso de pertenencia (prescripción adquisitiva de dominio) de un predio rural y el cumplimiento de una sentencia judicial relacionada con bienes baldíos, no versa sobre una relación laboral individual privada regida por el Código Sustantivo del Trabajo"
T-022/16,no_pasa_prefiltro_keywords
T-343/21,"llm_no_pertinente: La sentencia trata sobre un crédito educativo del ICETEX y derechos de petición y educación superior, no sobre una relación laboral individual privada regida por el Código Sustantivo del Trabajo"
T-330/96,sin_articulos_fundamento_directo
T-305/97,no_pasa_prefiltro_keywords
T-095/13,"llm_no_pertinente: La sentencia trata sobre el traslado de un servidor público (funcionario del INPEC) regido por normas de función pública (Decreto 407 de 1994, artículo 122 CP), no sobre una relación laboral individual privada regulada por el Código Sustantivo del Trabajo."
T-167/03,sin_articulos_fundamento_directo
T-375/14,no_pasa_prefiltro_keywords
T-1135/04,no_pasa_prefiltro_keywords
T-252/18,"llm_no_pertinente: Aunque la demandante era trabajadora privada y reclama pagos laborales (cesantías, aportes a seguridad social), el asunto central es el pago de incapacidades por la ARL (materia de seguridad social, no relación laboral individual) y la acción es resuelta por cosa juzgada constitucional e improcedencia por subsidiariedad, sin que se analice el fondo de normas laborales del Código Sustantivo del Trabajo"
T-036/22,"llm_no_pertinente: La sentencia trata sobre el reconocimiento de una pensión de vejez en el régimen de seguridad social, no sobre una relación laboral individual privada regida por el Código Sustantivo del Trabajo"
T-584/07,"llm_no_pertinente: La sentencia trata sobre el derecho a la salud de una menor y la exigencia de copagos/cuotas moderadoras por parte de una EPS, no sobre una relación laboral individual privada regida por el Código Sustantivo del Trabajo"
T-516/25,"llm_no_pertinente: La sentencia versa sobre el derecho a la salud y la obligación de las EPS de cubrir servicios de transporte para pacientes, lo cual es materia de seguridad social y derecho a la salud, no de relación laboral individual privada regida por el Código Sustantivo del Trabajo"
T-356/24,"llm_no_pertinente: La sentencia trata sobre una empleada pública en provisionalidad (docente del sector público), sujeta al régimen de función pública y carrera administrativa, no sobre una relación laboral individual privada regida por el Código Sustantivo del Trabajo"
T-158/95,"llm_no_pertinente: La sentencia versa sobre seguridad social (prestación de servicios médicos por el ISS) y la obligación de suministrar medicamentos a un afiliado cuyo patrono está en mora, no sobre una relación laboral individual privada regida por el Código Sustantivo del Trabajo"
T-050/10,"llm_no_pertinente: La sentencia trata exclusivamente sobre el derecho a la salud de una persona de la tercera edad frente a una EPS por la negativa a suministrar un implante ocular excluido del POS, no versa sobre una relación laboral individual privada"
T-858/11,sin_articulos_fundamento_directo
T-977/03,no_pasa_prefiltro_keywords
T-501/95,no_pasa_prefiltro_keywords
T-696/03,no_pasa_prefiltro_keywords
T-848/07,no_pasa_prefiltro_keywords
T-143/00,no_pasa_prefiltro_keywords
T-366/20,"llm_no_pertinente: La sentencia trata sobre el derecho a la educación desde la perspectiva de accesibilidad material (construcción de infraestructura pública - puentes) para que menores puedan acceder físicamente a planteles educativos, no sobre relaciones laborales individuales privadas regidas por el Código Sustantivo del Trabajo."
T-074/16,"llm_no_pertinente: La sentencia trata sobre el reconocimiento de una pensión de sobrevivientes, que es un tema de seguridad social y derecho pensional, no de relación laboral individual privada regida por el Código Sustantivo del Trabajo."
T-364/18,"llm_no_pertinente: La sentencia trata sobre un proceso disciplinario en una escuela militar, no sobre una relación laboral individual privada regida por el Código Sustantivo del Trabajo. Los accionantes eran estudiantes militares, no trabajadores privados."
T-027/10,no_pasa_prefiltro_keywords
T-972/10,no_pasa_prefiltro_keywords
T-720/00,sin_articulos_fundamento_directo
T-802/99,"llm_no_pertinente: La sentencia trata sobre bonos pensionales y reconocimiento de pensiones (seguridad social), no sobre relaciones laborales individuales privadas regidas por el Código Sustantivo del Trabajo"
T-1008/04,no_pasa_prefiltro_keywords
T-323/93,"llm_no_pertinente: Esta sentencia trata sobre una acción de tutela contra providencias judiciales en un proceso reivindicatorio de bienes inmuebles, no versa sobre relación laboral individual privada alguna."
T-193/22,no_pasa_prefiltro_keywords
T-299/21,no_pasa_prefiltro_keywords
T-128/22,no_pasa_prefiltro_keywords
T-172/95,no_pasa_prefiltro_keywords
T-961/01,"llm_no_pertinente: La sentencia trata exclusivamente sobre el derecho a la salud en el marco del régimen subsidiado de seguridad social (SISBEN), demora en carnetización y cobertura de intervención quirúrgica, no sobre relaciones laborales individuales privadas regidas por el Código Sustantivo del Trabajo"
T-607/13,no_pasa_prefiltro_keywords
T-500/98,"llm_no_pertinente: La sentencia trata sobre el derecho a la educación de menores en un jardín infantil y la participación de padres en la comunidad educativa, no sobre una relación laboral individual privada regida por el Código Sustantivo del Trabajo"
T-1023/05,no_pasa_prefiltro_keywords
T-735/09,"llm_no_pertinente: La sentencia trata sobre custodia y cuidado personal de un menor, competencia judicial y nulidad procesal en un asunto de familia, no sobre una relación laboral individual privada regida por el Código Sustantivo del Trabajo"
T-226/20,no_pasa_prefiltro_keywords
T-320/99,sin_articulos_fundamento_directo
T-1283/00,"llm_no_pertinente: La sentencia versa sobre el pago de primas complementarias a educadores del sector público (docentes departamentales y nacionalizados), lo cual corresponde a empleo público/función pública, no a relaciones laborales individuales privadas regidas por el CST"
T-242/96,"llm_no_pertinente: La sentencia trata sobre el programa de protección de testigos de la Fiscalía y las restricciones a derechos fundamentales derivadas de esa relación especial de sujeción con el Estado, no sobre una relación laboral individual privada regida por el Código Sustantivo del Trabajo"
T-247/10,sin_articulos_fundamento_directo
T-945/06,no_pasa_prefiltro_keywords
T-545/09,"llm_no_pertinente: La sentencia trata sobre un proceso policivo de servidumbre (querella por perturbación al ejercicio de servidumbre), no sobre una relación laboral individual privada regida por el Código Sustantivo del Trabajo. El tema central es debido proceso administrativo en contexto de autoridades policivas con funciones jurisdiccionales."
T-297/09,"llm_no_pertinente: La sentencia trata sobre el retiro del servicio activo de un oficial de la Policía Nacional, que es una relación de función pública regida por normas especiales (Decreto 1791 de 2000, Ley 857 de 2003), no una relación laboral individual privada regida por el Código Sustantivo del Trabajo"
T-623/97,sin_articulos_fundamento_directo
T-597/03,"llm_no_pertinente: La sentencia trata sobre el reconocimiento de una pensión de jubilación de un magistrado (funcionario público) frente al Seguro Social, centrándose en problemas de debido proceso administrativo en la notificación de actos administrativos y en la aplicación del régimen pensional de empleados del Estado, no sobre relaciones laborales individuales privadas regidas por el Código Sustantivo del Trabajo."
T-280/05,no_pasa_prefiltro_keywords
T-897/00,"llm_no_pertinente: La sentencia trata sobre empleados públicos (docente y celador del Municipio de Ciénaga) que reclaman salarios adeudados, corresponde a una relación laboral de función pública, no privada regida por el Código Sustantivo del Trabajo"
T-903/01,"llm_no_pertinente: La sentencia versa sobre una disputa contractual entre un contratista persona jurídica (Coneléctricas Ltda.) y una entidad pública (EMCALI E.S.P.) por el pago de obras adicionales, no sobre una relación laboral individual privada regida por el Código Sustantivo del Trabajo"
T-1087/12,"llm_no_pertinente: La sentencia versa sobre el derecho a la seguridad social en salud en el régimen especial de las Fuerzas Militares (afiliación, desafiliación, continuidad del servicio) vinculado a una sustitución pensional, no sobre una relación laboral individual privada regida por el Código Sustantivo del Trabajo"
T-270/02,"llm_no_pertinente: La sentencia trata sobre el acceso al sistema de salud subsidiado (SISBEN) y la continuidad en la atención médica, que es un tema de seguridad social y derecho a la salud, no sobre una relación laboral individual privada regida por el Código Sustantivo del Trabajo"
T-877/04,"llm_no_pertinente: La sentencia trata sobre la vinculación en provisionalidad de una docente del sector público en aplicación de la Ley 715 de 2001, lo cual es materia de función pública y régimen especial docente estatal, no una relación laboral individual privada regida por el Código Sustantivo del Trabajo"
T-635/97,"llm_no_pertinente: El caso versa sobre seguridad social (mesadas pensionales dejadas de percibir por el causante fallecido y reclamadas por la sustituta pensional), no sobre una relación laboral individual privada regida por el Código Sustantivo del Trabajo"
T-709/10,"llm_no_pertinente: La sentencia trata sobre un proceso disciplinario contra un juez de la República por no aplicar una lista de elegibles para nombrar un secretario, es decir, versa sobre función pública y derecho disciplinario judicial, no sobre una relación laboral individual privada regida por el Código Sustantivo del Trabajo."
T-790/05,"llm_no_pertinente: Aunque involucra a una trabajadora del sector privado, el tema central es el pago de la licencia de maternidad por parte de la EPS (seguridad social), no una controversia sobre la relación laboral individual privada regida por el CST. La disputa es entre la trabajadora y la EPS Famisanar sobre el reconocimiento y pago de una prestación del sistema de seguridad social en salud."
T-643/16,no_pasa_prefiltro_keywords
T-952/10,no_pasa_prefiltro_keywords
T-812/99,no_pasa_prefiltro_keywords
SU-960/99,sin_texto_o_url_no_resuelve
T-574/02,"llm_no_pertinente: La sentencia trata sobre el derecho a la sustitución pensional y seguridad social de una persona con discapacidad, no sobre una relación laboral individual privada regida por el Código Sustantivo del Trabajo"
T-084/17,"llm_no_pertinente: La sentencia trata sobre pensión de sobrevivientes y aplicación del principio de favorabilidad en materia de seguridad social pensional, no sobre una relación laboral individual privada regida por el Código Sustantivo del Trabajo"
T-953/12,sin_articulos_fundamento_directo
T-345/03,sin_articulos_fundamento_directo
T-587/98,no_pasa_prefiltro_keywords
T-586/15,no_pasa_prefiltro_keywords
T-720/16,no_pasa_prefiltro_keywords
T-509/10,"llm_no_pertinente: La sentencia trata sobre el reconocimiento de pensión de invalidez por parte del sistema de seguridad social (ISS), no sobre una relación laboral individual privada regida por el Código Sustantivo del Trabajo. El tema central es seguridad social/pensiones."
T-169/13,llm_no_pertinente: La sentencia versa sobre una acción de tutela contra providencias judiciales en un proceso de reparación directa contra entidades públicas (ICFES y Ministerio de Educación) por tasación de perjuicios morales. No trata sobre relación laboral individual privada regida por el Código Sustantivo del Trabajo.
T-021/05,"llm_no_pertinente: La sentencia trata sobre un contrato de concesión de servicio público de aseo, áreas de servicio exclusivo, licitación pública y competencia económica entre empresas prestadoras de servicios públicos, no sobre una relación laboral individual privada regida por el Código Sustantivo del Trabajo."
T-148/93,no_pasa_prefiltro_keywords
T-157/19,"llm_no_pertinente: La sentencia trata exclusivamente sobre el reconocimiento de pensiones de invalidez en el sistema de seguridad social, que es materia de seguridad social y no de derecho laboral individual privado regido por el Código Sustantivo del Trabajo"
T-338/12,"llm_no_pertinente: La sentencia trata exclusivamente sobre derechos de seguridad social en pensiones (indemnización sustitutiva y devolución de saldos), no sobre relaciones laborales individuales privadas regidas por el Código Sustantivo del Trabajo"
T-072/11,"llm_no_pertinente: La sentencia trata sobre un crédito hipotecario UPAC/UVR y su redenominación, proceso ejecutivo y remate de vivienda. No versa sobre una relación laboral individual privada sino sobre derecho financiero y contractual crediticio."
T-1100/01,no_pasa_prefiltro_keywords
T-398/25,sin_articulos_fundamento_directo
T-286A/12,sin_texto_o_url_no_resuelve
T-288/06,"llm_no_pertinente: La sentencia trata sobre el régimen prestacional pensional de miembros de la Policía Nacional (sustitución pensional), que corresponde a seguridad social y no a una relación laboral individual privada regida por el Código Sustantivo del Trabajo."
T-046/93,no_pasa_prefiltro_keywords
T-1010/04,"llm_no_pertinente: La sentencia trata sobre el reconocimiento y pago de licencia de maternidad por parte de entidades de seguridad social (EPS), lo cual es un tema de seguridad social y no de relación laboral individual privada regida por el Código Sustantivo del Trabajo"
T-806/11,"llm_no_pertinente: La sentencia trata exclusivamente sobre pensión de sobrevivientes (sustitución pensional) en el régimen especial del Ministerio de Defensa y Policía Nacional, que es materia de seguridad social y no de relación laboral individual privada regida por el Código Sustantivo del Trabajo"
T-216/00,sin_articulos_fundamento_directo
T-477/93,"llm_no_pertinente: La sentencia versa sobre el derecho de petición y sustitución pensional, no sobre una relación laboral individual privada. Trata de seguridad social (pensiones) y procedimientos administrativos ante una Caja de Previsión Social, temas excluidos del alcance definido."
T-625/97,"llm_no_pertinente: La sentencia trata sobre un proceso disciplinario contra un juez por supuestas irregularidades en el trámite de un proceso de pertenencia, no sobre una relación laboral individual privada regida por el Código Sustantivo del Trabajo"
T-107/25,no_pasa_prefiltro_keywords
T-388/95,no_pasa_prefiltro_keywords
T-310/23,"llm_no_pertinente: La sentencia trata sobre una acción de tutela contra providencias judiciales por un presunto defecto procedimental (exceso ritual manifiesto) en un proceso declarativo verbal de naturaleza civil-comercial entre empresas, no sobre una relación laboral individual privada regida por el Código Sustantivo del Trabajo"
T-262/10,no_pasa_prefiltro_keywords
T-208/11,"llm_no_pertinente: El caso versa sobre un servidor público (Corregidor de Policía) nombrado mediante decreto, constituyendo una relación reglamentaria de función pública, no una relación laboral individual privada regida por el Código Sustantivo del Trabajo"
T-186/07,"llm_no_pertinente: Esta sentencia trata sobre un proceso ejecutivo hipotecario de crédito de vivienda UPAC/UVR y la aplicación de la Ley 546 de 1999, no sobre una relación laboral individual privada regida por el Código Sustantivo del Trabajo."
T-882/00,no_pasa_prefiltro_keywords
T-012/12,no_pasa_prefiltro_keywords
T-481/25,"llm_no_pertinente: La sentencia trata sobre una acción de tutela contra una providencia judicial en un proceso de infracción a derechos de propiedad industrial (patentes), no sobre relaciones laborales individuales privadas regidas por el Código Sustantivo del Trabajo."
T-246/97,no_pasa_prefiltro_keywords
T-126/15,no_pasa_prefiltro_keywords
T-659/05,no_pasa_prefiltro_keywords
T-143/03,"llm_no_pertinente: La sentencia trata sobre una acción de tutela contra una sanción disciplinaria impuesta a una funcionaria pública (Gerente del ISS) por actos realizados en ejercicio de un cargo público, no sobre una relación laboral individual privada regida por el Código Sustantivo del Trabajo"
SU-056/95,no_pasa_prefiltro_keywords
T-100/12,no_pasa_prefiltro_keywords
T-1074/01,"llm_no_pertinente: La sentencia trata sobre el derecho de petición para solicitar cesantías parciales del magisterio (régimen de empleo público docente) y nulidades procesales por indebida integración del contradictorio, no sobre relaciones laborales individuales privadas regidas por el CST"
T-328/22,"llm_no_pertinente: Se trata de una relación de empleo público militar regida por normas especiales de las Fuerzas Militares, no por el Código Sustantivo del Trabajo que regula las relaciones laborales individuales privadas"
T-532/07,"llm_no_pertinente: La sentencia trata sobre el pago de incapacidades laborales por parte de una EPS a una trabajadora independiente (cotizante independiente), lo cual es materia de seguridad social y no de relación laboral individual privada regida por el Código Sustantivo del Trabajo"
T-451/07,"llm_no_pertinente: La sentencia trata sobre una empleada pública de carrera administrativa declarada insubsistente, cuya relación se rige por el régimen de función pública (Decretos 3135/68 y 1848/69, Ley 909/04), no por el Código Sustantivo del Trabajo que rige las relaciones laborales privadas"
T-080/05,sin_articulos_fundamento_directo
T-954/06,"llm_no_pertinente: La sentencia trata sobre el régimen disciplinario y de rehabilitación de auxiliares de la justicia (secuestre), no sobre una relación laboral individual privada regida por el Código Sustantivo del Trabajo"
T-297/04,no_pasa_prefiltro_keywords
T-550/98,no_pasa_prefiltro_keywords
T-022/97,no_pasa_prefiltro_keywords
T-374/12,"llm_no_pertinente: La sentencia trata sobre indexación de mesadas pensionales y seguridad social, no sobre relaciones laborales individuales privadas regidas por el Código Sustantivo del Trabajo"
T-520/05,"llm_no_pertinente: La sentencia trata sobre el derecho fundamental a la salud de una persona vinculada al sistema de seguridad social en salud que requiere exámenes y medicamentos, no sobre una relación laboral individual privada regida por el Código Sustantivo del Trabajo"
T-113/94,no_pasa_prefiltro_keywords
T-389/25,no_pasa_prefiltro_keywords
T-653/00,"llm_no_pertinente: La sentencia trata sobre el pago de mesadas pensionales a jubilados, lo cual es un tema de seguridad social y no de relación laboral individual privada regida por el Código Sustantivo del Trabajo"
T-466/00,sin_articulos_fundamento_directo
T-300/09,no_pasa_prefiltro_keywords
T-690/98,"llm_no_pertinente: La sentencia trata principalmente sobre derechos colectivos laborales (pacto colectivo vs. convención colectiva, libertad de asociación sindical y discriminación contra trabajadores sindicalizados), no sobre una relación laboral individual privada regida por el Código Sustantivo del Trabajo"
T-414/04,sin_texto_o_url_no_resuelve
SU-613/02,no_pasa_prefiltro_keywords
T-632/09,no_pasa_prefiltro_keywords
T-695/07,"llm_no_pertinente: La sentencia trata exclusivamente sobre el derecho fundamental a la salud de un menor con discapacidad (autismo) frente a una EPS en el marco de la seguridad social, no sobre una relación laboral individual privada"
T-229/19,"llm_no_pertinente: La sentencia trata sobre el derecho fundamental a la vivienda digna, debido proceso administrativo en la demolición de una vivienda por parte de una alcaldía, y vulneración al buen nombre y honra. No versa sobre relaciones laborales individuales privadas regidas por el Código Sustantivo del Trabajo."
T-425/09,"llm_no_pertinente: La sentencia trata sobre acciones de tutela contra providencias judiciales en materia de indexación de la primera mesada pensional, lo cual es un tema de seguridad social y pensiones, no de relación laboral individual privada regida por el Código Sustantivo del Trabajo"
T-062/09,"llm_no_pertinente: La sentencia trata sobre el reconocimiento de pensión de invalidez, que es un tema de seguridad social, no de relaciones laborales individuales regidas por el Código Sustantivo del Trabajo. Aunque la actora era trabajadora, el objeto central de la decisión es la calificación de invalidez y el derecho pensional, no aspectos de su relación laboral con el empleador."
SU-036/18,"llm_no_pertinente: La sentencia versa sobre un proceso penal por alzamiento de bienes y la cancelación de registros de propiedad, afectando derechos de terceros de buena fe. Aunque el origen es un proceso laboral, el objeto central de esta decisión constitucional es la procedencia de la tutela contra providencias judiciales penales por defectos procedimentales (no vincular a terceros) y sustantivos, no sobre la relación laboral individual misma."
T-1051/10,"llm_no_pertinente: La sentencia trata exclusivamente sobre el derecho fundamental a la salud y la obligación de una EPS de suministrar medicamentos no incluidos en el POS, sin ninguna relación con una relación laboral individual privada regida por el Código Sustantivo del Trabajo"
T-1295/00,"llm_no_pertinente: La sentencia se centra en la temeridad de la acción de tutela (múltiples tutelas por los mismos hechos) y además la accionante es empleada pública desde 1999, no trabajadora del sector privado regida por el Código Sustantivo del Trabajo"
T-805/98,no_pasa_prefiltro_keywords
T-313/16,"llm_no_pertinente: La sentencia trata sobre derecho de petición y consulta previa a comunidades indígenas en el marco de un proyecto de infraestructura (oleoducto), no sobre relaciones laborales individuales privadas regidas por el Código Sustantivo del Trabajo"
T-986/01,"llm_no_pertinente: El caso trata sobre docentes del sector público (municipio de Zona Bananera) que reclaman salarios adeudados, por lo que se rige por el régimen de función pública y no por el Código Sustantivo del Trabajo aplicable a relaciones laborales individuales privadas."
T-414/98,"llm_no_pertinente: La sentencia versa sobre el reconocimiento de pensión de invalidez y prestaciones de seguridad social del ISS, no sobre una relación laboral individual privada regida por el Código Sustantivo del Trabajo"
T-139/16,no_pasa_prefiltro_keywords
T-043/18,sin_articulos_fundamento_directo
T-562/19,no_pasa_prefiltro_keywords
T-553/11,no_pasa_prefiltro_keywords
T-254/94,"llm_no_pertinente: La sentencia trata sobre la expulsión de un miembro de una comunidad indígena por decisión del cabildo indígena, no sobre una relación laboral individual privada regida por el Código Sustantivo del Trabajo. El tema central es la jurisdicción indígena, autonomía de las comunidades indígenas y límites constitucionales a sus decisiones."
T-1180/05,no_pasa_prefiltro_keywords
T-249/03,"llm_no_pertinente: La sentencia trata sobre el derecho procesal penal de constituirse como parte civil en un proceso penal por delitos de lesa humanidad, no sobre una relación laboral individual privada regida por el Código Sustantivo del Trabajo"
T-055/17,no_pasa_prefiltro_keywords
T-512/10,"llm_no_pertinente: La sentencia versa sobre una acción de tutela contra providencias judiciales en un proceso ejecutivo hipotecario, no sobre una relación laboral individual privada regida por el Código Sustantivo del Trabajo"
T-749/06,"llm_no_pertinente: El caso trata sobre el pago de una prestación económica de seguridad social (licencia de maternidad) cuya obligación de pago recae sobre la EPS o el sistema de seguridad social en salud, no sobre prestaciones derivadas directamente de la relación laboral individual privada regida por el Código Sustantivo del Trabajo. Aunque existe una relación laboral de fondo, la controversia central es de seguridad social."
T-425/98,no_pasa_prefiltro_keywords
T-142/14,no_pasa_prefiltro_keywords
T-123/01,no_pasa_prefiltro_keywords
T-1020/04,"llm_no_pertinente: La sentencia trata sobre el derecho fundamental a la salud en el marco de una acción de tutela contra una EPS por negación de servicios médicos relacionados con VIH/SIDA, no versa sobre una relación laboral individual privada regida por el Código Sustantivo del Trabajo"
T-193/99,"llm_no_pertinente: La sentencia versa sobre carrera diplomática y consular, que es una forma de función pública regida por normas especiales (Decreto Ley 10 de 1992), no sobre una relación laboral individual privada regida por el Código Sustantivo del Trabajo"
T-089/06,"llm_no_pertinente: La sentencia trata sobre un proceso ejecutivo hipotecario derivado de un crédito de vivienda y la aplicación de la Ley 546 de 1999, no sobre una relación laboral individual privada regida por el Código Sustantivo del Trabajo"
T-384/94,no_pasa_prefiltro_keywords
T-091/03,no_pasa_prefiltro_keywords
T-801/11,"llm_no_pertinente: El caso trata sobre el reconocimiento de una pensión de invalidez en el sistema de seguridad social, con controversia entre administradoras de fondos de pensiones (Porvenir e ISS), lo cual es materia de seguridad social y no de relación laboral individual privada regida por el Código Sustantivo del Trabajo"
T-237/18,"llm_no_pertinente: La sentencia trata sobre la improcedencia de una acción de tutela contra una providencia judicial en un proceso ejecutivo civil (cobro de una letra de cambio), no sobre una relación laboral individual privada regida por el Código Sustantivo del Trabajo"
T-575/23,"llm_no_pertinente: La sentencia trata sobre una acción de tutela contra providencias judiciales en un proceso civil de responsabilidad civil extracontractual, no sobre una relación laboral individual privada regida por el Código Sustantivo del Trabajo"
T-354/18,"llm_no_pertinente: La sentencia trata sobre el reconocimiento de una pensión de invalidez en el sistema de seguridad social, no sobre una relación laboral individual privada regida por el Código Sustantivo del Trabajo"
T-392/93,"llm_no_pertinente: El caso trata sobre acumulación de pretensiones en tutela y proceso concordatario (insolvencia/deudas), no sobre relación laboral individual privada."
T-814/13,"llm_no_pertinente: El caso trata sobre seguridad social y pensiones de vejez, temas excluidos del alcance de derecho laboral individual privado."
T-1307/01,no_pasa_prefiltro_keywords
T-277/23,no_pasa_prefiltro_keywords
T-1024/12,llm_no_pertinente: El caso trata sobre cumplimiento de providencias judiciales y extinción de dominio; lo laboral no aparece como tema central.
T-787/03,"llm_no_pertinente: El caso trata sobre protección del derecho a la vida de una docente amenazada por violencia/grupos armados y su reubicación por seguridad personal, no sobre relación laboral individual regida por el Código Sustantivo del Trabajo."
T-438/05,"llm_no_pertinente: El caso trata sobre un proceso disciplinario contra un funcionario judicial (miembro de la Judicatura), que es función pública, no relación laboral individual privada regida por el Código Sustantivo del Trabajo."
T-595/17,sin_texto_o_url_no_resuelve
T-278/98,sin_articulos_fundamento_directo
T-566/01,no_pasa_prefiltro_keywords
T-712/08,"llm_no_pertinente: El caso trata sobre negación de cobertura de salud por una EPS, materia de seguridad social y derecho a la salud, no de relación laboral individual privada."
T-286/98,no_pasa_prefiltro_keywords
T-980/01,no_pasa_prefiltro_keywords
T-110/26,sin_texto_o_url_no_resuelve
T-610/17,no_pasa_prefiltro_keywords
T-166/13,"llm_no_pertinente: El caso trata sobre derechos pensionales y seguridad social (traslado entre regímenes pensionales), no sobre derecho laboral individual privado regido por el Código Sustantivo del Trabajo."
T-940/05,"llm_no_pertinente: El caso trata sobre seguridad social en salud y competencias territoriales, no sobre relaciones laborales individuales privadas."
T-859/05,"llm_no_pertinente: El caso trata sobre pensión de invalidez y obligaciones de administradora de riesgos profesionales, que corresponde a seguridad social/riesgos profesionales, no a derecho laboral individual privado."
T-016/10,"llm_no_pertinente: El caso trata sobre derechos pensionales y seguridad social, no sobre relación laboral individual privada regulada por el Código Sustantivo del Trabajo"
T-307/16,"llm_no_pertinente: El caso versa sobre requisitos académicos para obtener título de abogado (práctica jurídica como requisito de grado), no sobre una relación laboral individual privada regida por el Código Sustantivo del Trabajo."
T-291/93,"llm_no_pertinente: El caso trata sobre una acción de tutela en materia de derecho comercial/concursal (Junta de Acreedores Concordatarios), no sobre relación laboral individual privada."
T-566/08,no_pasa_prefiltro_keywords
T-091/04,"llm_no_pertinente: El caso trata sobre derecho de petición en materia pensional ante el Seguro Social, que es seguridad social/pensiones, no derecho laboral individual privado regido por el Código Sustantivo del Trabajo."
T-452/12,"llm_no_pertinente: El caso trata sobre derechos de menores, patria potestad y autorización de salida del país; lo laboral es completamente ajeno al asunto central."
T-045/11,no_pasa_prefiltro_keywords
T-1059/06,"llm_no_pertinente: El caso trata sobre seguridad social en salud (derecho a la salud, cobertura del POS), no sobre relaciones laborales individuales privadas regidas por el Código Sustantivo del Trabajo."
T-067/10,no_pasa_prefiltro_keywords
T-369/97,no_pasa_prefiltro_keywords
T-733/98,"llm_no_pertinente: El caso trata sobre docentes (servidores públicos) y derechos de función pública, no sobre relaciones laborales individuales privadas regidas por el Código Sustantivo del Trabajo."
T-579/93,"llm_no_pertinente: El caso trata sobre derechos ambientales y contaminación industrial, no sobre relaciones laborales individuales privadas."
T-084/25,"llm_no_pertinente: El caso trata sobre restitución de tierras a víctimas del conflicto armado (Ley 1448/2011), no sobre relaciones laborales individuales privadas."
T-527/23,"llm_no_pertinente: El caso trata sobre la calificación de pérdida de capacidad laboral y competencia de entidades pensionales (UGPP), materia de seguridad social/pensiones, no de relación laboral individual privada."
T-674/06,"llm_no_pertinente: El caso trata sobre licencia de maternidad en el régimen de seguridad social (EPS), no sobre relación laboral individual privada regida por el Código Sustantivo del Trabajo."
T-007/24,"llm_no_pertinente: El caso trata sobre derechos de familia, custodia de menores y discriminación de género en contexto familiar, no sobre relación laboral individual privada."
T-400/94,"llm_no_pertinente: El caso trata sobre un concurso de méritos en una administración municipal (función pública), no sobre una relación laboral individual privada regida por el Código Sustantivo del Trabajo."
T-630/08,"llm_no_pertinente: El caso trata sobre reubicación de vendedor ambulante en espacio público y debido proceso administrativo, no sobre relación laboral individual privada regida por el Código Sustantivo del Trabajo."
T-1348/00,"llm_no_pertinente: El caso trata sobre servidores públicos y pensiones (función pública y seguridad social), no sobre relaciones laborales individuales privadas regidas por el Código Sustantivo del Trabajo."
T-065/07,sin_articulos_fundamento_directo
T-549/96,no_pasa_prefiltro_keywords
T-091/13,"llm_no_pertinente: El caso trata sobre derechos de población desplazada e indígena, no sobre relación laboral individual privada"
T-854/00,"llm_no_pertinente: Caso de carrera administrativa y función pública (ICBF), no de relación laboral individual privada regida por el Código Sustantivo del Trabajo"
T-129/22,"llm_no_pertinente: El caso trata sobre desaparición forzada, derechos de víctimas del conflicto armado y deberes del Estado en materia de investigación penal; no aborda relación laboral individual privada."
T-416/21,"llm_no_pertinente: El caso trata sobre derecho a consulta previa de comunidades indígenas en políticas públicas municipales, no sobre relaciones laborales individuales privadas."
T-041/09,"llm_no_pertinente: El caso trata sobre derechos educativos (graduación, obligaciones financieras con universidad), no sobre relación laboral individual privada regida por el Código Sustantivo del Trabajo."
T-785/01,no_pasa_prefiltro_keywords
T-609/08,"llm_no_pertinente: El caso trata sobre seguridad social en salud y recursos parafiscales, temas de seguridad social ajenos al derecho laboral individual privado"
T-095/99,no_pasa_prefiltro_keywords
T-330/14,no_pasa_prefiltro_keywords
T-734/11,"llm_no_pertinente: El caso trata sobre derecho a la educación y accesibilidad de menor con discapacidad, no sobre relación laboral individual privada regida por el Código Sustantivo del Trabajo."
T-311/00,no_pasa_prefiltro_keywords
T-066/01,"llm_no_pertinente: El caso trata sobre carrera administrativa judicial y nombramiento en función pública, no sobre relaciones laborales individuales privadas regidas por el Código Sustantivo del Trabajo."
T-505/15,"llm_no_pertinente: El caso trata sobre derechos a la salud y continuidad en prestación de servicios de salud por EPS, no sobre relaciones laborales individuales privadas."
T-696/06,no_pasa_prefiltro_keywords
T-450/24,"llm_no_pertinente: El caso trata sobre ejecuciones extrajudiciales, crímenes de lesa humanidad y reparación directa por daños del Estado; no sobre relaciones laborales individuales privadas."
T-739/17,"llm_no_pertinente: El caso trata sobre derechos de comunidades indígenas (territorio, consulta previa, reconocimiento estatal), no sobre relaciones laborales individuales privadas regidas por el Código Sustantivo del Trabajo."
T-878/10,no_pasa_prefiltro_keywords
T-471/03,no_pasa_prefiltro_keywords
T-899/08,"llm_no_pertinente: El caso trata sobre derecho a la salud y seguridad social en salud, temas ajenos al derecho laboral individual privado."
T-824/05,"llm_no_pertinente: El caso trata sobre interrupción procesal por enfermedad del apoderado, tema de procedimiento civil, no de derecho laboral individual privado."
T-858/10,no_pasa_prefiltro_keywords
T-513/14,"llm_no_pertinente: El caso trata sobre pensión de invalidez y seguridad social, que están fuera del alcance del derecho laboral individual privado regido por el CST."
T-327/15,"llm_no_pertinente: El caso trata sobre reliquidación de asignación de retiro y prima de actualización de las Fuerzas Militares y Policía Nacional (función pública), no sobre relación laboral individual privada regida por el Código Sustantivo del Trabajo."
T-527/06,no_pasa_prefiltro_keywords
T-663/97,no_pasa_prefiltro_keywords
T-1144/08,no_pasa_prefiltro_keywords
T-528/00,no_pasa_prefiltro_keywords
T-576/95,"llm_no_pertinente: Se trata de un funcionario público vinculado a la Alcaldía Mayor en carrera administrativa, no de una relación laboral individual privada regida por el Código Sustantivo del Trabajo."
T-337/05,"llm_no_pertinente: El caso trata sobre contratación estatal y licitación pública (INCO), no sobre relación laboral individual privada regida por el Código Sustantivo del Trabajo."
T-1309/01,"llm_no_pertinente: El caso trata sobre supresión de cargo en entidad estatal (función pública), no sobre relación laboral individual privada regida por el Código Sustantivo del Trabajo."
T-341/10,"llm_no_pertinente: El caso trata sobre pensión de invalidez y seguridad social, no sobre relación laboral individual privada regida por el Código Sustantivo del Trabajo."
T-476/23,no_pasa_prefiltro_keywords
T-905/00,"llm_no_pertinente: El caso trata sobre derecho de petición y pensión de sobreviviente (seguridad social), no sobre relación laboral individual privada regida por el Código Sustantivo del Trabajo."
T-945/99,no_pasa_prefiltro_keywords
T-1126/01,no_pasa_prefiltro_keywords
T-192/95,no_pasa_prefiltro_keywords
T-185/15,no_pasa_prefiltro_keywords
T-013/95,no_pasa_prefiltro_keywords
T-306/16,"llm_no_pertinente: El caso trata sobre derecho a la salud y seguridad social (acceso a tratamientos de fertilidad por EPS), no sobre relación laboral individual privada."
T-719/17,no_pasa_prefiltro_keywords
T-391/97,no_pasa_prefiltro_keywords
T-901/13,"llm_no_pertinente: El caso trata sobre inmunidad jurisdiccional de Estados en derecho internacional público, tema ajeno al derecho laboral individual privado."
T-149/11,"llm_no_pertinente: El caso trata sobre derecho a la salud y obligaciones de entidades promotoras de salud (seguridad social), no sobre relaciones laborales individuales privadas regidas por el Código Sustantivo del Trabajo."
T-339/97,"llm_no_pertinente: El caso trata sobre seguridad social y pensiones, no sobre relaciones laborales individuales privadas regidas por el Código Sustantivo del Trabajo."
T-199/09,no_pasa_prefiltro_keywords
T-057/11,"llm_no_pertinente: El caso trata sobre derecho a la salud y seguridad social en salud (afiliación a EPS), no sobre relación laboral individual privada."
T-567/17,"llm_no_pertinente: El caso trata sobre bienes baldíos y régimen de tierras (INCODER/ANT), no sobre relaciones laborales individuales privadas."
T-274/01,"llm_no_pertinente: El caso trata sobre empleado judicial (función pública) y cesantías en régimen especial de rama judicial, no sobre relación laboral privada regida por el Código Sustantivo del Trabajo."
T-133/25,no_pasa_prefiltro_keywords
T-447/94,llm_no_pertinente: El caso trata sobre derechos prevalentes del niño (salud) y unidad familiar; lo laboral (traslado de docente) es incidental al propósito central de proteger derechos fundamentales de la menor.
T-559/16,no_pasa_prefiltro_keywords
T-249/24,no_pasa_prefiltro_keywords
T-135/14,"llm_no_pertinente: El caso trata sobre libertad de expresión, derecho al buen nombre y responsabilidad de medios de comunicación. Aunque menciona a una presidenta de sindicato, lo laboral es incidental; el tema central es derecho constitucional de comunicación, no relación laboral individual privada."
T-094/06,"llm_no_pertinente: El caso trata principalmente sobre seguridad social (EPS, cotizaciones, incapacidades) regulado por la Ley 100 de 1993, no sobre relaciones laborales individuales privadas del Código Sustantivo del Trabajo."
T-989/05,"llm_no_pertinente: El caso trata sobre derecho a la salud y seguridad social (negativa de suministro de medicamento por EPS), no sobre relación laboral individual privada."
T-359/11,"llm_no_pertinente: El caso trata sobre contaminación auditiva y derechos fundamentales (intimidad, tranquilidad) en un establecimiento comercial, no sobre relación laboral individual privada."
T-228/14,"llm_no_pertinente: El caso trata sobre pensión de sobrevivientes (seguridad social), no sobre relación laboral individual privada regulada por el Código Sustantivo del Trabajo."
T-413/97,"llm_no_pertinente: El caso trata sobre derechos de propiedad y vivienda de interés social, no sobre relaciones laborales individuales privadas regidas por el Código Sustantivo del Trabajo."
T-1758/00,"llm_no_pertinente: El caso trata sobre libertad de asociación sindical y descuentos sindicales, que corresponden a derecho colectivo, no laboral individual privado."
T-862/11,no_pasa_prefiltro_keywords
T-063/19,"llm_no_pertinente: El caso trata sobre derechos de comunidades indígenas (identidad étnica, cultural, autonomía y medio ambiente), no sobre relaciones laborales individuales privadas regidas por el Código Sustantivo del Trabajo."
T-831/99,no_pasa_prefiltro_keywords
T-1074/03,no_pasa_prefiltro_keywords
SU-274/19,"llm_no_pertinente: El caso trata sobre libertad de expresión, medios de comunicación y juicios paralelos; lo laboral es incidental o ausente."
T-125/24,"llm_no_pertinente: El caso trata sobre traslado de servidor público (Rama Judicial y función pública), no sobre relación laboral individual privada regida por el CST."
T-248/14,"llm_no_pertinente: El caso trata sobre derecho de asociación sindical y negociación colectiva, que son materia de derecho laboral colectivo, no individual privado."
SU-1382/00,sin_texto_o_url_no_resuelve
T-1001/06,no_pasa_prefiltro_keywords
T-881/07,no_pasa_prefiltro_keywords
T-455/07,"llm_no_pertinente: El caso trata sobre derecho a la salud y seguridad social (cobertura de lentes por una EPS), no sobre relación laboral individual privada regida por el Código Sustantivo del Trabajo."
T-714/11,"llm_no_pertinente: El caso trata sobre pensión de vejez y seguridad social, temas excluidos del alcance de derecho laboral individual privado."
T-603/06,"llm_no_pertinente: El caso trata sobre seguridad social (licencia de maternidad y EPS), no sobre relación laboral individual privada regida por el Código Sustantivo del Trabajo."
T-903/06,"llm_no_pertinente: El caso trata sobre derecho hipotecario y ejecución de créditos inmobiliarios, no sobre relación laboral individual privada."
T-399/14,"llm_no_pertinente: El fragmento trata sobre responsabilidad estatal y procedibilidad de tutela contra providencias judiciales, no sobre relaciones laborales individuales privadas."
T-152/08,no_pasa_prefiltro_keywords
T-639/96,"llm_no_pertinente: El fragmento trata sobre revocación de actos administrativos en general, materia de derecho administrativo, sin relación con relaciones laborales individuales privadas."
T-868/04,"llm_no_pertinente: El caso trata sobre derecho a la salud y seguridad social de un menor, no sobre relación laboral individual privada regida por el Código Sustantivo del Trabajo."
T-1091/02,no_pasa_prefiltro_keywords
T-602/03,"llm_no_pertinente: El caso trata sobre desplazamiento forzado interno y derechos humanos, no sobre relaciones laborales individuales privadas regidas por el Código Sustantivo del Trabajo."
T-120/98,"llm_no_pertinente: El caso trata sobre servidores públicos y función pública, no sobre relaciones laborales individuales privadas regidas por el Código Sustantivo del Trabajo"
T-254/06,"llm_no_pertinente: El caso trata sobre desvinculación de empleado público nombrado en provisionalidad en cargo de carrera administrativa, que es función pública, no relación laboral privada regida por el Código Sustantivo del Trabajo."
T-495/08,"llm_no_pertinente: El caso trata sobre derecho de petición y seguridad social/pensiones en la función pública (Policía Nacional), no sobre derecho laboral individual privado regido por el Código Sustantivo del Trabajo."
T-513/02,no_pasa_prefiltro_keywords
T-882/01,"llm_no_pertinente: El caso trata sobre vulneración del derecho de asociación sindical y libertad sindical, que corresponde a derecho colectivo, no laboral individual privado."
T-596/05,"llm_no_pertinente: El caso trata sobre seguridad social y pensiones (bonos pensionales), no sobre derecho laboral individual privado regido por el Código Sustantivo del Trabajo."
T-620/00,"llm_no_pertinente: Las demandantes son trabajadoras del Concejo Distrital (función pública/empleados públicos), no de relaciones laborales privadas regidas por el Código Sustantivo del Trabajo."
T-238/00,"llm_no_pertinente: El caso trata sobre un empleado público (obrero del Municipio de Guamo), que corresponde a función pública, no a relación laboral individual privada regida por el Código Sustantivo del Trabajo."
T-470/07,no_pasa_prefiltro_keywords
T-244/22,no_pasa_prefiltro_keywords
T-512/14,no_pasa_prefiltro_keywords
T-350/96,no_pasa_prefiltro_keywords
T-297/07,"llm_no_pertinente: El caso trata principalmente sobre seguridad social (pago de incapacidades por EPS) y derechos constitucionales, no sobre relación laboral individual privada regida por el Código Sustantivo del Trabajo."
T-1238/04,no_pasa_prefiltro_keywords
T-165/07,no_pasa_prefiltro_keywords
T-448/01,"llm_no_pertinente: El caso trata sobre seguridad social en salud (cobertura médica de menores), no sobre relación laboral individual privada regida por el Código Sustantivo del Trabajo."
T-618/10,"llm_no_pertinente: El caso trata sobre derechos pensionales y régimen de transición (seguridad social), no sobre relación laboral individual privada regida por el Código Sustantivo del Trabajo."
T-192/04,"llm_no_pertinente: El caso trata sobre competencia jurisdiccional en una acción de tutela contra un tribunal de arbitramento en materia de contratos estatales, no sobre una relación laboral individual privada."
T-939/00,"llm_no_pertinente: El caso trata sobre pensiones y mesadas pensionales (seguridad social), no sobre relación laboral individual privada regida por el Código Sustantivo del Trabajo."
T-1362/00,no_pasa_prefiltro_keywords
T-534/07,no_pasa_prefiltro_keywords
T-343/93,llm_no_pertinente: El fragmento trata sobre límites procesales de la acción de tutela y no sobre relaciones laborales individuales privadas.
T-498/00,no_pasa_prefiltro_keywords
SU-455/20,"llm_no_pertinente: El caso trata sobre derecho ambiental y responsabilidad por daño ambiental, no sobre relaciones laborales individuales privadas."
T-990/05,no_pasa_prefiltro_keywords
T-044/24,"llm_no_pertinente: Es una acción de tutela contra providencias judiciales por cuestiones procedimentales y patrimoniales, sin evidencia de que involucre derechos laborales individuales sustanciales del Código Sustantivo del Trabajo."
T-498/20,"llm_no_pertinente: El caso trata sobre seguridad social e invalidez (juntas de calificación de invalidez), no sobre relación laboral individual privada regida por el Código Sustantivo del Trabajo."
T-1096/08,"llm_no_pertinente: El caso trata sobre obligaciones alimentarias en derecho de familia (alimentos entre cónyuges, padres e hijos), no sobre relaciones laborales individuales privadas."
T-806/07,"llm_no_pertinente: El caso trata sobre seguridad social en salud (afiliación/desafiliación a EPS), no sobre relación laboral individual privada regida por el Código Sustantivo del Trabajo."
T-331/11,no_pasa_prefiltro_keywords
T-306/01,sin_articulos_fundamento_directo
T-436/95,no_pasa_prefiltro_keywords
T-1213/00,"llm_no_pertinente: El caso trata sobre actos administrativos de una entidad pública (Alcaldía Municipal) y una relación de empleo público, no sobre una relación laboral individual privada regida por el Código Sustantivo del Trabajo."
T-681/02,no_pasa_prefiltro_keywords
T-430/92,"llm_no_pertinente: El caso trata sobre derechos políticos y participación de minorías en mesas directivas del Senado, no sobre relaciones laborales individuales privadas."
T-654/08,"llm_no_pertinente: El caso trata sobre seguridad social en salud (EPS, POS, planes de salud), no sobre relaciones laborales individuales privadas regidas por el Código Sustantivo del Trabajo."
T-256/06,"llm_no_pertinente: Caso sobre docentes de función pública (Secretaría de Educación del Atlántico) y régimen de carrera docente regido por Ley 715, excluido del alcance de derecho laboral individual privado."
T-257/03,no_pasa_prefiltro_keywords
T-051/07,"llm_no_pertinente: El caso trata sobre pensiones de sobrevivientes y seguridad social, fuera del alcance de derecho laboral individual privado regido por el CST."
T-734/16,"llm_no_pertinente: El caso trata sobre prestaciones pensionales y seguridad social (indemnización sustitutiva de pensión de vejez), que están excluidos del alcance de derecho laboral individual privado."
T-329/04,no_pasa_prefiltro_keywords
T-266/03,"llm_no_pertinente: El caso trata sobre pensión de sobrevivientes (seguridad social) y derecho de petición ante el ISS, no sobre relación laboral individual privada regida por el Código Sustantivo del Trabajo."
T-054/04,"llm_no_pertinente: El caso trata sobre derecho de petición en materia pensional (seguridad social), no sobre relación laboral individual privada regida por el Código Sustantivo del Trabajo."
T-947/09,"llm_no_pertinente: El caso trata sobre fuero sindical y derecho de asociación sindical, que son temas de derecho laboral colectivo, no individual privado."
T-545/14,"llm_no_pertinente: El caso trata sobre derechos de salud y relación paciente-EPS, no sobre relación laboral individual privada regulada por el Código Sustantivo del Trabajo."
SU-171/26,sin_texto_o_url_no_resuelve
T-201/97,"llm_no_pertinente: El caso trata sobre derecho penal (consulta en grado de jurisdicción, pena de prisión, cocaína) y procedimiento judicial, no sobre relaciones laborales individuales privadas."
T-360/10,no_pasa_prefiltro_keywords
T-094/08,"llm_no_pertinente: El caso trata principalmente sobre licencia de maternidad en el contexto del sistema de seguridad social y cotizaciones al sistema de salud, no sobre relación laboral individual regida por el Código Sustantivo del Trabajo."
T-588/08,"llm_no_pertinente: El caso trata sobre función pública (docentes y directivos docentes del servicio educativo estatal) y procedimiento de concurso de méritos, no sobre relación laboral individual privada regida por el Código Sustantivo del Trabajo."
T-673/04,no_pasa_prefiltro_keywords
T-068/05,"llm_no_pertinente: El fragmento trata sobre procedencia excepcional de tutela contra providencias judiciales y debido proceso penal, sin referencia a relación laboral individual privada."
T-581/05,no_pasa_prefiltro_keywords
SU-168/17,"llm_no_pertinente: El caso trata sobre indexación de mesada pensional y seguridad social/pensiones, tema excluido del alcance de derecho laboral individual privado."
T-825/14,no_pasa_prefiltro_keywords
T-360/09,"llm_no_pertinente: El caso trata sobre un crédito hipotecario en UPAC, materia de derecho financiero/bancario, no sobre relaciones laborales individuales privadas."
T-401/15,"llm_no_pertinente: El caso trata sobre pensión de sobrevivientes, materia de seguridad social/pensiones, ajena al derecho laboral individual privado"
T-1207/08,sin_articulos_fundamento_directo
T-968/00,"llm_no_pertinente: El caso trata sobre el pago de mesadas pensionales (seguridad social/pensiones), no sobre relación laboral individual privada regida por el Código Sustantivo del Trabajo."
T-888/11,"llm_no_pertinente: El caso trata sobre derecho a la salud y seguridad social (acceso a servicios de salud por parte de una EPS), no sobre relación laboral individual privada."
T-231/22,"llm_no_pertinente: El caso trata sobre seguridad social y pensiones (sustitución pensional), no sobre derecho laboral individual privado regido por el Código Sustantivo del Trabajo."
SU-295/23,sin_texto_o_url_no_resuelve
T-236/00,no_pasa_prefiltro_keywords
T-314/11,"llm_no_pertinente: El caso trata sobre discriminación por identidad de género en acceso a un evento público (hotel), no sobre relación laboral individual privada"
T-224/14,no_pasa_prefiltro_keywords
T-565/10,no_pasa_prefiltro_keywords
T-514/09,no_pasa_prefiltro_keywords
T-589/93,"llm_no_pertinente: El caso trata sobre pensión de vejez (seguridad social/prestaciones sociales) y derecho de petición, no sobre relaciones laborales individuales privadas regidas por el Código Sustantivo del Trabajo."
T-442/13,"llm_no_pertinente: El fragmento trata sobre procedibilidad de tutela (subsidiariedad e inmediatez) y confianza legítima en relaciones administrativas, no sobre relaciones laborales individuales privadas."
T-398/15,"revision_manual: funcion_publica_o_pension, ver auditoria"
T-008/15,"revision_manual: funcion_publica_o_pension, ver auditoria"
T-004/25,"llm_no_pertinente: El caso trata sobre reparación directa, caducidad de acciones y desplazamiento forzado; lo laboral no es el objeto central."
T-585/93,"llm_no_pertinente: El caso trata centralmente sobre pensión de vejez y derechos de seguridad social, no sobre relación laboral individual regida por CST."
T-463/10,no_pasa_prefiltro_keywords
T-811/12,"llm_no_pertinente: El caso trata sobre pensión de invalidez (seguridad social), no sobre relación laboral individual regida por el CST."
T-234/18,"llm_no_pertinente: El caso trata centralmente sobre pensión de invalidez y seguridad social (Sistema General de Pensiones, Ley 100 de 1993), no sobre relación laboral individual bajo CST."
T-390/99,"llm_no_pertinente: El tema central es pensión de jubilación y seguridad social (ISS, aportes al sistema); aunque hay elementos laborales incidentales (salario, cesantías), la cuestión decisoria es el reconocimiento de pensión por mora en aportes."
T-858/03,"llm_no_pertinente: El caso trata centralmente sobre pensión de vejez y bono pensional, temas de seguridad social que están excluidos del alcance de derecho laboral individual."
T-391/95,no_pasa_prefiltro_keywords
T-154/98,no_pasa_prefiltro_keywords
T-365/98,no_pasa_prefiltro_keywords
T-500/03,no_pasa_prefiltro_keywords
T-452/01,no_pasa_prefiltro_keywords
T-630/00,"llm_no_pertinente: El tema central es bono pensional y pensión de vejez (seguridad social), no derecho laboral individual."
T-132/20,"llm_no_pertinente: El caso versa sobre un contrato de seguros de vida, no sobre una relación laboral individual regida por el CST"
T-589/00,"llm_no_pertinente: El caso trata sobre pensión de sobrevivientes y bono pensional, temas de seguridad social excluidos del alcance del dataset."
T-190/03,no_pasa_prefiltro_keywords
T-947/11,"llm_no_pertinente: El tema central es seguridad social en salud (cobertura médica y continuidad de tratamiento) para ex miembro de fuerzas públicas, no relación laboral individual regida por CST."
T-430/12,"llm_no_pertinente: El caso trata sobre incentivos económicos en acciones populares y derecho procesal administrativo, no sobre relación laboral individual."
T-298/12,no_pasa_prefiltro_keywords
SU-349/19,"llm_no_pertinente: El caso trata sobre efectos de sentencias de tutela y legitimación procesal, no sobre una relación laboral individual sustancial"
T-602/14,"llm_no_pertinente: El caso trata sobre pensión de sobrevivientes (derecho pensional), que está excluido del alcance de derecho laboral individual."
T-265/23,sin_texto_o_url_no_resuelve
T-028/02,no_pasa_prefiltro_keywords
T-050/96,llm_no_pertinente: El caso trata sobre procedimiento de tutela y perjuicio irremediable en disputa entre particulares sobre expulsión de inmueble; lo laboral no es el objeto central.
T-1128/03,"llm_no_pertinente: El caso trata sobre pensión (mesada pensional) y Seguridad Social, no sobre relación laboral individual. Además, involucra régimen especial del magisterio (Fondo Nacional de Prestaciones Sociales del Magisterio)."
T-458/98,"llm_no_pertinente: El caso trata sobre procedimiento de tutela contra providencias judiciales y acceso a justicia, no sobre relación laboral individual regida por CST."
T-540/00,sin_articulos_fundamento_directo
T-110/12,no_pasa_prefiltro_keywords
T-160/04,"llm_no_pertinente: El caso trata sobre reconocimiento y trámite de pensión de vejez ante el ISS, lo que constituye materia de seguridad social/pensiones, excluida del alcance de derecho laboral individual."
T-817/02,no_pasa_prefiltro_keywords
T-932/10,"llm_no_pertinente: El caso trata centralmente sobre suspensión de mesada pensional de jubilación y seguridad social en materia pensional, lo cual excluye el caso del alcance de derecho laboral individual según los criterios establecidos."
T-258/10,no_pasa_prefiltro_keywords
T-366/99,"llm_no_pertinente: El caso trata sobre derechos de salud y seguridad social (diagnóstico y atención médica), no sobre relación laboral individual regida por el CST"
T-693/98,no_pasa_prefiltro_keywords
T-859/09,"llm_no_pertinente: Caso de empleado público (servidor de la Defensoría del Pueblo) bajo régimen estatutario, no CST; además, la acción es promovida por sindicato en representación (derecho colectivo), lo que excluye del alcance de derecho laboral individual."
T-689/10,no_pasa_prefiltro_keywords
T-411/17,"llm_no_pertinente: El caso trata sobre derechos políticos y electorales (asignación de curul, representación en Cámara), no sobre relación laboral individual regida por CST."
T-412/18,no_pasa_prefiltro_keywords
T-268/00,no_pasa_prefiltro_keywords
T-692A/07,sin_texto_o_url_no_resuelve
T-118/00,"llm_no_pertinente: El caso trata sobre un contrato de medicina prepagada y seguros de vida, no sobre una relación laboral individual regida por el CST."
T-101/00,"llm_no_pertinente: El caso trata centralmente sobre pensión de vejez y seguridad social, no sobre relación laboral individual; aunque hay elementos laborales (servicio doméstico, salario), el objeto es la afiliación pensional y el derecho a pensión."
T-793/98,no_pasa_prefiltro_keywords
T-506/15,"llm_no_pertinente: El caso trata sobre seguro de vida y derechos de parejas del mismo sexo en materia de seguridad social, no sobre relación laboral individual regida por CST"
T-637/08,no_pasa_prefiltro_keywords
T-593/02,"llm_no_pertinente: El caso trata sobre liquidación de empresa de servicios públicos y defectos procesales (vía de hecho judicial), no sobre relación laboral individual regida por CST."
T-742/11,sin_articulos_fundamento_directo
T-038/19,no_pasa_prefiltro_keywords
T-1182/08,no_pasa_prefiltro_keywords
T-649/96,"llm_no_pertinente: El caso trata sobre juicio político de altos funcionarios y procedimiento penal ante la Corte Suprema, no sobre relación laboral individual regida por el CST."
T-928/10,"llm_no_pertinente: El caso trata sobre cobro de contribuciones parafiscales y debido proceso administrativo ante una entidad que administra fondos parafiscales, no sobre una relación laboral individual regida por el CST."
T-744/03,"llm_no_pertinente: El caso trata sobre pensión de jubilación y pago de mesadas pensionales, lo que corresponde a seguridad social y pensiones, excluido del alcance de derecho laboral individual."
T-1050/10,"llm_no_pertinente: El caso trata sobre licencia de paternidad y seguridad social (EPS, cotizaciones, Fondo de Solidaridad y Garantía), no sobre relación laboral individual regida por CST."
T-244/99,no_pasa_prefiltro_keywords
T-664/02,"llm_no_pertinente: El caso trata sobre licencia de maternidad y seguridad social (cotizaciones al Seguro Social), temas de seguridad social excluidos del alcance, sin importar que se mencione una relación laboral individual."
T-092/07,no_pasa_prefiltro_keywords
T-405/07,"llm_no_pertinente: El caso trata sobre derechos fundamentales (honra, buen nombre, intimidad, imagen) en contexto de acción de tutela, sin que aparezca como objeto central una relación laboral individual regida por el CST."
T-982/03,no_pasa_prefiltro_keywords
SU-998/00,"llm_no_pertinente: El caso trata centralmente sobre despido colectivo y vulneración del derecho de sindicalización (fuero sindical), que es derecho colectivo, no laboral individual."
T-977/12,no_pasa_prefiltro_keywords
T-212/09,"llm_no_pertinente: El caso trata sobre derecho a la salud de un menor y suministro de servicios por EPS, no sobre relación laboral individual regida por CST"
T-169/03,"llm_no_pertinente: El caso trata sobre pensión de jubilación en régimen especial de funcionario judicial, materia de seguridad social excluida del alcance de derecho laboral individual."
T-1419/00,"llm_no_pertinente: El caso trata sobre pensión de vejez reconocida por el ISS, materia de seguridad social excluida del alcance del dataset de derecho laboral individual."
T-461/07,"llm_no_pertinente: El caso trata sobre derecho a la salud y seguridad social (negación de medicamento por EPS), no sobre relación laboral individual regulada por CST."
T-434/97,"llm_no_pertinente: El caso trata sobre la cuantía y liquidación de pensiones de jubilación y pensiones de vejez del ISS, lo que corresponde a seguridad social y pensiones, no a derecho laboral individual."
T-665/04,"llm_no_pertinente: El caso trata sobre licencia de maternidad y seguridad social (EPS), no sobre relación laboral individual regida por CST."
T-319/14,no_pasa_prefiltro_keywords
T-244/10,no_pasa_prefiltro_keywords
SU-124/18,"llm_no_pertinente: El caso trata sobre derecho a la salud y sistema de seguridad social en salud (EPS, MIPRES), no sobre relación laboral individual regida por el Código Sustantivo del Trabajo."
T-256/23,sin_texto_o_url_no_resuelve
T-003/19,"llm_no_pertinente: El caso trata sobre derecho fundamental a la salud y negación de procedimiento médico por plan de salud, no sobre relación laboral individual regida por CST."
T-715/01,"llm_no_pertinente: El demandado es una entidad estatal (Alcaldía y Contraloría Municipal) y el demandante es empleado público vinculado bajo régimen administrativo, no bajo CST; aunque el caso trata pagos de salarios y cesantías, el vínculo es estatutario."
T-1220/04,no_pasa_prefiltro_keywords
T-328/93,"llm_no_pertinente: El caso trata sobre responsabilidad civil y daño a la salud por accidente (descarga eléctrica), no sobre relación laboral individual regida por CST. Lo laboral es incidental."
T-968/09,"llm_no_pertinente: El caso trata sobre custodia, cuidado personal de menores e interés superior del niño en contexto de derecho de familia, no sobre relación laboral individual regida por CST."
T-273/08,no_pasa_prefiltro_keywords
T-443/98,"llm_no_pertinente: El caso trata sobre carencia actual de objeto en tutela y no sobre una relación laboral individual sustancial; además, el vínculo es docente universitario en institución privada con elementos de contrato de prestación de servicios, no típicamente regido por CST."
T-056/24,no_pasa_prefiltro_keywords
T-361/20,"llm_no_pertinente: El caso trata sobre conflicto entre libertad de expresión y buen nombre comercial en valla publicitaria, no sobre relación laboral individual regida por CST."
T-004/01,"llm_no_pertinente: El caso trata centralmente sobre régimen contributivo de seguridad social en salud y responsabilidad de EPS, no sobre relación laboral individual regida por CST."
T-476/20,no_pasa_prefiltro_keywords
T-044/01,"llm_no_pertinente: El caso trata sobre mora en aportes de seguridad social en salud (sistema de seguridad social), no sobre una relación laboral individual regida por el CST."
T-293/18,"llm_no_pertinente: El caso trata sobre derechos fundamentales de intimidad, buen nombre y honra versus libertad de expresión de un concejal, sin relación con una relación laboral individual regida por el CST."
T-001/04,no_pasa_prefiltro_keywords
T-261/12,"llm_no_pertinente: El caso versa sobre derecho colectivo (sindicato, legitimación sindical, libertad sindical, conflicto colectivo de trabajo) y no sobre derecho laboral individual regido por CST."
T-213/10,"llm_no_pertinente: El caso trata sobre monopolio de licores y destinación de rentas departamentales (derecho administrativo/constitucional), no sobre relación laboral individual regida por CST."
T-353/18,no_pasa_prefiltro_keywords
T-043/26,no_pasa_prefiltro_keywords
T-1017/04,"llm_no_pertinente: El caso trata sobre derecho de petición en materia pensional (reliquidación de pensión de jubilación), no sobre relación laboral individual regida por el CST."
T-333/22,"llm_no_pertinente: El caso versa sobre derechos fundamentales (vivienda digna, agua potable, consulta previa, identidad cultural) en contexto de reconstrucción post-desastre; no trata de relación laboral individual regida por CST ni sus materias específicas."
T-050/19,no_pasa_prefiltro_keywords
T-395/00,no_pasa_prefiltro_keywords
T-593/96,no_pasa_prefiltro_keywords
T-169/98,no_pasa_prefiltro_keywords
T-797/98,"llm_no_pertinente: El caso trata sobre descuentos salariales por deuda de préstamo cooperativo y derecho de petición ante una cooperativa, no sobre una relación laboral individual regida por el CST. El vínculo laboral es incidental; el objeto central es la respuesta a peticiones ante una entidad privada (cooperativa)."
T-477/18,"llm_no_pertinente: El caso trata centralmente sobre pensión de invalidez y seguridad social, no sobre relación laboral individual regida por CST."
T-644/97,"llm_no_pertinente: El tema central es seguridad social (afiliación al régimen subsidiado y derechos de salud) en contexto de servicio militar obligatorio, no relación laboral individual regida por CST."
T-1137/05,no_pasa_prefiltro_keywords
T-072/02,no_pasa_prefiltro_keywords
T-1668/00,"llm_no_pertinente: El caso trata sobre períodos mínimos de cotización en seguridad social en salud (cobertura de cirugía), no sobre relación laboral individual regida por CST."
T-1039/12,no_pasa_prefiltro_keywords
T-350/18,"llm_no_pertinente: El caso trata centralmente sobre pensión de invalidez y seguridad social, no sobre relación laboral individual"
T-205/11,no_pasa_prefiltro_keywords
T-156/15,"llm_no_pertinente: El caso trata sobre pago de incapacidades laborales por enfermedad general, que es materia de seguridad social (Sistema de Seguridad Social, EPS, Colpensiones), no de derecho laboral individual regido por el CST."
T-298/21,sin_texto_o_url_no_resuelve
T-1233/04,"llm_no_pertinente: El caso trata sobre derecho a la salud y seguridad social (negación de medicamento fuera del POS), no sobre relación laboral individual regida por el CST."
T-453/00,"llm_no_pertinente: El caso trata sobre derecho tributario y procedimiento de cobro coactivo, no sobre relación laboral individual"
T-598/02,"llm_no_pertinente: El caso trata sobre servicios públicos domiciliarios (agua) y deberes fiscales del ciudadano, no sobre relación laboral individual."
T-212/19,"llm_no_pertinente: El caso trata sobre inscripción en el RUV y reparación a víctimas del conflicto armado, no sobre relación laboral individual regida por el CST."
T-036/10,no_pasa_prefiltro_keywords
T-070/99,"llm_no_pertinente: El caso trata sobre pensiones de ex trabajadores y acreencias del Fondo Pasivo Social, lo que constituye materia de seguridad social/pensiones, excluida del alcance de derecho laboral individual."
T-369/18,"llm_no_pertinente: El caso trata sobre derechos políticos y revocatoria del mandato, no sobre relación laboral individual regida por el CST."
T-302/22,"llm_no_pertinente: El caso trata sobre derechos de personas privadas de la libertad en contexto carcelario, no sobre relación laboral individual regida por CST."
T-152/13,llm_no_pertinente: El caso trata sobre procedibilidad de acción de tutela contra providencias judiciales en un proceso de reparación directa; lo laboral es incidental y no es el objeto central de la decisión.
T-235/09,no_pasa_prefiltro_keywords
T-077/19,no_pasa_prefiltro_keywords
T-099/93,"llm_no_pertinente: El caso trata sobre la relación entre un socio y una corporación social (Club Campestre), no sobre una relación laboral individual regida por el Código Sustantivo del Trabajo."
T-512/03,no_pasa_prefiltro_keywords
T-1092/04,no_pasa_prefiltro_keywords
T-422/20,no_pasa_prefiltro_keywords
T-332/07,no_pasa_prefiltro_keywords
T-124/97,"llm_no_pertinente: El tema central es seguridad social (cotizaciones en salud e Instituto de Seguros Sociales), no derecho laboral individual sustantivo."
T-419/06,"llm_no_pertinente: El caso trata sobre modificación unilateral de condiciones de un crédito hipotecario de vivienda, materia de derecho civil/financiero, no de derecho laboral individual."
T-795/02,"llm_no_pertinente: El caso trata sobre negación de pensión de invalidez por el Seguro Social; pensión es materia de seguridad social, excluida del alcance laboral individual."
T-1031/01,no_pasa_prefiltro_keywords
T-319/05,"llm_no_pertinente: El caso trata sobre notificación y procedimiento en proceso ejecutivo hipotecario, materia de derecho procesal civil, no de derecho laboral individual."
T-067/04,"llm_no_pertinente: El caso trata exclusivamente sobre pensión de jubilación y pago de mesadas pensionales, lo cual está explícitamente excluido del alcance de derecho laboral individual."
T-1655/00,"llm_no_pertinente: El caso central trata sobre pensión de jubilación y derechos de sustitución pensional (pensión de sobrevivientes), no sobre relación laboral individual"
T-445/03,"llm_no_pertinente: El caso trata sobre honorarios de concejales (cargo público-electoral), no sobre una relación laboral individual regida por el Código Sustantivo del Trabajo."
T-930/03,"llm_no_pertinente: El tema central es pensión de vejez/jubilación y bono pensional, que constituyen seguridad social, no derecho laboral individual"
T-238A/11,no_pasa_prefiltro_keywords
T-564/15,"llm_no_pertinente: El caso trata centralmente sobre seguridad social (pensión de sobrevivientes y sustitución pensional), que está excluido del alcance laboral individual."
T-002/09,no_pasa_prefiltro_keywords
T-1093/07,"llm_no_pertinente: El caso trata sobre afiliación a EPS y seguridad social en salud, no sobre relación laboral individual regida por CST."
T-107/03,no_pasa_prefiltro_keywords
T-224/03,"llm_no_pertinente: El caso trata sobre controversias económicas (pago de obligaciones derivadas de libranzas) ante entidades municipales, no sobre una relación laboral individual regida por el CST. Lo laboral es incidental."
T-158/93,no_pasa_prefiltro_keywords
T-058/23,sin_texto_o_url_no_resuelve
T-735/17,"llm_no_pertinente: El caso trata sobre violencia intrafamiliar, debido proceso y acceso a justicia, no sobre relación laboral individual regida por el CST."
T-774/13,no_pasa_prefiltro_keywords
T-026/05,"llm_no_pertinente: El caso trata sobre libertad religiosa en contexto educativo (SENA), no sobre una relación laboral individual regida por el CST. Lo laboral es incidental."
T-387/18,"llm_no_pertinente: El caso trata sobre derecho a la salud y seguridad social en materia de prestación de servicios de salud, no sobre relación laboral individual regida por CST."
T-008/12,"llm_no_pertinente: El caso trata sobre sustitución pensional y pensión de sobrevivientes, que son materia de seguridad social y sistema pensional, no de derecho laboral individual."
T-047/05,"llm_no_pertinente: El caso trata sobre procedencia de tutela contra providencias judiciales y cuestiones de procedimiento civil (demanda contra herederos), no sobre relación laboral individual."
T-1696/00,"llm_no_pertinente: Docente oficial del magisterio bajo Fondo de Prestaciones Sociales del Magisterio, régimen estatutario especial, no CST."
T-792/09,no_pasa_prefiltro_keywords
T-1168/00,"llm_no_pertinente: El caso trata sobre licencia de maternidad y prestaciones económicas derivadas de seguridad social (Seguro Social), no sobre una relación laboral individual regida por el CST."
T-1227/05,llm_no_pertinente: El caso trata sobre derecho a la educación y retención de documentos académicos por conflicto de pagos de matrículas/pensiones; no es sobre relación laboral individual regida por CST.
T-1518/00,no_pasa_prefiltro_keywords
T-358/12,no_pasa_prefiltro_keywords
SU-453/20,no_pasa_prefiltro_keywords
T-089/05,no_pasa_prefiltro_keywords
T-170/02,"llm_no_pertinente: El caso trata sobre derecho a la salud y suministro de medicamentos por EPS, no sobre relación laboral individual regida por el CST. La mención del despido es incidental al análisis de capacidad económica para el medicamento."
T-218/04,"llm_no_pertinente: El caso trata sobre derecho a la salud y negativa de cobertura de exámenes médicos por una EPS, no sobre relación laboral individual regida por el CST."
T-1181/05,"llm_no_pertinente: El caso trata sobre procesos ejecutivos hipotecarios y financiación de vivienda (Ley 546/99), no sobre relaciones laborales individuales regidas por el Código Sustantivo del Trabajo."
T-156/21,no_pasa_prefiltro_keywords
T-555/08,"llm_no_pertinente: El caso trata sobre pérdida de investidura de congresista, que es función pública y derecho administrativo electoral, no relación laboral individual regida por el CST."
T-022/95,no_pasa_prefiltro_keywords
T-372/22,"llm_no_pertinente: El caso trata sobre jurisdicción especial indígena, debido proceso y libertad personal en ese contexto; no es derecho laboral individual regido por CST."
T-523/25,no_pasa_prefiltro_keywords
T-101/23,"llm_no_pertinente: El tema central es derecho a la salud y cobertura de procedimientos médicos por EPS, no relación laboral individual regida por CST."
T-707/12,no_pasa_prefiltro_keywords
T-970/07,"llm_no_pertinente: El caso trata sobre derecho a la salud y seguridad social en salud (EPS), no sobre relación laboral individual regida por el CST."
T-502/99,"llm_no_pertinente: El demandante es conductor de la Alcaldía (empleado público municipal bajo régimen estatutario), no trabajador regido por CST; aunque el tema es pago de salarios, el vínculo es de empleado público administrativo, no laboral individual CST."
T-085/01,no_pasa_prefiltro_keywords
T-805/13,"llm_no_pertinente: El vínculo es de docente oficial bajo régimen estatutario (autoridad nominadora, ius variandi de empleador público), no CST; la sentencia aplica normas de función pública, no derecho laboral individual regido por el Código Sustantivo del Trabajo."
T-320/11,no_pasa_prefiltro_keywords
T-089/18,"llm_no_pertinente: El caso trata sobre derecho fundamental a la salud y seguridad social de menores de edad en relación con EPS; lo laboral es incidental. El tema central es seguridad social (afiliación a EPS) y derechos del menor, no relación laboral individual regida por CST."
T-641/11,"llm_no_pertinente: El caso trata sobre desvinculación de funcionario público en provisionalidad en cargo de carrera administrativa, régimen estatutario no regulado por CST sino por normas de carrera administrativa."
T-108/22,"llm_no_pertinente: El caso trata sobre pensión de sobrevivientes, que es materia de seguridad social, no de derecho laboral individual."
T-602/95,no_pasa_prefiltro_keywords
T-463/09,"llm_no_pertinente: El caso trata sobre derecho a la salud y seguridad social en salud (SOAT, FOSYGA) en contexto de accidente de tránsito, no sobre relación laboral individual regida por el CST."
T-327/10,"llm_no_pertinente: El caso trata sobre libertad de expresión e información en medios de comunicación, no sobre relación laboral individual regida por el CST"
T-748/04,"llm_no_pertinente: El caso trata sobre derecho a la salud y acceso a medicamentos en el sistema de seguridad social (EPS), no sobre relación laboral individual regida por el CST."
T-595/15,"llm_no_pertinente: El caso trata sobre derecho a la educación y mora en pago de pensiones escolares, no sobre relación laboral individual regida por el CST."
T-950A/09,no_pasa_prefiltro_keywords
T-785/98,"llm_no_pertinente: El caso trata sobre derecho de petición frente a la administración municipal y la improcedencia de tutela para acreencias laborales de un ex-funcionario público; es una cuestión de derecho administrativo y procesal constitucional, no de relación laboral individual regida por CST."
T-216/26,sin_texto_o_url_no_resuelve
T-238/96,no_pasa_prefiltro_keywords
T-042/24,no_pasa_prefiltro_keywords
T-098/16,"llm_no_pertinente: El caso trata sobre derecho a la salud y suministro de medicamentos por EPS, no sobre relación laboral individual regida por CST."
T-839/05,"llm_no_pertinente: El caso trata sobre procedimiento judicial (tutela contra providencias, recurso de revisión, anulación de laudo arbitral) y perjuicio patrimonial, sin que el derecho laboral individual sea el objeto central de la decisión."
T-564/14,no_pasa_prefiltro_keywords
T-821/99,no_pasa_prefiltro_keywords
T-242/22,"llm_no_pertinente: El caso trata sobre derechos fundamentales (honra, buen nombre, presunción de inocencia, libertad de expresión) en contexto de publicaciones y ejercicio periodístico, sin relación con una relación laboral individual regida por el CST."
T-357/12,"llm_no_pertinente: El caso trata sobre objeción de conciencia al servicio militar obligatorio, que es una cuestión de función pública y derechos fundamentales, no de derecho laboral individual bajo el CST."
T-075/94,no_pasa_prefiltro_keywords
T-959/00,"llm_no_pertinente: El caso trata sobre solicitud de visa y derecho a la familia, no sobre relación laboral individual regida por el CST."
T-876/12,no_pasa_prefiltro_keywords
T-278/02,no_pasa_prefiltro_keywords
T-219/08,no_pasa_prefiltro_keywords
T-358/22,"llm_no_pertinente: El caso trata sobre derecho fundamental a la salud y acceso a prestaciones de salud (silla de ruedas motorizada), no sobre relación laboral individual regida por CST."
T-931/99,"llm_no_pertinente: El caso incluye pensionados y mesadas pensionales (seguridad social), lo que lo excluye automáticamente del dataset de derecho laboral individual."
T-253/08,"llm_no_pertinente: El caso trata sobre derecho a la salud y acceso a servicios médicos en una EPS, no sobre relación laboral individual regida por CST."
T-943/07,revision_manual: seguridad_social_salud_o_trabajador_independiente
T-281/03,no_pasa_prefiltro_keywords
T-288/20,no_pasa_prefiltro_keywords
T-554/06,no_pasa_prefiltro_keywords
T-208/02,no_pasa_prefiltro_keywords
T-037/12,"llm_no_pertinente: El tema central es el derecho a la educación y el pago de derechos académicos/pensiones escolares, no una relación laboral individual regida por el CST."
T-1420/00,"llm_no_pertinente: El empleador es una entidad estatal (Alcalde Municipal) y el vínculo es de empleado público bajo régimen administrativo, no CST."
T-1317/01,"llm_no_pertinente: El caso trata sobre autonomía universitaria y regulación interna de la institución educativa (interpretación de reglamentos estudiantiles sobre cursos vacacionales), no sobre una relación laboral individual entre empleador y trabajador regida por el CST."
T-450/98,"llm_no_pertinente: El caso trata sobre debido proceso y dilaciones en procedimiento penal, no sobre relación laboral individual regida por CST."
T-059/02,"llm_no_pertinente: Empleados públicos docentes bajo régimen estatutario (Ley 115 de 1994, carrera administrativa municipal), no régimen CST. El vínculo es administrativo, no laboral individual privado."
T-726/12,"llm_no_pertinente: El caso trata sobre empleados públicos nombrados en provisionalidad en cargos de carrera, regidos por régimen estatutario/administrativo, no por CST."
T-683/08,"llm_no_pertinente: El tema central es seguridad social en salud (EPS): cobertura y negación de servicios de salud en accidente de tránsito, no una relación laboral individual regida por el CST."
T-808/11,"llm_no_pertinente: El accionante es policía (Capitán r.) bajo régimen estatutario/administrativo especial; el vínculo no es CST sino de servidor público sujeto a estatutos especiales y proceso disciplinario administrativo, no laboral individual."
T-1074/06,"llm_no_pertinente: El caso trata sobre reliquidación y redenominación de créditos hipotecarios en UVR, materia de derecho financiero y contractual, no sobre relación laboral individual regida por el CST."
T-955/08,no_pasa_prefiltro_keywords
T-008/20,no_pasa_prefiltro_keywords
T-663/08,"llm_no_pertinente: El caso trata sobre negación de cobertura de cirugía bariátrica por una EPS, que es seguridad social en salud, no un litigio laboral individual entre empleador y trabajador."
T-799/01,"llm_no_pertinente: El caso trata sobre responsabilidad civil en proceso penal por accidente de tránsito, sin relación laboral individual. Es derecho procesal penal, no laboral."
T-1272/08,no_pasa_prefiltro_keywords
T-481/11,no_pasa_prefiltro_keywords
T-565/09,"llm_no_pertinente: El caso trata sobre una controversia entre un usuario y una empresa de servicios públicos domiciliarios (energía eléctrica) por cobro de sanciones por anomalías en instalaciones, no sobre una relación laboral individual regida por el CST."
T-012/05,"llm_no_pertinente: El tema central es pensión y seguridad social (indemnización de sobrevivientes bajo Ley 100 de 1993, tramitada ante Instituto del Seguro Social), no relación laboral individual regida por CST."
T-686/04,"llm_no_pertinente: El tema central es pensión y seguridad social (reajuste pensional, mesada pensional, reliquidación pensional), no una relación laboral individual regida por el CST."
T-525/98,no_pasa_prefiltro_keywords
T-766/08,"llm_no_pertinente: El caso trata sobre procedencia de tutela contra providencias judiciales y defectos procesales, no sobre una relación laboral individual regida por el CST."
T-245/13,no_pasa_prefiltro_keywords
T-212/08,no_pasa_prefiltro_keywords
T-808/05,"llm_no_pertinente: El caso trata sobre negación de cobertura de servicios de salud y medicamentos por una EPS (seguridad social en salud), no sobre una relación laboral individual regida por el CST."
T-509/93,no_pasa_prefiltro_keywords
T-181/08,"llm_no_pertinente: El tema central es pensión de vejez y reconocimiento de retroactivo pensional ante el ISS, que constituye seguridad social en pensiones, no relación laboral individual regida por el CST."
T-1233/01,no_pasa_prefiltro_keywords
T-1112/02,no_pasa_prefiltro_keywords
T-124/15,no_pasa_prefiltro_keywords
T-1085/02,llm_no_pertinente: El caso trata sobre un litigio entre una persona y una entidad bancaria respecto a condiciones de crédito hipotecario y derecho de petición; no es una relación laboral individual regida por el CST.
T-914/99,no_pasa_prefiltro_keywords
T-431/92,no_pasa_prefiltro_keywords
T-262/20,"llm_no_pertinente: El caso central es seguridad social en salud (negación de cobertura de cuidador domiciliario por EPS), no relación laboral individual regida por CST."
T-432/05,no_pasa_prefiltro_keywords
T-689/13,"llm_no_pertinente: El caso trata sobre eficacia horizontal de derechos fundamentales y procedencia de tutela contra particulares y autoridades de policía en procesos de desalojo, no sobre relación laboral individual regida por CST."
T-096/11,"llm_no_pertinente: El caso trata sobre derecho a continuidad en servicio de salud y atención médica, lo cual es materia de seguridad social en salud (EPS), no derecho laboral individual."
T-063/14,"llm_no_pertinente: El tema central es derecho colectivo (permisos sindicales, derechos de asociación sindical), no derecho laboral individual regulado por el CST."
T-937/07,"llm_no_pertinente: El tema central es pensión de jubilación y liquidación del monto pensional, que constituye materia de seguridad social en pensiones, no relación laboral individual regida por CST."
T-941A/11,"llm_no_pertinente: El fragmento trata sobre derechos de autor y propiedad intelectual, no sobre relación laboral individual regida por el CST."
T-374/08,no_pasa_prefiltro_keywords
T-191/09,llm_no_pertinente: El caso trata sobre procedibilidad de acción de tutela contra providencias judiciales y acciones de grupo; no es un litigio laboral individual entre empleador y trabajador regido por CST.
T-445/99,no_pasa_prefiltro_keywords
T-347/11,"llm_no_pertinente: El tema central es pensión de sobrevivientes y sustitución pensional, regulado por la Ley 100 de 1993 y Ley 797 de 2003, que corresponde a seguridad social en pensiones, no a derecho laboral individual."
T-920/14,"llm_no_pertinente: El tema central es derecho a la salud como derecho fundamental autónomo, no una relación laboral individual regida por el CST."
T-401/08,no_pasa_prefiltro_keywords
T-058/16,"llm_no_pertinente: El caso trata sobre un contrato de seguro de vida y reticencia en póliza, no sobre relación laboral individual regida por el Código Sustantivo del Trabajo."
T-253/18,llm_no_pertinente: El tema central es seguridad social en salud (EPS): negación de cobertura de transporte para acceso a servicios de salud. No es un litigio de relación laboral individual entre empleador y trabajador.
T-401/96,"llm_no_pertinente: El caso trata sobre competencia jurisdiccional y efectos de sentencias de inconstitucionalidad; lo laboral (retiro del servicio) aparece solo de forma incidental como ejemplo, sin ser el objeto central de la decisión."
SU-007/23,no_pasa_prefiltro_keywords
T-804/99,"llm_no_pertinente: El accionante es empleado público municipal (Alcaldía de Cali) bajo régimen administrativo estatal, no regido por CST sino por estatutos especiales de empleados públicos."
T-720/05,no_pasa_prefiltro_keywords
T-355/96,"llm_no_pertinente: El caso trata sobre afiliación y retiro de un fondo de empleados, que es materia de seguridad social/prestaciones sociales, no de relación laboral individual regida por el CST."
T-1034/10,no_pasa_prefiltro_keywords
T-926/03,"llm_no_pertinente: El caso trata sobre derecho de asociación sindical, huelga y paro (derecho colectivo), no sobre relación laboral individual regida por CST."
T-958/05,"llm_no_pertinente: El caso trata sobre defectos fácticos en providencias judiciales laborales (tutela contra sentencia de juzgado laboral), no sobre la relación laboral individual sustantiva; es un asunto de procedimiento y debido proceso judicial, no de derecho laboral material."
T-454/11,no_pasa_prefiltro_keywords
T-717/04,no_pasa_prefiltro_keywords
T-978/06,llm_no_pertinente: El caso trata sobre cierre de un establecimiento comercial (gimnasio Body Tech) por incumplimiento de normas sobre uso del suelo; no versa sobre relación laboral individual regida por el CST.
T-507/98,"llm_no_pertinente: Empleado público bajo régimen estatutario (carrera docente estatal); vinculación regida por sistema de concurso y normas de carrera administrativa, no por CST/Ley 50 de 1990."
T-828/09,no_pasa_prefiltro_keywords
T-1212/04,"llm_no_pertinente: El caso trata sobre la naturaleza jurídica de empresas de servicios públicos domiciliarios y procedibilidad de tutela contra particulares, no sobre una relación laboral individual regida por el CST."
T-410/24,"llm_no_pertinente: El caso trata sobre restitución de tierras y reparación de víctimas del conflicto armado (Ley 1448 de 2011), no sobre relaciones laborales individuales regidas por el CST."
T-568/02,"llm_no_pertinente: El caso trata sobre derechos de propietarios de oficinas en propiedad horizontal contra un administrador de edificio, no sobre una relación laboral individual regida por el CST."
T-225/23,sin_texto_o_url_no_resuelve
T-136/11,"llm_no_pertinente: El caso trata sobre pensión de sobrevivientes (seguridad social), no sobre relación laboral individual regida por CST."
T-290/98,no_pasa_prefiltro_keywords
T-455/18,no_pasa_prefiltro_keywords
T-346/15,"llm_no_pertinente: El caso trata sobre derechos de usuarios de créditos hipotecarios frente a entidades financieras (relación de consumo financiero), no sobre una relación laboral individual regida por el Código Sustantivo del Trabajo."
T-331/93,"llm_no_pertinente: El caso trata sobre derechos patrimoniales de herencia, dominio y posesión de una finca (derecho civil/inmobiliario), no sobre una relación laboral individual regida por el CST."
T-034/95,no_pasa_prefiltro_keywords
T-208A/18,sin_texto_o_url_no_resuelve
T-929/12,"llm_no_pertinente: El caso trata sobre cancelación de cédula de ciudadanía por doble cedulación y derechos de personalidad jurídica, materia de derecho administrativo y civil, no de derecho laboral individual."
T-271/23,"llm_no_pertinente: El caso trata sobre derecho de familia (violencia contra la mujer, patria potestad, interés superior del menor), no sobre relación laboral individual regida por el CST."
T-985/03,"llm_no_pertinente: El caso trata sobre derechos fundamentales de personas desplazadas por violencia, no sobre una relación laboral individual regida por el CST."
T-289/04,no_pasa_prefiltro_keywords
T-792/01,no_pasa_prefiltro_keywords
T-1028/07,no_pasa_prefiltro_keywords
T-566/16,"llm_no_pertinente: El tema central es sustitución pensional y pensión de sobrevivientes, que son materias de seguridad social y sistema pensional, excluidas del alcance de derecho laboral individual."
T-244/08,no_pasa_prefiltro_keywords
T-476/00,"llm_no_pertinente: El tema central es seguridad social en salud (EPS): cobertura y negación de servicios de salud por parte de una EPS, no un litigio de relación laboral individual entre empleador y trabajador regido por el CST."
T-857/14,no_pasa_prefiltro_keywords
SU-103/22,"llm_no_pertinente: El caso versa sobre una controversia contractual entre una empresa (Proactiva) y una entidad estatal (UAESP) resuelta mediante arbitramento y tutela contra laudo arbitral, no sobre una relación laboral individual regida por el CST."
T-867/05,"llm_no_pertinente: El caso trata sobre pensión de vejez y cálculo pensional, que es materia de seguridad social, no de derecho laboral individual. Además, el vínculo es de funcionaria pública en carrera diplomática bajo régimen estatutario especial, no bajo CST."
T-1054/02,no_pasa_prefiltro_keywords
T-268/23,sin_texto_o_url_no_resuelve
T-061/04,"llm_no_pertinente: El tema central es pensión de vejez y sustitución pensional (seguridad social), no relación laboral individual regida por CST."
T-1229/05,"llm_no_pertinente: El caso trata sobre derechos a la salud y consentimiento informado del paciente frente a procedimientos médicos, no sobre una relación laboral individual regida por el CST."
T-597/01,"llm_no_pertinente: El caso trata sobre derecho a la salud (trasplante de médula ósea) y cobertura de servicios médicos por EPS/entidad de salud, no sobre relación laboral individual regida por el CST."
T-737/15,"llm_no_pertinente: El tema central es pensión de invalidez (seguridad social), no relación laboral individual regida por CST."
T-028/96,"llm_no_pertinente: El caso trata sobre derechos fundamentales al buen nombre y la honra en contexto de discusiones en establecimiento educativo, no sobre relación laboral individual (contratación, salario, terminación, jornada, etc. regida por CST)."
SU-1720/00,no_pasa_prefiltro_keywords
T-078/26,no_pasa_prefiltro_keywords
T-979/12,no_pasa_prefiltro_keywords
T-869/13,"llm_no_pertinente: El caso versa sobre expedición de cédula de ciudadanía y corrección de registro civil, materias de derecho administrativo y civil, ajenas al derecho laboral individual."
T-205/00,"llm_no_pertinente: El tema central es pago de mesadas pensionales (pensión), no relación laboral individual regida por CST. Pensión siempre es excluida."
T-1243/01,"llm_no_pertinente: El caso trata sobre sociedad conyugal, liquidación de bienes matrimoniales y obligaciones alimentarias; es derecho de familia, no derecho laboral individual."
T-029/04,"llm_no_pertinente: El tema central es fuero sindical, materia de derecho colectivo, no relación laboral individual."
T-072/01,no_pasa_prefiltro_keywords
SU-466/25,"llm_no_pertinente: El caso trata sobre derecho fundamental al cuidado y servicios de EPS (seguridad social en salud), no sobre relación laboral individual regida por el CST."
T-1014/05,no_pasa_prefiltro_keywords
T-994/12,"llm_no_pertinente: El caso trata sobre obligaciones de una ARP en materia de seguridad social en salud (cobertura y continuidad de servicios médicos por accidente de trabajo), no sobre una relación laboral individual regida por el CST."
T-582/15,no_pasa_prefiltro_keywords
T-764/11,no_pasa_prefiltro_keywords
T-673/11,"llm_no_pertinente: El caso trata sobre pensión de sobrevivientes e invalidez ante entidades de seguridad social (Fondo Nacional de Prestaciones Sociales del Magisterio e ISS), lo que es materia de seguridad social en pensiones, no de derecho laboral individual."
T-652/04,llm_no_pertinente: El tema central es seguridad social en salud (EPS): negación de cobertura de examen de carga viral por Saludcoop. La relación laboral del cotizante es incidental; el litigio se centra en prestaciones de salud ante la EPS.
T-990/03,no_pasa_prefiltro_keywords
T-291/99,"llm_no_pertinente: Los actores son docentes al servicio de municipio (empleados públicos bajo régimen estatutario/administrativo del magisterio), no trabajadores regidos por CST."
T-160/22,"llm_no_pertinente: El caso trata sobre derecho a la salud y negación de servicios por una EPS, no sobre una relación laboral individual regida por el CST."
T-010/10,"llm_no_pertinente: El tema central es reconocimiento de PENSION DE VEJEZ contra el Instituto de Seguro Social, que es seguridad social en pensiones, no relación laboral individual regida por CST."
T-440/10,"llm_no_pertinente: El tema central es pensión de vejez y seguridad social, no relación laboral individual regida por el CST."
T-277/97,no_pasa_prefiltro_keywords
T-911/02,no_pasa_prefiltro_keywords
T-596/06,no_pasa_prefiltro_keywords
T-918/14,"llm_no_pertinente: El caso trata sobre procedimiento penal (declaración de persona ausente, derecho a la defensa en proceso penal), no sobre relación laboral individual regulada por el CST."
T-190/15,"llm_no_pertinente: El tema central es pensión de invalidez (seguridad social), no relación laboral individual regida por CST."
T-868/02,"llm_no_pertinente: El caso trata sobre caución prendaria en materia penal y derecho procesal penal, no sobre relación laboral individual regida por el CST."
T-092/08,"llm_no_pertinente: El caso trata sobre reliquidación de crédito UPAC y obligaciones crediticias en proceso ejecutivo, no sobre una relación laboral individual regida por el CST."
T-259/07,"llm_no_pertinente: El tema central es pensión de invalidez (seguridad social), no relación laboral individual regida por CST."
T-679/04,no_pasa_prefiltro_keywords
T-698/14,"llm_no_pertinente: El tema central es seguridad social en salud (EPS) y pago de incapacidad laboral por entidad de seguridad social, no una relación laboral individual con empleador regida por CST."
T-735/14,"llm_no_pertinente: El fragmento trata sobre procedimiento de tutela contra providencias judiciales y carencia actual de objeto, sin evidenciar un conflicto laboral individual regido por el CST."
T-088/03,"llm_no_pertinente: El caso trata sobre un proceso sucesoral y derecho de familia (herencia, bienes en sucesión), no sobre relación laboral individual regida por el CST."
T-674/16,no_pasa_prefiltro_keywords
T-778/09,no_pasa_prefiltro_keywords
T-020/14,"llm_no_pertinente: El caso trata sobre habeas data y protección de datos personales en bases de datos, no sobre una relación laboral individual regida por el CST."
T-399/04,no_pasa_prefiltro_keywords
T-1177/00,no_pasa_prefiltro_keywords
T-705/04,"llm_no_pertinente: El caso trata sobre pensión y seguridad social (conmutación pensional, Fondo de Previsión Social del Congreso), no sobre relación laboral individual regida por el CST."
T-440/95,no_pasa_prefiltro_keywords
T-680/96,no_pasa_prefiltro_keywords
T-375/01,"llm_no_pertinente: Los accionantes son docentes oficiales del Departamento de Caldas, régimen estatutario/administrativo no regido por CST sino por normas especiales de empleado público, fuera del alcance de derecho laboral individual CST."
T-115/11,"llm_no_pertinente: El caso trata sobre pensión de invalidez y derecho a la seguridad social en pensiones, no sobre relación laboral individual regida por el CST"
T-004/15,"llm_no_pertinente: El tema central es pensión de sobrevivientes y sustitución pensional, que son materias de seguridad social/pensional, no de derecho laboral individual."
T-331/14,"llm_no_pertinente: El caso trata sobre procedimiento administrativo en materia urbanística (licencia de construcción, régimen de obras urbanísticas), no sobre relación laboral individual regida por el CST."
T-075/14,llm_no_pertinente: El caso trata sobre procedibilidad de tutela contra providencias judiciales y caducidad en reparación directa por falla en servicio médico; no sobre relación laboral individual regida por CST.
T-300/17,"llm_no_pertinente: El caso trata sobre derechos de consulta previa de comunidades indígenas (derecho fundamental colectivo y ambiental), no sobre una relación laboral individual regida por el CST."
T-431/16,"llm_no_pertinente: El caso trata sobre incumplimiento de régimen de visitas de menores de edad ante el ICBF y autoridades de familia; es derecho de familia/protección de menores, no relación laboral individual regida por el CST."
T-1246/00,sin_articulos_fundamento_directo
T-767/06,"llm_no_pertinente: El caso trata sobre responsabilidad fiscal y caducidad de acción fiscal ante la Contraloría, no sobre relación laboral individual regida por el CST."
T-801/12,no_pasa_prefiltro_keywords
T-899/07,"llm_no_pertinente: El caso trata sobre negación de cobertura y servicios de salud por parte de una EPS (Colmedica), que es un litigio de seguridad social en salud, no un conflicto laboral individual regido por el CST."
T-197/22,"llm_no_pertinente: El caso trata sobre negación de servicio de salud por una EPS, no sobre relación laboral individual regida por el CST."
T-474/19,no_pasa_prefiltro_keywords
T-1107/02,no_pasa_prefiltro_keywords
SU-515/13,llm_no_pertinente: El fragmento trata sobre procedimiento de tutela contra providencias judiciales y defectos sustantivos en decisiones judiciales; no aborda relación laboral individual ni temas del Código Sustantivo del Trabajo.
T-844/13,"llm_no_pertinente: El caso trata sobre reconocimiento de pensión y derechos pensionales, que es materia de seguridad social excluida del alcance de derecho laboral individual."
T-456/22,"llm_no_pertinente: El caso trata sobre impugnación de un concurso de méritos para acceso a cargos públicos, no sobre una relación laboral individual regida por el CST. Es función pública y derecho administrativo, no derecho laboral individual."
T-110/24,"llm_no_pertinente: El caso trata sobre acceso a un programa de asistencia social (Familias en Acción) y discriminación en focalización de gasto público, no sobre una relación laboral individual regida por el CST."
T-041/18,"llm_no_pertinente: El caso trata sobre acción de reparación directa por accidente de tránsito y tutela contra providencias judiciales, no sobre una relación laboral individual regida por el CST."
T-1041/02,"llm_no_pertinente: El caso trata sobre pensión de vejez y bono pensional, que son materia de seguridad social (pensiones), no de derecho laboral individual regido por el CST."
T-215/02,no_pasa_prefiltro_keywords
T-184/08,"llm_no_pertinente: El accionante es docente/coordinadora de institución estatal educativa, régimen estatutario (Secretaría de Educación), no regido por CST sino por estatuto especial del magisterio."
T-123/21,no_pasa_prefiltro_keywords
T-103/17,no_pasa_prefiltro_keywords
T-415/13,"llm_no_pertinente: El caso trata sobre restitución de tierras a víctimas del conflicto armado conforme a la Ley 1448 de 2011, no sobre relación laboral individual regulada por el Código Sustantivo del Trabajo."
T-243/24,no_pasa_prefiltro_keywords
T-673/96,"llm_no_pertinente: El accionante es docente oficial (profesor de colegio público); el vínculo es estatutario bajo régimen especial de empleado público, no regido por CST. El caso trata sobre derecho de petición ante entidad administrativa y amenazas, no sobre una relación laboral individual conforme al Código Sustantivo del Trabajo."
T-662/08,"llm_no_pertinente: El caso trata sobre seguridad social en salud (EPS): negación de cobertura de un servicio médico y exención de copagos ante una EPS, no sobre una relación laboral individual regida por el CST."
T-148/09,no_pasa_prefiltro_keywords
T-032/98,no_pasa_prefiltro_keywords
T-338/03,"llm_no_pertinente: El caso trata sobre pago de prestaciones laborales reclamado contra una entidad estatal de salud (ESE); aunque nominalmente laboral, el accionante es médico en una institución de salud pública y el litigio se centra en acreencias de salud, lo que configura un asunto de seguridad social en salud, no una relación laboral individual bajo CST."
T-037/01,"llm_no_pertinente: El tema central es seguridad social en salud (negación de cobertura médica por EPS/Seguro Social debido a mora en aportes), no un litigio laboral individual entre empleador y trabajador sobre relación contractual."
T-349/03,no_pasa_prefiltro_keywords
T-851/03,"llm_no_pertinente: El tema central es pago de licencia de maternidad reclamado contra el Seguro Social (EPS), lo que constituye un litigio de seguridad social en salud, no una relación laboral individual entre empleador y trabajador."
T-163/11,"llm_no_pertinente: El tema central es pensión de invalidez (seguridad social), no una relación laboral individual regida por el CST."
T-1251/05,"llm_no_pertinente: El tema central es pensión de invalidez (seguridad social), no relación laboral individual regida por CST."
T-914/03,"llm_no_pertinente: El caso trata sobre reconocimiento y pago de pensión de jubilación, que es materia de seguridad social/pensiones, excluida del alcance de derecho laboral individual."
T-446/03,no_pasa_prefiltro_keywords
T-1038/04,"llm_no_pertinente: El caso versa sobre una disputa civil/comercial entre un accionante y una entidad bancaria respecto al levantamiento de una hipoteca, no sobre una relación laboral individual regida por el CST."
T-1635/00,no_pasa_prefiltro_keywords
T-1050/08,"llm_no_pertinente: El tema central es seguridad social en salud (prestación de servicios médicos a militar retirado) y derechos de personal militar bajo régimen especial, no relación laboral individual regida por CST."
SU-1184/01,sin_texto_o_url_no_resuelve
T-024/00,no_pasa_prefiltro_keywords
T-961/05,"llm_no_pertinente: El tema central es seguridad social en salud (cobertura y negación de servicios de salud por EPS), no una relación laboral individual regida por el CST."
T-044/11,"llm_no_pertinente: El tema central es pensión de vejez y seguridad social en pensiones, no relación laboral individual regida por CST."
T-558/11,"llm_no_pertinente: El caso trata sobre calificación de pérdida de capacidad laboral y régimen de invalidez (Ley 100 de 1993), que es seguridad social en pensiones, no relación laboral individual regida por el CST."
T-591/15,no_pasa_prefiltro_keywords
T-161/12,"llm_no_pertinente: El tema central es pensión de vejez (seguridad social), no relación laboral individual regida por CST."
T-556/97,no_pasa_prefiltro_keywords
T-198/95,no_pasa_prefiltro_keywords
T-170/03,"llm_no_pertinente: El caso trata sobre derecho a la educación y asignación de cupos escolares, no sobre una relación laboral individual regida por el CST."
T-1062/07,"llm_no_pertinente: El caso versa sobre despido sin justa causa e inmediatez procesal de la tutela, pero el fundamento central es la protección de padres cabeza de familia y retén social (estabilidad laboral reforzada por vulnerabilidad económica), lo que la Corte trata como un asunto de derechos fundamentales y protección social, no como un litigio laboral individual sobre relación contractual regida por CST."
T-250/18,"llm_no_pertinente: El caso trata sobre sustitución pensional, que es materia de seguridad social (pensiones), no de derecho laboral individual."
T-948/08,revision_manual: sin_relacion_laboral_real_es_practicante
T-119/23,sin_texto_o_url_no_resuelve
T-123/25,sin_articulos_fundamento_directo
T-186/23,sin_texto_o_url_no_resuelve
T-265/24,sin_articulos_fundamento_directo
T-362/95,sin_articulos_fundamento_directo
T-355/00,"llm_no_pertinente: El vínculo es de empleado público bajo régimen estatutario especial (Policía Nacional), no regido por el CST sino por estatutos de la Fuerza Pública con disciplina y jerarquía militar propia."
T-543/09,"llm_no_pertinente: La accionante es docente oficial nombrada en propiedad al servicio del Departamento del Chocó, regida por régimen estatutario/administrativo (magisterio), no por el Código Sustantivo del Trabajo."
T-074/23,sin_texto_o_url_no_resuelve
T-519/09,"llm_no_pertinente: El tema central es reconocimiento de acreencias pensionales y pensión de jubilación, que son materia de seguridad social pensional, no de derecho laboral individual."
SU-448/16,"llm_no_pertinente: El caso trata sobre procedibilidad de tutela contra providencias judiciales y defectos procesales, no sobre una relación laboral individual regida por el CST."
SU-061/23,sin_texto_o_url_no_resuelve
SU-380/21,"llm_no_pertinente: El fragmento trata sobre procedencia de tutela contra sentencias de altas cortes y precedente judicial constitucional, no sobre una relación laboral individual."
SU-269/23,sin_texto_o_url_no_resuelve
T-501/20,sin_articulos_fundamento_directo
T-988/12,sin_articulos_fundamento_directo
T-265/21,sin_articulos_fundamento_directo
T-168/16,sin_articulos_fundamento_directo
T-864/14,"llm_no_pertinente: El caso trata sobre descuentos a mesadas pensionales y salarios en contexto de seguridad social (pensiones) y deudas judiciales, no sobre una relación laboral individual regida por CST."
T-358/05,"llm_no_pertinente: El accionante es empleado público del sector educativo (auxiliar de servicios generales nombrado por la Secretaría de Educación Departamental) bajo régimen estatutario, no CST. El vínculo es administrativo-estatal, no laboral individual regido por Código Sustantivo del Trabajo."
SU-995/99,sin_texto_o_url_no_resuelve
T-308/99,"llm_no_pertinente: El caso central trata sobre pago de pensiones (mesadas pensionales) y derechos de pensionados, lo que constituye seguridad social/pensión, no derecho laboral individual del CST."
T-660/04,"llm_no_pertinente: Los accionantes son personas nombradas en provisionalidad por entidades estatales (Ministerio de Educación, municipio, departamento), regidas por régimen administrativo/estatutario, no por CST."
T-415/23,sin_articulos_fundamento_directo
T-083/10,sin_articulos_fundamento_directo
T-944/00,"llm_no_pertinente: El caso trata sobre sanción disciplinaria a una estudiante en un establecimiento educativo (derecho a la educación y debido proceso en contexto académico), no sobre una relación laboral individual regida por el CST."
T-657/09,"llm_no_pertinente: El tema central es derecho de asociación sindical y persecución sindical, que constituyen derecho colectivo, no laboral individual."
T-186/13,"llm_no_pertinente: El caso trata sobre empleados públicos de carrera administrativa (servidores públicos en provisionalidad, concurso de méritos, carrera administrativa) regidos por régimen estatutario, no por CST. No es relación laboral individual bajo Código Sustantivo del Trabajo."
T-325/18,sin_articulos_fundamento_directo
T-374/24,"llm_no_pertinente: El caso trata sobre estabilidad laboral reforzada de prepensionados vinculada a pensión de vejez y régimen de ahorro individual (RAIS); aunque nominalmente laboral, el objeto central es la protección pensional y seguridad social en pensiones, no la relación laboral individual."
T-385/20,"llm_no_pertinente: El caso trata sobre estabilidad laboral reforzada de prepensionado vinculada a completar semanas de cotización para pensión de jubilación; aunque nominalmente toca estabilidad laboral, el objeto central es la protección de la expectativa pensional, no la relación laboral individual en sí."
T-003/18,"llm_no_pertinente: El caso trata sobre cumplimiento de sentencias judiciales y actos administrativos de ejecución en materia de nombramientos en provisionalidad en cargos de carrera administrativa estatal, no sobre relación laboral individual regida por CST."
T-683/16,"llm_no_pertinente: El accionante es empleado supernumerario de la Administración Pública (Registraduría Nacional); vinculación bajo régimen administrativo/estatutario, no CST."
T-295/08,sin_articulos_fundamento_directo
T-898/10,"llm_no_pertinente: El accionante es miembro activo de la Policía Nacional bajo régimen estatutario/administrativo especial, no regido por CST sino por normas propias de fuerzas de seguridad del Estado."
T-506/12,"llm_no_pertinente: El tema central es pensión de invalidez (seguridad social), no relación laboral individual regida por CST."
T-236/23,sin_texto_o_url_no_resuelve
T-143/18,sin_articulos_fundamento_directo
T-363/16,"llm_no_pertinente: El caso trata sobre discriminación por identidad de género y orientación sexual en contexto educativo, no sobre una relación laboral individual regida por el CST"
SU-236/22,"llm_no_pertinente: Aunque menciona terminación de contrato de docente, el caso central es libertad de expresión y censura en contexto universitario, no derecho laboral individual; además, la docente es empleada de institución universitaria privada bajo régimen que no es típicamente CST."
T-114/19,"llm_no_pertinente: El tema central es la negación de licencia de paternidad por EPS por incumplimiento de cotización; se trata de un conflicto de seguridad social en salud (prestación económica rechazada por EPS), no de una relación laboral individual entre empleador y trabajador regida por CST."
T-158/24,"llm_no_pertinente: El caso trata sobre licencia de paternidad y su pago reclamado contra una EPS por cobertura de seguridad social en salud, no sobre una relación laboral individual entre empleador y trabajador regida por el CST."
T-207/24,"llm_no_pertinente: El tema central es licencia de maternidad reclamada contra una EPS, que es seguridad social en salud, no un litigio laboral individual entre empleador y trabajador."
T-278/18,"llm_no_pertinente: El caso trata sobre negación de pago de licencia de maternidad por una EPS (seguridad social en salud), no sobre la relación laboral individual entre empleador y trabajador."
T-489/18,"llm_no_pertinente: El caso trata sobre pago de licencia de maternidad reclamado contra una EPS; además, la accionante es trabajadora independiente (cotizante independiente) sin empleador, por lo que no hay relación laboral individual regida por CST."
T-093/99,"llm_no_pertinente: El caso trata sobre pago de licencia de maternidad reclamado contra el Instituto de Seguros Sociales (EPS), no sobre una relación laboral individual entre empleador y trabajador conforme al CST."
T-410/16,"llm_no_pertinente: El caso trata sobre retiro parcial de cesantías, que es materia de seguridad social (prestación de cesantía), no de relación laboral individual regida por el CST. Además, la acción se dirige contra una administradora de fondos de pensiones y cesantías (Porvenir), no contra un empleador, y el objeto central es el derecho a la educación superior, no una controversia laboral entre empleador y trabajador."
SU-098/18,"llm_no_pertinente: El caso trata sobre auxilio de cesantías y sanciones moratorias por no consignación, que es materia de seguridad social (prestación social regulada por Ley 50/1990), no un litigio laboral individual sobre relación de trabajo."
T-906/07,"llm_no_pertinente: El vínculo es de capacitación/entrenamiento en programa de readaptación social (no contrato laboral tipo CST), y el caso central es estabilidad laboral reforzada por embarazo, cuya aplicabilidad depende de si existe relación laboral real, lo que es controvertido y requiere análisis previo sobre la naturaleza del vínculo."
T-174/11,"llm_no_pertinente: El caso trata sobre licencia de maternidad y su pago, que es materia de seguridad social en salud (prestaciones de maternidad), no relación laboral individual regida por CST. Aunque menciona contrato laboral, el objeto central es un derecho de seguridad social."
T-258/24,"llm_no_pertinente: El tema central es el pago de incapacidades por parte de una EPS (seguridad social en salud), no una relación laboral individual regida por CST."
T-425/21,"llm_no_pertinente: El accionante es practicante del SENA (formación académica) sin contrato laboral real, y la reclamación se dirige contra una EPS por negación de pago de incapacidades, lo que constituye un litigio de seguridad social en salud, no derecho laboral individual."
T-326/94,sin_articulos_fundamento_directo
T-182/22,sin_articulos_fundamento_directo
T-460/18,sin_articulos_fundamento_directo
T-190/16,revision_manual: seguridad_social_salud_eps_cotizacion
T-031/21,sin_articulos_fundamento_directo
T-310/15,sin_articulos_fundamento_directo
T-500/19,"llm_no_pertinente: El tema central es estabilidad laboral reforzada de prepensionados por próxima pensión de vejez; aunque nominalmente laboral, la causa sustancial es el estado de prepensión (seguridad social pensional), que hace el caso relevante al régimen pensional, no al derecho laboral individual del CST."
T-354/24,"llm_no_pertinente: El accionante es un servidor público (inspectora de policía) en carrera administrativa regida por estatuto especial, no por CST. El caso versa sobre derechos de funcionario público (reubicación en carrera administrativa, procedimiento de desvinculación administrativa, CNSC), no sobre relación laboral individual comercial."
T-889A/06,sin_texto_o_url_no_resuelve
T-320/07,no_pasa_prefiltro_keywords
T-1132/00,no_pasa_prefiltro_keywords
T-195/23,sin_texto_o_url_no_resuelve
T-091/19,"llm_no_pertinente: El caso versa sobre derecho a la educación y procedimiento disciplinario en institución educativa contra un estudiante, no sobre una relación laboral individual regida por el CST."
SU-509/01,no_pasa_prefiltro_keywords
T-011/11,"llm_no_pertinente: El caso trata centralmente sobre pensión de vejez y régimen de ahorro individual/prima media (seguridad social), no sobre relación laboral individual regida por CST."
T-482/23,"llm_no_pertinente: El tema central es pensión (deducciones a mesada pensional) y relación con Colpensiones, lo que corresponde a seguridad social/pensiones, no a relación laboral individual regida por CST."
T-102/01,"llm_no_pertinente: Carrera judicial y nombramiento de funcionarios bajo régimen estatutario especial, no relación laboral individual regida por CST."
T-129/07,"llm_no_pertinente: El tema central es pensión de sobrevivientes (seguridad social pensional), no relación laboral individual regida por CST."
T-276/12,no_pasa_prefiltro_keywords
T-223/04,no_pasa_prefiltro_keywords
T-1138/08,"llm_no_pertinente: El caso trata sobre seguridad social en salud (SOAT y cobertura médica en accidentes de tránsito), no sobre relación laboral individual regida por el CST."
T-372/00,no_pasa_prefiltro_keywords
T-016/02,"llm_no_pertinente: El caso trata sobre elección de alcalde y derecho administrativo electoral, no sobre relación laboral individual regida por el CST."
T-315/18,"llm_no_pertinente: El caso trata sobre devolución de saldos y derechos pensionales ante administradoras de fondos de pensiones, que es materia de seguridad social/pensión, no relación laboral individual regida por CST."
T-408/07,"llm_no_pertinente: El tema central es negación de cobertura de un servicio de salud (cirugía) por una EPS; es un litigio de seguridad social en salud, no una relación laboral individual regida por el CST."
T-320/14,no_pasa_prefiltro_keywords
T-330/98,"llm_no_pertinente: El tema central es PENSIÓN (jubilación/vejez), que está excluido del alcance de derecho laboral individual, independientemente de que mencione relación de trabajo."
T-727/08,"llm_no_pertinente: El caso trata sobre derecho colectivo (asociación sindical, fuero sindical, negociación colectiva implícita), no sobre relación laboral individual regida por el CST."
T-799/13,"llm_no_pertinente: El caso trata sobre pensión de vejez y régimen pensional especial, que es seguridad social, no derecho laboral individual."
T-315/06,"llm_no_pertinente: El caso trata sobre un contrato de mutuo hipotecario para adquisición de vivienda con el Fondo Nacional del Ahorro, no sobre una relación laboral individual regida por el Código Sustantivo del Trabajo."
T-288/96,no_pasa_prefiltro_keywords
T-347/08,"llm_no_pertinente: El tema central es pensión de vejez y régimen general de pensiones (Ley 100 de 1993), que es seguridad social en pensiones, no relación laboral individual regida por CST."
T-297/94,"llm_no_pertinente: El caso trata sobre fuero sindical y derechos colectivos (asociación y libertad sindical), que son materia de derecho colectivo, no derecho laboral individual."
T-634/08,"llm_no_pertinente: El tema central es pensión de jubilación/vejez de docente, materia de seguridad social que excluye el caso del alcance de derecho laboral individual."
T-709/11,no_pasa_prefiltro_keywords
T-779/98,"llm_no_pertinente: El accionante es empleado público de entidad estatal (Gobernación del Huila) bajo régimen administrativo, no CST; el caso trata de procedibilidad de tutela para cumplimiento de sentencias, no de una relación laboral individual sustantiva."
SU-501/15,no_pasa_prefiltro_keywords
T-1679/00,"llm_no_pertinente: El caso trata sobre liquidación forzosa de entidades financieras y recursos parafiscales de seguridad social en salud, no sobre una relación laboral individual regida por el CST."
T-1629/00,"llm_no_pertinente: El accionante es empleado público municipal (inspector de pesas y medidas del Municipio de Turbaco) bajo régimen estatutario/administrativo, no regido por CST sino por normas de derecho administrativo y carrera administrativa municipal."
T-1209/05,no_pasa_prefiltro_keywords
T-631/00,"llm_no_pertinente: El tema central es pensión de sobrevivientes y bono pensional, que son materia de seguridad social/pensional, no de derecho laboral individual."
T-730/04,no_pasa_prefiltro_keywords
T-633/01,"llm_no_pertinente: El tema central es seguridad social en salud (EPS): mora en pago de aportes a salud y prestación de servicios de salud, no una relación laboral individual regida por el CST."
T-242/98,"llm_no_pertinente: El tema central es pensión de jubilación (mesadas pensionales), que siempre excluye del alcance de derecho laboral individual, independientemente de que el accionante sea ex-trabajador."
T-146A/03,"llm_no_pertinente: El fragmento trata sobre procedencia de tutela contra decisiones judiciales arbitrarias (vía de hecho judicial), cuestión de derecho procesal constitucional, no sobre relación laboral individual."
T-022/19,"llm_no_pertinente: El caso trata sobre procedibilidad de acción de tutela contra providencias judiciales en un proceso laboral, no sobre una relación laboral individual sustantiva (contratación, terminación, salario, etc.). Lo laboral es incidental; el objeto central es derecho procesal constitucional."
T-090/06,"llm_no_pertinente: El accionante es empleado público bajo régimen estatutario/administrativo en proceso de reestructuración estatal, regido por normas de carrera administrativa (Ley 790 de 2002) y no por el CST."
T-340/20,"llm_no_pertinente: El caso trata sobre acceso a función pública mediante concurso de méritos y aplicación de lista de elegibles, régimen estatutario de empleado público, no relación laboral individual bajo CST."
T-681/99,no_pasa_prefiltro_keywords
T-616/05,"llm_no_pertinente: El tema central es seguridad social en salud (negación de cobertura de medicamento por EPS/Seguro Social), no relación laboral individual regida por CST."
T-1280/05,"llm_no_pertinente: Accionante es Personero Municipal (empleado público estatutario de entidad territorial), régimen administrativo especial, no CST."
T-1200/04,"llm_no_pertinente: El caso trata sobre pensión de invalidez y trámite ante el Seguro Social (seguridad social), no sobre relación laboral individual regida por CST."
T-483/16,"llm_no_pertinente: El caso trata sobre conflicto entre copropietarios en régimen de propiedad horizontal, no sobre una relación laboral individual regida por el CST."
T-003/95,no_pasa_prefiltro_keywords
T-960/01,no_pasa_prefiltro_keywords
T-1104/02,"llm_no_pertinente: El caso trata sobre el Fondo Nacional de Prestaciones Sociales del Magisterio (régimen especial de empleados públicos docentes), no sobre relación laboral individual regida por CST."
T-439/25,"llm_no_pertinente: El caso trata sobre derechos de un estudiante en educación superior (pérdida de cupo, proceso evaluativo académico), no sobre una relación laboral individual regida por el CST."
T-199/14,no_pasa_prefiltro_keywords
T-012/03,"llm_no_pertinente: El empleador es una entidad estatal (INPEC) y el vínculo es de empleado público bajo régimen estatutario/administrativo, no regido por CST sino por normas especiales de carrera penitenciaria."
T-340/05,"llm_no_pertinente: Los accionantes son docentes oficiales del magisterio vinculados a la Gobernación del Valle del Cauca bajo régimen estatutario, no regidos por CST sino por estatutos especiales de empleados públicos; además, el caso involucra negociación colectiva con sindicato (SUTEV), lo que constituye derecho colectivo."
T-001/07,no_pasa_prefiltro_keywords
T-519/11,"llm_no_pertinente: El caso trata sobre derechos de población desplazada y ayuda humanitaria, no sobre una relación laboral individual regida por el CST."
T-340/12,"llm_no_pertinente: El caso trata sobre derecho de asociación sindical y fuero sindical (despido por afiliación sindical), que es materia de derecho colectivo, no derecho laboral individual."
T-1045/10,"llm_no_pertinente: El tema central es sustitución pensional (derecho de sobrevivientes), que es materia de seguridad social en pensiones, no derecho laboral individual."
SU-488/20,no_pasa_prefiltro_keywords
T-1157/04,"llm_no_pertinente: El accionante es empleado público (Agregado Civil en Embajada) bajo régimen estatutario del Ministerio de Relaciones Exteriores, no regido por CST sino por normas administrativas especiales de la función pública diplomática."
T-455/98,no_pasa_prefiltro_keywords
T-604/14,"llm_no_pertinente: El tema central es pensión de invalidez (seguridad social), no relación laboral individual regida por CST."
T-849/09,"llm_no_pertinente: El tema central es pensión de sobrevivientes (seguridad social), no relación laboral individual regida por el CST."
T-705/96,no_pasa_prefiltro_keywords
T-489/99,sin_articulos_fundamento_directo
T-158/12,"llm_no_pertinente: El caso trata sobre liquidación judicial conforme a la Ley 1116 de 2006 (insolvencia) y potestades jurisdiccionales de la Superintendencia de Sociedades, no sobre relación laboral individual regida por el CST."
T-546/08,"llm_no_pertinente: El tema central es pensión de sobrevivientes (indemnización sustitutiva), que es seguridad social, no derecho laboral individual."
T-1588/00,"llm_no_pertinente: El vínculo es de empleado público (funcionarios del Ministerio de Hacienda declarados insubsistentes), regido por normas administrativas/estatutarias, no por CST. El litigio es contencioso-administrativo, no laboral individual."
T-451/23,no_pasa_prefiltro_keywords
T-1122/00,"llm_no_pertinente: El tema central es pensión de vejez (jubilación) y seguridad social en salud (EPS), no relación laboral individual regida por CST."
T-834/04,no_pasa_prefiltro_keywords
T-588/11,"llm_no_pertinente: El tema central es pensión de vejez (seguridad social), no relación laboral individual regida por CST."
T-885/12,"llm_no_pertinente: El caso trata sobre indexación de mesada pensional, que es materia de seguridad social (pensión), no de derecho laboral individual."
T-003/03,no_pasa_prefiltro_keywords
T-746/04,"llm_no_pertinente: El caso trata sobre derechos pensionales y mesadas pensionales, materia de seguridad social excluida del alcance de derecho laboral individual."
T-422/96,no_pasa_prefiltro_keywords
T-145/96,"llm_no_pertinente: El accionante es una estudiante en formación académica, no hay relación laboral individual regida por el CST. El conflicto trata sobre derechos educativos y cancelación de matrícula, no sobre contratación, terminación, salario u otras materias propias del derecho laboral individual."
T-064/11,sin_texto_o_url_no_resuelve
T-424/10,"llm_no_pertinente: El accionante es empleado público bajo régimen estatutario (nombrada en entidad estatal municipal), no regido por CST sino por normas administrativas de carrera pública."
T-891/00,"llm_no_pertinente: El accionante es docente oficial (empleado público bajo régimen estatutario del magisterio), no trabajador regido por CST"
T-016/23,sin_texto_o_url_no_resuelve
T-214/20,sin_texto_o_url_no_resuelve
T-646/15,sin_articulos_fundamento_directo
T-681/08,"llm_no_pertinente: El tema central es pensión de vejez y reconocimiento de prestación pensional ante entidad administradora; es seguridad social en pensiones, no relación laboral individual."
T-481/00,"llm_no_pertinente: El caso trata sobre derechos de personas de la tercera edad respecto a recursos depositados en una entidad financiera en crisis, seguridad social y salud; no sobre una relación laboral individual regida por el CST."
T-191/11,"llm_no_pertinente: El tema central es el derecho a la vivienda digna y solidaridad en desastres, ajeno al derecho laboral individual."
T-726/11,"llm_no_pertinente: El caso versa centralmente sobre pensión de invalidez y dictamen de pérdida de capacidad laboral ante Junta de Calificación de Invalidez; es seguridad social pensional, no relación laboral individual."
T-087/14,no_pasa_prefiltro_keywords
T-014/94,"llm_no_pertinente: El caso trata sobre derechos ambientales y salud pública, no sobre relación laboral individual regida por el CST"
T-539/92,"llm_no_pertinente: El caso trata sobre derecho a la educación como derecho fundamental, no sobre relación laboral individual regida por el Código Sustantivo del Trabajo."
SU-242/15,"llm_no_pertinente: El caso trata sobre procedibilidad de acciones de tutela contra providencias judiciales (defectos sustantivos y fácticos), no sobre una relación laboral individual regida por el CST."
T-778/12,"llm_no_pertinente: El accionante es servidor público de entidad estatal (DIAN) bajo régimen administrativo, no trabajador regido por CST. El tema es traslado de funcionario público, competencia de jurisdicción contencioso-administrativa."
T-614/06,"llm_no_pertinente: El tema central es pago de licencia de maternidad reclamado contra una EPS (Solsalud), que es un litigio de seguridad social en salud, no de relación laboral individual ante empleador."
T-530/09,no_pasa_prefiltro_keywords
T-955/03,"llm_no_pertinente: El caso trata sobre derechos de comunidades negras, territorio colectivo y daño ecológico; no sobre una relación laboral individual regida por el CST."
T-836/11,"llm_no_pertinente: El tema central es indemnización sustitutiva de pensión de vejez, que es materia de seguridad social pensional, no relación laboral individual."
T-800/11,no_pasa_prefiltro_keywords
T-760/12,no_pasa_prefiltro_keywords
T-564/13,"llm_no_pertinente: El fragmento trata sobre procedibilidad de acciones de tutela contra providencias judiciales y defectos sustantivos procesales, no sobre una relación laboral individual regida por el CST."
T-962/02,"llm_no_pertinente: El accionante actúa como representante de una empresa (Inversiones Neuman Zambrano & Cia S en C) ante una cooperativa, no como trabajador individual bajo contrato de trabajo. La relación es de asociado/miembro cooperativo, no de empleador-trabajador regida por el CST."
T-1013/99,"llm_no_pertinente: El caso trata sobre derecho tributario y procedimientos administrativos fiscales, no sobre relación laboral individual regida por el CST."
T-348/96,no_pasa_prefiltro_keywords
T-796/98,no_pasa_prefiltro_keywords
T-893/14,"llm_no_pertinente: El caso trata sobre acción de tutela contra providencias judiciales en materia de gestión pensional y contribuciones parafiscales (UGPP), lo que corresponde a seguridad social/pensiones, no a relación laboral individual regida por el CST."
T-857/99,"llm_no_pertinente: El caso trata sobre habeas data y derecho al buen nombre en relación con reportes crediticios, no sobre una relación laboral individual regida por el CST."
T-143/13,"llm_no_pertinente: El tema central es pensión de invalidez y seguridad social, no derecho laboral individual regulado por CST."
T-918/03,"llm_no_pertinente: El caso versa sobre seguridad social en salud (SISBEN, régimen subsidiado, EPS, suministro de medicamentos) y acceso a servicios de salud, no sobre relación laboral individual regida por el CST."
T-615/07,"llm_no_pertinente: El tema central es seguridad social en salud (régimen de afiliación al Fondo de Prestaciones Sociales del Magisterio y cobertura de servicios de salud), no una relación laboral individual regida por CST."
T-240/16,"llm_no_pertinente: El caso trata sobre contratos de seguros y derecho comercial/civil, no sobre relación laboral individual regida por el CST."
T-089/12,"llm_no_pertinente: El caso trata sobre derecho fundamental al agua potable y suspensión de servicios públicos domiciliarios, no sobre relación laboral individual regida por el Código Sustantivo del Trabajo."
T-116/11,no_pasa_prefiltro_keywords
T-047/11,no_pasa_prefiltro_keywords
T-045/15,no_pasa_prefiltro_keywords
T-816/08,"llm_no_pertinente: El caso trata sobre seguridad social en salud (EPS): cobertura de servicios médicos y continuidad del servicio de salud tras terminación de contrato, no sobre relación laboral individual regida por CST."
T-482/93,"llm_no_pertinente: El accionante es docente oficial (empleado público en el sector educativo regido por estatuto especial), no trabajador bajo CST. La sentencia cita explícitamente normas laborales especiales del sector educativo y rechaza la tutela por existir jurisdicción laboral especial, indicando régimen administrativo distinto."
T-259/03,"llm_no_pertinente: El tema central es pensión de invalidez ante administradoras de fondos de pensiones, que es seguridad social en pensiones, no derecho laboral individual."
T-718/10,"llm_no_pertinente: El caso trata centralmente sobre pensión de invalidez y requisitos para su reconocimiento, que es materia de seguridad social (sistema pensional), no derecho laboral individual."
T-355/05,"llm_no_pertinente: El tema central es seguridad social en salud (EPS): negación de pago de licencia de maternidad por la EPS, no un litigio de relación laboral individual entre empleador y trabajador."
T-040/12,"llm_no_pertinente: El caso trata sobre requisitos de idoneidad profesional y potestad de selección de una IPS, no sobre una relación laboral individual regida por el CST (contratación, terminación, salario, jornada, etc.). Es un asunto de acceso a la profesión y discriminación en la selección, no de relación contractual laboral existente."
T-542/15,"llm_no_pertinente: El caso versa sobre negación de cobertura de servicios de salud y tratamiento de rehabilitación por una EPS, no sobre relación laboral individual regida por CST. Es seguridad social en salud."
T-1002/01,"llm_no_pertinente: El caso trata sobre pago de incapacidad/auxilio por maternidad reclamado contra el Fondo de Prestaciones Sociales del Magisterio, que es una entidad de seguridad social en salud, no un litigio de relación laboral individual entre empleador y trabajador."
T-181/24,"llm_no_pertinente: El caso versa sobre derecho de huelga, libertad sindical y recomendaciones de la OIT; es derecho colectivo, no laboral individual regido por CST."
T-062/11,no_pasa_prefiltro_keywords
T-485/94,no_pasa_prefiltro_keywords
T-966/11,no_pasa_prefiltro_keywords
T-109/99,no_pasa_prefiltro_keywords
T-974/14,"llm_no_pertinente: El tema central es pensión de invalidez y derechos pensionales, que están excluidos del alcance de derecho laboral individual."
T-295/24,"llm_no_pertinente: El tema central es pensión de sobrevivientes y seguridad social pensional, no relación laboral individual regida por CST."
T-407/01,"llm_no_pertinente: El caso es una tutela contra providencias judiciales sobre actos administrativos y ejecución laboral, no sobre una relación laboral individual sustantiva (contratación, terminación, salario, etc.). Lo laboral es incidental al análisis procesal de vía de hecho."
T-647/14,llm_no_pertinente: El caso es una tutela contra providencias judiciales sobre defectos procedimentales en un litigio contencioso-administrativo (práctica de pruebas periciales). No trata sobre relación laboral individual ni derecho laboral sustantivo.
T-822/08,no_pasa_prefiltro_keywords
T-694/12,"llm_no_pertinente: El caso trata sobre derecho fundamental a la seguridad personal y protección estatal contra riesgos extraordinarios, no sobre relación laboral individual regida por el CST."
T-500/16,"llm_no_pertinente: El caso trata sobre libertad de expresión, derecho a rectificación y medios de comunicación, no sobre relación laboral individual regida por el CST."
T-509/19,"llm_no_pertinente: El caso trata sobre derecho colectivo (libertad sindical, asociación sindical, fuero sindical), no sobre relación laboral individual regida por CST."
SU-074/22,no_pasa_prefiltro_keywords
SU-087/99,no_pasa_prefiltro_keywords
T-208/15,no_pasa_prefiltro_keywords
T-192/08,no_pasa_prefiltro_keywords
T-407/99,"llm_no_pertinente: El tema central es pensión (mesadas pensionales), que es materia de seguridad social, no de derecho laboral individual."
T-041/05,"llm_no_pertinente: El caso es de derecho colectivo (fuero sindical, sindicato, negociación colectiva) y trata sobre reorganización administrativa de entidad estatal, no relación laboral individual regida por CST."
T-260/98,no_pasa_prefiltro_keywords
T-1062/12,"llm_no_pertinente: El tema central es seguridad social en salud: reclamación de licencia de maternidad contra una EPS por negativa de pago, no un litigio laboral entre empleador y trabajador."
T-172/24,sin_texto_o_url_no_resuelve
T-994/10,no_pasa_prefiltro_keywords
T-406/17,"llm_no_pertinente: El caso trata sobre derechos procesales penales y ejecución de penas, no sobre relación laboral individual regida por el CST."
T-1567/00,"llm_no_pertinente: El vínculo es de empleada pública en cargo de carrera administrativa (Hospital E.S.E.), régimen estatutario no regido por CST sino por normas administrativas; el tema central es la insubsistencia y reintegro bajo régimen público, no relación laboral individual CST."
T-435/97,no_pasa_prefiltro_keywords
T-344/14,"llm_no_pertinente: El tema central es reconocimiento y pago de pensiones de vejez, materia de seguridad social pensional, no relación laboral individual."
T-024/16,"llm_no_pertinente: El caso trata sobre negación de pago de póliza de seguros de vida por una aseguradora, que es materia de derecho de seguros y seguridad social (cobertura de invalidez/pérdida de capacidad laboral), no sobre relación laboral individual regida por CST."
T-817/09,no_pasa_prefiltro_keywords
T-164/05,no_pasa_prefiltro_keywords
T-040/98,no_pasa_prefiltro_keywords
T-209/95,no_pasa_prefiltro_keywords
T-409/00,no_pasa_prefiltro_keywords
T-980/99,"llm_no_pertinente: El tema central es seguridad social (pensiones, fondos de pensiones, aportes a seguridad social) y proceso concordatario, no una relación laboral individual bajo CST."
T-1307/05,"llm_no_pertinente: El caso trata sobre procedimiento disciplinario contra servidores públicos regido por la Procuraduría General de la Nación (régimen administrativo/estatutario), no sobre relación laboral individual bajo CST."
T-323/98,"llm_no_pertinente: El tema central es PENSIÓN DE JUBILACIÓN y seguridad social en pensiones, no derecho laboral individual. La controversia versa sobre el reconocimiento y pago de pensiones, que está excluido del alcance."
T-933/99,sin_articulos_fundamento_directo
T-852/06,no_pasa_prefiltro_keywords
T-545/03,no_pasa_prefiltro_keywords
T-932/13,"llm_no_pertinente: El caso trata sobre servicio militar obligatorio y derechos constitucionales de militares, no sobre una relación laboral individual regida por el CST."
T-121/02,"llm_no_pertinente: El caso trata sobre arbitramento y acceso a la justicia en un contrato de concesión (derecho administrativo/contratación estatal), no sobre una relación laboral individual regida por el CST."
T-355/93,"llm_no_pertinente: El caso trata sobre silencio administrativo en trámite aduanal de una empresa importadora, no sobre una relación laboral individual regida por el CST."
T-237/11,"llm_no_pertinente: El tema central es seguridad social en salud (pago de incapacidad laboral y afiliación al sistema de seguridad social), no relación laboral individual regida por CST."
T-389/10,no_pasa_prefiltro_keywords
T-522/12,"llm_no_pertinente: El tema central es pensión de vejez (seguridad social), no una relación laboral individual regida por el CST."
T-1064/04,"llm_no_pertinente: El tema central es derecho a la salud y responsabilidad de una EPS (ISS) por omisión en prestación de servicios de salud, no una relación laboral individual regida por CST."
T-667/17,"llm_no_pertinente: El caso trata sobre consulta previa a comunidades indígenas y étnicas respecto a políticas públicas, no sobre una relación laboral individual regida por el CST."
T-198/14,no_pasa_prefiltro_keywords
T-089/08,"llm_no_pertinente: El caso trata sobre indexación de primera mesada pensional, que es materia de seguridad social en pensiones, no relación laboral individual regida por CST."
T-360/00,llm_no_pertinente: El tema central es seguridad social en salud: suspensión de servicios de EPS por mora en aportes y cobertura de servicios médicos. No es un litigio laboral individual entre empleador y trabajador.
T-381/12,"llm_no_pertinente: El tema central es reconocimiento y pago de pensiones (seguridad social pensional), no relación laboral individual regida por CST."
T-497/06,no_pasa_prefiltro_keywords
T-217/18,no_pasa_prefiltro_keywords
T-077/01,"llm_no_pertinente: El accionante es funcionario público de una entidad estatal (DIAN) bajo régimen estatutario/administrativo, no regido por CST sino por normas de carrera administrativa y estatutos especiales."
T-362/05,"llm_no_pertinente: El accionante es una empresa (EAT ASMEDIC) contratista de servicios, no un trabajador individual; el litigio versa sobre incumplimiento de un contrato de prestación de servicios entre personas jurídicas, no sobre una relación laboral individual regida por el CST."
T-853/99,no_pasa_prefiltro_keywords
T-383/93,no_pasa_prefiltro_keywords
T-860/13,"llm_no_pertinente: El caso trata sobre derechos a la educación y retención de certificados académicos por no pago de pensión escolar, no sobre una relación laboral individual regida por el CST."
T-567/05,"llm_no_pertinente: El caso trata sobre pago de mesadas pensionales de pensionados, que es materia de seguridad social (pensión), no derecho laboral individual."
T-313/11,"llm_no_pertinente: El caso versa sobre acreencias laborales (salarios y prestaciones) reclamadas por vía de tutela tras el fallecimiento del trabajador; aunque nominalmente laboral, el objeto central es la procedencia de la tutela y la carencia sobreviniente, no una controversia individual de relación laboral vigente. Además, la sentencia remite la reclamación de fondo a la jurisdicción ordinaria, no resolviendo el derecho laboral individual."
T-764/03,"llm_no_pertinente: El tema central es seguridad social: subsidio familiar (prestación de seguridad social), no relación laboral individual CST. Además, la demandante es docente oficial (empleada pública de entidad estatal bajo régimen estatutario), no trabajadora CST."
T-001/26,"llm_no_pertinente: El tema central es pensión de invalidez y seguridad social en pensiones, no relación laboral individual regida por CST."
T-972/06,"llm_no_pertinente: El caso trata centralmente sobre pensión de vejez, indemnización sustitutiva y Sistema General de Pensiones (Ley 100 de 1993), que es materia de seguridad social en pensiones, no derecho laboral individual."
T-006/04,no_pasa_prefiltro_keywords
T-1231/01,"llm_no_pertinente: El tema central es pensión (mesadas pensionales) y seguridad social en salud, no relación laboral individual regida por CST."
T-416/05,"llm_no_pertinente: El caso trata sobre retención de salario por deuda de crédito educativo (ICETEX), no sobre relación laboral individual regida por CST. Es un asunto de seguridad social educativa/financiera, no derecho laboral sustantivo."
T-691/09,"llm_no_pertinente: Los accionantes son docentes de entidad estatal (municipio) regidos por estatuto docente, no por CST; además, el caso se centra en procedimiento de tutela por inmediatez y acreencias, no en relación laboral individual sustantiva."
T-137/09,"llm_no_pertinente: El caso trata sobre negación de pago de incapacidad por parte de una EPS, que es seguridad social en salud, no relación laboral individual regida por CST."
T-371/23,sin_texto_o_url_no_resuelve
T-167/04,no_pasa_prefiltro_keywords
T-178/04,no_pasa_prefiltro_keywords
T-1204/01,no_pasa_prefiltro_keywords
SU-240/15,"llm_no_pertinente: El caso trata sobre procedimiento constitucional de tutela contra providencias judiciales y temeridad, no sobre relación laboral individual."
T-560/15,"llm_no_pertinente: El caso trata sobre derechos fundamentales a la recreación y el deporte de personas con discapacidad, no sobre una relación laboral individual regida por el CST. Lo laboral es incidental."
T-920/06,"llm_no_pertinente: El tema central es bonos pensionales y seguridad social pensional, no relación laboral individual bajo CST."
T-319/11,no_pasa_prefiltro_keywords
T-348/15,"llm_no_pertinente: El caso trata sobre pensión de invalidez por VIH/SIDA, que es materia de seguridad social pensional, no de relación laboral individual regida por el CST."
T-080/00,"llm_no_pertinente: El caso trata sobre derecho de petición y responsabilidad civil por accidente en infraestructura eléctrica (servicio público), no sobre una relación laboral individual regida por el CST."
T-149/12,"llm_no_pertinente: El tema central es pensión de vejez/jubilación y seguridad social (Ley 100 de 1993), no relación laboral individual regida por CST."
T-553/23,"llm_no_pertinente: El caso trata sobre sanciones disciplinarias internas de partidos políticos y derechos político-electorales, no sobre una relación laboral individual regida por el CST."
T-720/09,"llm_no_pertinente: El caso trata sobre derecho a la educación de estudiantes en una institución educativa, no sobre una relación laboral individual regida por el CST."
T-825/05,"llm_no_pertinente: El tema central es el pago de licencia de maternidad reclamado contra una EPS, que es un trámite de seguridad social en salud, no un litigio laboral entre empleador y trabajador."
T-413/94,"llm_no_pertinente: El caso trata sobre pago de mesadas pensionales y derechos de seguridad social en pensión, no sobre relación laboral individual regida por el CST."
T-809/03,"llm_no_pertinente: El caso trata sobre negación de cobertura de servicios de salud (cirugías) por una EPS, que es un asunto de seguridad social en salud, no de relación laboral individual regida por el CST."
T-640/08,no_pasa_prefiltro_keywords
SU-355/22,no_pasa_prefiltro_keywords
T-421/25,"llm_no_pertinente: El caso trata sobre privación injusta de la libertad y responsabilidad estatal, no sobre una relación laboral individual regida por el CST."
T-131A/96,sin_texto_o_url_no_resuelve
T-281/11,"llm_no_pertinente: El caso trata sobre pago de mesadas pensionales, que es materia de seguridad social en pensiones, no derecho laboral individual."
T-557/03,no_pasa_prefiltro_keywords
T-448/09,"llm_no_pertinente: El tema central es seguridad social en salud: negación de pago de licencia de maternidad por una EPS (Coomeva), no un litigio laboral entre empleador y trabajador individual regido por CST."
T-401/22,no_pasa_prefiltro_keywords
T-047/13,"llm_no_pertinente: El tema central es pensión de sobrevivientes (seguridad social), no relación laboral individual."
T-021/99,no_pasa_prefiltro_keywords
T-471/10,no_pasa_prefiltro_keywords
T-711/11,no_pasa_prefiltro_keywords
T-651/08,"llm_no_pertinente: El caso trata sobre contrato de prestación de servicios (no relación laboral regida por CST); además, el objeto central es el derecho al mínimo vital y tutela excepcional, no una controversia laboral individual típica."
T-656/00,sin_articulos_fundamento_directo
T-135/11,no_pasa_prefiltro_keywords
T-342/20,"llm_no_pertinente: El caso trata sobre libertad de expresión, buen nombre y honra en redes sociales; no versa sobre relación laboral individual regida por el CST (contratación, terminación, salario, jornada, etc.)."
T-501/09,no_pasa_prefiltro_keywords
T-567/06,"llm_no_pertinente: El caso trata sobre seguridad social en salud (SISBEN, EPS, cuota moderadora, acceso a servicios de salud), no sobre una relación laboral individual regida por el CST."
T-189/18,no_pasa_prefiltro_keywords
T-035/00,"llm_no_pertinente: La accionante es empleada de la Gobernación de Nariño (entidad estatal) en cargo de Secretaria, lo que indica vínculo de empleado público bajo régimen administrativo, no CST."
T-523/99,"llm_no_pertinente: El tema central es reconocimiento y pago de pensión de jubilación, que es materia de seguridad social/pensiones, no derecho laboral individual regido por CST."
T-664/08,"llm_no_pertinente: El tema central es mesada pensional y descuentos sobre prestaciones de pensionado, materia de seguridad social en pensiones, no relación laboral individual regida por CST."
T-145/99,"llm_no_pertinente: El accionante es servidor público del Estado en educación básica primaria (empleado público bajo régimen estatutario/administrativo), no trabajador regido por CST. El vínculo es de empleado público de la rama educativa."
T-517/06,"llm_no_pertinente: El caso trata sobre derecho de seguros y libertad contractual en materia aseguradora, no sobre una relación laboral individual regida por el Código Sustantivo del Trabajo."
T-566/13,no_pasa_prefiltro_keywords
T-992/05,"llm_no_pertinente: El empleador es una entidad estatal (Hospital Santa Clara E.S.E.) y el vínculo es de empleado público bajo régimen administrativo, no de trabajador oficial regido por CST."
T-419/10,no_pasa_prefiltro_keywords
T-288/11,"llm_no_pertinente: El caso trata sobre procedibilidad de la acción de tutela contra providencias judiciales (principio de inmediatez), no sobre una relación laboral individual regida por el CST."
T-719/03,"llm_no_pertinente: El caso trata sobre seguridad personal y protección de derechos fundamentales de reinsertados y familias vulnerables, no sobre relación laboral individual regida por el CST."
T-305/24,"llm_no_pertinente: El caso trata sobre derecho a la vivienda digna, desalojo, desplazamiento forzado y atención humanitaria; no sobre relación laboral individual regulada por el CST."
T-625/16,"llm_no_pertinente: El caso trata sobre fijación de honorarios de abogados y defectos en providencias judiciales, no sobre relación laboral individual regida por el CST."
T-489/08,"llm_no_pertinente: El caso trata sobre actuaciones de la Fiscalía General, investigación penal y disciplina de fiscales; no sobre una relación laboral individual entre empleador y trabajador regida por el CST."
T-367/17,"llm_no_pertinente: El caso trata centralmente sobre derecho de asociación sindical (fuero sindical y despido discriminatorio por sindicalización), que es derecho colectivo, no laboral individual."
T-405/17,"llm_no_pertinente: El caso trata sobre el derecho fundamental a la salud y la negación de servicios de salud (hemodiálisis) por una EPS, lo cual es materia de seguridad social en salud, no de derecho laboral individual."
T-022/18,"llm_no_pertinente: El caso trata sobre imprescriptibilidad de pensión y mesadas pensionales, que es materia de seguridad social en pensiones, no derecho laboral individual."
T-825/10,no_pasa_prefiltro_keywords
T-423/13,"llm_no_pertinente: El caso trata sobre derecho fundamental a la educación y permanencia en el sistema educativo, no sobre relación laboral individual regida por el CST."
T-161A/19,no_pasa_prefiltro_keywords
T-624/97,no_pasa_prefiltro_keywords
T-482/04,"llm_no_pertinente: El caso trata sobre derecho al buen nombre y una deuda con empresa de apuestas, no sobre relación laboral individual regida por CST"
T-703/04,no_pasa_prefiltro_keywords
T-488/06,no_pasa_prefiltro_keywords
T-627/99,no_pasa_prefiltro_keywords
T-170/09,no_pasa_prefiltro_keywords
T-433/11,"llm_no_pertinente: El caso trata sobre derechos territoriales colectivos de comunidades indígenas, no sobre relación laboral individual regida por el CST."
T-1387/00,no_pasa_prefiltro_keywords
T-862/02,no_pasa_prefiltro_keywords
T-1011/99,no_pasa_prefiltro_keywords
T-384/11,"llm_no_pertinente: El tema central es pensión (reconocimiento, pago e indexación de mesada pensional), que es seguridad social, no relación laboral individual."
T-527/20,no_pasa_prefiltro_keywords
T-075/19,"llm_no_pertinente: El caso trata sobre una acción de tutela contra providencias judiciales (cuestión procesal/constitucional), no sobre la relación laboral individual en sí. Lo laboral es incidental; el objeto central es la vulneración de derechos procesales en un litigio laboral anterior."
T-080/95,no_pasa_prefiltro_keywords
T-681/07,no_pasa_prefiltro_keywords
T-203/14,"llm_no_pertinente: El caso trata sobre derecho a la educación y retención de documentos académicos por mora en pensiones escolares, no sobre una relación laboral individual regida por el CST. El accionante es estudiante, no trabajador."
T-260/13,"llm_no_pertinente: El tema central es pensión de sobrevivientes (prestación de seguridad social), no relación laboral individual regida por CST."
T-028/05,no_pasa_prefiltro_keywords
T-385/23,sin_texto_o_url_no_resuelve
T-215/03,"llm_no_pertinente: El caso trata sobre derechos de un usuario frente a una entidad financiera (derecho de petición y servicios bancarios), no sobre una relación laboral individual regida por el CST."
T-615/16,"llm_no_pertinente: El caso trata sobre régimen de transición pensional (Ley 100/93, artículo 36) e ingreso base de liquidación pensional, que es materia de seguridad social en pensiones, no derecho laboral individual."
T-971/05,"llm_no_pertinente: El tema central es pensión de sobrevivientes, que es materia de seguridad social en pensión, no derecho laboral individual."
T-601/13,"llm_no_pertinente: El fragmento trata sobre derechos constitucionales de personas con discapacidad (accesibilidad, ambiente físico, integración social) de manera general, sin abordar una relación laboral individual específica regida por el CST. Lo laboral aparece solo de forma incidental en el título."
T-401/25,no_pasa_prefiltro_keywords
T-235/15,"llm_no_pertinente: El caso trata sobre seguridad social (pensión) y procedimiento de tutela, no sobre relación laboral individual bajo CST."
T-737/04,"llm_no_pertinente: El accionante es funcionario público (Vicecontralor General de la República) sujeto a régimen disciplinario administrativo por la Procuraduría, no a relación laboral individual regida por CST."
T-201/17,no_pasa_prefiltro_keywords
T-871/06,no_pasa_prefiltro_keywords
T-452/15,"llm_no_pertinente: El caso trata sobre contratos de seguro (seguro de vida grupo deudores), mora en primas y reticencia aseguradora; es derecho civil de seguros, no relación laboral individual regida por CST."
SU-1554/00,no_pasa_prefiltro_keywords
T-790/13,no_pasa_prefiltro_keywords
T-491/18,"llm_no_pertinente: El tema central es seguridad social en salud (EPS): diagnóstico, medicamentos, servicios excluidos del PBS, negación de cobertura. No es un litigio laboral individual entre empleador y trabajador."
T-864/05,"llm_no_pertinente: El caso versa sobre un docente oficial bajo régimen estatutario (investigación por Procuraduría General de la Nación), no sobre relación laboral individual regida por CST. Además, el objeto central es protección de derechos de menores y educación sexual en colegios, no litigio laboral entre empleador y trabajador."
T-114/22,no_pasa_prefiltro_keywords
T-681/15,"llm_no_pertinente: El caso trata centralmente sobre pensión de invalidez y seguridad social (AFP), no sobre relación laboral individual regida por CST."
T-697/17,"llm_no_pertinente: El tema central es pensión de vejez y seguridad social (Colpensiones, ISS), no relación laboral individual regida por CST."
T-112/04,no_pasa_prefiltro_keywords
T-954/14,"llm_no_pertinente: El caso trata sobre derechos de población desplazada, menores de edad y acceso a programas sociales (Más Familias en Acción), no sobre una relación laboral individual regida por el CST."
T-640/14,"llm_no_pertinente: El caso trata sobre derechos de población desplazada y reparación por daño de conflicto armado, no sobre relación laboral individual regida por CST."
T-890/09,no_pasa_prefiltro_keywords
T-195/04,"llm_no_pertinente: El tema central es pensión de jubilación y su suspensión, que es seguridad social pensional, no derecho laboral individual."
T-364/02,"llm_no_pertinente: El caso trata sobre la validez de un acta de conciliación en un plan de retiro voluntario, que implica terminación de la relación laboral por mutuo acuerdo con bonificación. Aunque nominalmente laboral, el objeto central es cuestionar la eficacia de un acto de conciliación ya ejecutado y cosa juzgada, no una controversia sobre relación laboral individual regida por el CST (contratación, jornada, salario, licencias, estabilidad). Es un litigio sobre la vinculatoriedad de un acuerdo conciliatorio, materia que excede el alcance de derecho laboral individual sustantivo."
T-770/05,"llm_no_pertinente: El empleador es estatal (sector público) y el vínculo se rige por normas de empleado público/funcionario administrativo, no por CST."
T-434/93,"llm_no_pertinente: El caso trata sobre ocupación de inmuebles por el Ejército Nacional y vulneración de derechos constitucionales (intimidad, libertad personal), no sobre una relación laboral individual regida por el Código Sustantivo del Trabajo."
T-161/23,no_pasa_prefiltro_keywords
T-494/13,"llm_no_pertinente: El tema central es pensión de vejez y seguridad social (administradora de pensiones), no una relación laboral individual regida por el CST."
T-437/99,"llm_no_pertinente: El tema central es seguridad social en salud (EPS): negación de cobertura, desafiliación y pago de incapacidades reclamado contra una EPS, no un litigio laboral individual entre empleador y trabajador."
T-270/08,"llm_no_pertinente: El accionante es empleado público en régimen estatutario (Rama Judicial, cargo de carrera administrativa en provisionalidad), no regido por CST sino por régimen administrativo especial de la función judicial."
T-905/02,"llm_no_pertinente: El tema central es seguridad social en salud (EPS y afiliación), no relación laboral individual regida por CST."
T-797/01,no_pasa_prefiltro_keywords
T-427/04,"llm_no_pertinente: El tema central es pensión de vejez (seguridad social pensional), no relación laboral individual regida por CST."
T-295/15,"llm_no_pertinente: El tema central es pensión de invalidez (seguridad social), no relación laboral individual regida por CST."
T-728/06,"llm_no_pertinente: El tema central es licencia de maternidad reclamada contra una EPS (seguridad social en salud), no un litigio laboral entre empleador y trabajador."
T-1480/00,no_pasa_prefiltro_keywords
T-1327/01,"llm_no_pertinente: El contrato inicial es de prestación de servicios bajo Ley 80 de 1993 (contratación administrativa), no bajo CST. No hay evidencia clara de relación laboral individual regida por el Código Sustantivo del Trabajo."
T-220/00,"llm_no_pertinente: El caso combina acreencias laborales (salario) con seguridad social en salud (no pago de aportes a EPS y Seguro Social, negación de servicios de salud). La controversia central incluye la afiliación y cobertura del sistema de salud, lo que lo sitúa en seguridad social en salud, no en derecho laboral individual puro."
T-400/19,"llm_no_pertinente: El tema central es pensión de vejez y sistema pensional, que siempre excluye del alcance de derecho laboral individual aunque mencione contrato de trabajo."
T-065/18,no_pasa_prefiltro_keywords
T-441/14,"llm_no_pertinente: El caso trata sobre derecho fundamental a la salud de menores con discapacidad y cobertura de servicios de salud, no sobre relación laboral individual regida por el CST."
SU-420/19,"llm_no_pertinente: El caso trata sobre derechos fundamentales (intimidad, buen nombre, honra) y libertad de expresión en redes sociales, no sobre relación laboral individual regida por el CST."
T-433/06,"llm_no_pertinente: El caso trata sobre temeridad en acciones de tutela y cosa juzgada procesal, no sobre relación laboral individual."
T-328/08,"llm_no_pertinente: El tema central es pensión de invalidez y seguridad social, no relación laboral individual regida por CST."
T-548/07,no_pasa_prefiltro_keywords
T-042/10,"llm_no_pertinente: El tema central es pensión especial de vejez por actividad de alto riesgo, que es materia de seguridad social pensional, no derecho laboral individual."
T-1010/10,no_pasa_prefiltro_keywords
T-926/12,no_pasa_prefiltro_keywords
T-343/10,"llm_no_pertinente: El caso trata sobre incompatibilidades e inhabilidades para ejercer cargo público (alcaldía), nulidad electoral y función pública, no sobre relación laboral individual regida por el CST."
T-369/15,"llm_no_pertinente: El tema central es pensión (incremento pensional del 14% por cónyuge a cargo), materia de seguridad social pensional, excluida del alcance de derecho laboral individual."
T-656/11,"llm_no_pertinente: El caso trata sobre procedencia de tutela contra providencias judiciales y precedente judicial, no sobre una relación laboral individual regida por el CST."
T-956/13,"llm_no_pertinente: El fragmento trata sobre requisitos procedimentales de la acción de tutela y perjuicio irremediable, sin especificar un caso laboral individual concreto. No se identifica relación laboral, empleador, trabajador ni materia del CST."
T-471/05,"llm_no_pertinente: El caso trata sobre derecho a la salud y transfusión de sangre en contexto médico-hospitalario, no sobre relación laboral individual regida por CST."
T-779/08,"llm_no_pertinente: El caso trata sobre indexación de primera mesada pensional y derechos pensionales, que es materia de seguridad social en pensiones, no de derecho laboral individual."
T-707/99,no_pasa_prefiltro_keywords
T-539/07,no_pasa_prefiltro_keywords
T-118A/13,"llm_no_pertinente: El caso trata sobre responsabilidad civil médica ante una IPS por daño en la prestación de servicios de salud, no sobre una relación laboral individual regida por el CST."
T-767/02,"llm_no_pertinente: El caso trata sobre retención de certificados escolares por deuda de pensiones educativas, es un conflicto entre estudiantes/acudiente y institución educativa, no una relación laboral individual regida por el CST."
T-433/92,"llm_no_pertinente: El caso trata sobre caducidad de una acción de tutela en un proceso penal por estafa, sin relación laboral individual entre partes."
T-348/08,"llm_no_pertinente: El caso trata sobre derecho a la salud y atención médica en accidente de tránsito (SOAT), no sobre relación laboral individual regida por CST."
T-636/13,"llm_no_pertinente: El caso trata sobre derechos fundamentales de niños (educación e integridad), no sobre relación laboral individual regida por el Código Sustantivo del Trabajo."
T-1075/01,no_pasa_prefiltro_keywords
SU-071/22,"llm_no_pertinente: El caso trata sobre inhabilidad para ejercer funciones públicas derivada de condena penal (peculado), no sobre relación laboral individual regida por CST"
T-937/00,no_pasa_prefiltro_keywords
T-524/15,"llm_no_pertinente: El tema central es pensión de vejez y régimen de transición (Ley 100 de 1993), que es seguridad social pensional, no derecho laboral individual."
T-060/20,no_pasa_prefiltro_keywords
T-265/99,no_pasa_prefiltro_keywords
T-535/99,no_pasa_prefiltro_keywords
T-157/94,no_pasa_prefiltro_keywords
T-236/21,"llm_no_pertinente: El caso trata sobre trata de personas (derecho penal y derechos humanos), no sobre relación laboral individual regida por el CST."
T-1160/01,"llm_no_pertinente: Los actores son docentes oficiales vinculados a la planta de personal docente de un municipio, regidos por régimen estatutario/administrativo del magisterio, no por CST."
T-437/96,"llm_no_pertinente: El caso trata sobre retención de salarios y derechos fundamentales del trabajador, pero el accionante es un trabajador independiente/fundador de una cooperativa sin relación laboral individual clara regida por CST; además, la sentencia se enfoca en la efectividad del medio judicial y derechos fundamentales en contexto de reclusión, no en una relación laboral individual típica."
T-164/03,"llm_no_pertinente: El caso versa sobre pensión vitalicia y derecho al mínimo vital en contexto pensional, no sobre relación laboral individual regida por CST"
T-974/04,"llm_no_pertinente: El caso trata sobre cesión de afiliados entre EPS en el régimen contributivo de seguridad social en salud, no sobre una relación laboral individual regida por el CST."
T-689/12,"llm_no_pertinente: El caso trata sobre derechos fundamentales de menores y protección de la infancia, no sobre una relación laboral individual regida por el CST."
T-576/14,"llm_no_pertinente: El caso trata sobre derechos colectivos de comunidades afrocolombianas (propiedad colectiva, identidad cultural, derechos étnicos), no sobre una relación laboral individual entre empleador y trabajador regida por el CST."
T-471/93,no_pasa_prefiltro_keywords
T-613/14,"llm_no_pertinente: El tema central es seguridad social en salud (EPS): negativa de autorización de examen diagnóstico y cobertura de servicios de salud. Aunque menciona pensión de invalidez, el litigio es contra la EPS por prestación de servicios de salud, no un conflicto laboral individual entre empleador y trabajador."
T-133/04,"llm_no_pertinente: El caso trata sobre violencia intrafamiliar y protección de derechos fundamentales (vida e integridad personal), no sobre una relación laboral individual regida por el CST."
T-368/15,"llm_no_pertinente: El tema central es licencia de maternidad reclamada contra una EPS, que es seguridad social en salud, no un litigio laboral individual entre empleador y trabajador."
T-1306/01,"llm_no_pertinente: El fragmento trata sobre principios procesales generales (prevalencia del derecho sustancial, recurso de casación) sin identificar un caso laboral específico ni una relación laboral individual."
T-001/16,"llm_no_pertinente: El tema central es pensión de jubilación y reconocimiento pensional, que corresponde a seguridad social en pensiones, no a derecho laboral individual."
T-555/09,"llm_no_pertinente: El caso trata sobre una acción de tutela contra providencias judiciales en materia penal (sentencia condenatoria), no sobre una relación laboral individual regida por el CST."
T-465/23,sin_articulos_fundamento_directo
T-1196/03,no_pasa_prefiltro_keywords
T-765/04,no_pasa_prefiltro_keywords
T-319/04,no_pasa_prefiltro_keywords
T-170/00,no_pasa_prefiltro_keywords
T-731/98,no_pasa_prefiltro_keywords
T-648/14,"llm_no_pertinente: El caso trata sobre derecho a la vivienda digna de población desplazada, no sobre relación laboral individual regida por el Código Sustantivo del Trabajo."
T-431/12,no_pasa_prefiltro_keywords
T-312/24,"llm_no_pertinente: El accionante es un vendedor informal (trabajador independiente sin empleador), no una relación laboral individual regida por el CST. El litigio es de derecho administrativo y espacios públicos, no de derecho laboral."
T-230/17,"llm_no_pertinente: El caso trata sobre aprehensión/embargo de vehículo en procedimiento judicial de cobro, no sobre relación laboral individual regida por CST."
T-465A/96,sin_texto_o_url_no_resuelve
T-662/01,"llm_no_pertinente: El accionante es personal militar (Suboficial de la Fuerza Aérea) regido por régimen estatutario/administrativo especial, no por el Código Sustantivo del Trabajo."
T-1293/00,"llm_no_pertinente: El tema central es pensión de jubilación y bono pensional (seguridad social), no relación laboral individual regida por CST."
T-418/06,"llm_no_pertinente: El tema central es pensión (mesadas pensionales, pensión de jubilación) y seguridad social, no relación laboral individual regida por el CST."
T-946/14,"llm_no_pertinente: El caso trata sobre protección de derechos de menores y familia, no sobre relación laboral individual regida por el CST."
T-775/07,no_pasa_prefiltro_keywords
T-760A/00,sin_texto_o_url_no_resuelve
T-541/01,sin_articulos_fundamento_directo
T-424/24,"llm_no_pertinente: El caso trata sobre empleado público en carrera administrativa (provisionalidad en cargo de carrera), régimen estatutario no regido por CST sino por normas de carrera administrativa."
T-1025/06,sin_texto_o_url_no_resuelve
T-065/10,"llm_no_pertinente: El tema central es seguridad social en salud (EPS): continuidad en prestación de servicios médicos, no una relación laboral individual regida por el CST."
T-298/03,no_pasa_prefiltro_keywords
T-354/99,"llm_no_pertinente: El caso versa sobre derecho a la educación y calidad del servicio educativo público, no sobre relación laboral individual entre empleador y trabajador regida por CST."
T-680/13,"llm_no_pertinente: El caso trata sobre negación de servicios de salud y medicamentos por parte de una EPS, que es seguridad social en salud, no una relación laboral individual regida por el CST."
T-1583/00,no_pasa_prefiltro_keywords
T-847/09,"llm_no_pertinente: El tema central es seguridad social en salud (EPS): afiliación múltiple, cancelación de contrato por EPS, cobertura y acceso al sistema de salud. No es un litigio laboral individual entre empleador y trabajador."
T-743/07,no_pasa_prefiltro_keywords
T-246/16,"llm_no_pertinente: El caso trata sobre derechos de menores y derecho de familia en contexto carcelario, no sobre relación laboral individual regida por el CST."
T-717/05,no_pasa_prefiltro_keywords
T-149/23,sin_texto_o_url_no_resuelve
T-083/97,no_pasa_prefiltro_keywords
T-965/09,"llm_no_pertinente: El caso trata sobre fuero constitucional de congresistas y juzgamiento por delito de concusión, no sobre relación laboral individual regida por el CST."
SU-298/15,"llm_no_pertinente: El caso trata sobre imprescriptibilidad del derecho a la pensión y reliquidación de pensión de vejez, que son temas de seguridad social/pensión, no de derecho laboral individual bajo CST."
T-763/03,"llm_no_pertinente: El tema central es pensión de sobrevivientes (seguridad social), no relación laboral individual regida por CST."
T-699/11,no_pasa_prefiltro_keywords
T-796/03,"llm_no_pertinente: Los accionantes son empleados públicos de una entidad estatal (Gobernación del Valle del Cauca y Secretaría Departamental de Educación) bajo régimen administrativo/estatutario, no bajo CST. La competencia es contencioso-administrativa, no laboral individual."
T-359/05,"llm_no_pertinente: El caso trata sobre derechos sindicales, libertad sindical y despidos colectivos de trabajadores sindicalizados; es derecho colectivo, no laboral individual."
T-221/08,no_pasa_prefiltro_keywords
T-045/95,"llm_no_pertinente: El caso trata sobre conflicto familiar y derecho de vivienda entre ex compañeros permanentes, no sobre una relación laboral individual regida por el CST."
T-267/99,no_pasa_prefiltro_keywords
T-738/99,"llm_no_pertinente: El accionante es empleado público de una entidad estatal (Gobernación de Nariño) en cargo administrativo (Jefe de Fiscalización), regido por régimen estatutario/administrativo, no por CST."
T-941/06,no_pasa_prefiltro_keywords
T-068/12,no_pasa_prefiltro_keywords
T-196/05,no_pasa_prefiltro_keywords
T-126/97,"llm_no_pertinente: El caso trata sobre abuso de la acción de tutela y defectos procedimentales en reclamaciones de prestaciones sociales a Foncolpuertos, no sobre una relación laboral individual regida por el CST; además, menciona pensiones y seguridad social como objeto central."
T-105/02,"llm_no_pertinente: El caso trata sobre empleados públicos municipales bajo régimen estatutario/administrativo, no sobre relación laboral regida por el CST. La clasificación y remuneración de empleos públicos es materia de derecho administrativo, no derecho laboral individual."
T-191/15,"llm_no_pertinente: El caso trata sobre pensión especial de vejez por hijo en situación de discapacidad (Ley 797 de 2003), materia de seguridad social pensional, excluida del alcance de derecho laboral individual."
T-184/24,no_pasa_prefiltro_keywords
T-638/11,"llm_no_pertinente: El caso trata sobre legitimación procesal en tutela (requisitos formales de la acción), no sobre una relación laboral individual regida por el CST."
T-561/09,no_pasa_prefiltro_keywords
T-562/17,"llm_no_pertinente: El tema central es pensión de vejez bajo Ley 100/93 (régimen de transición pensional), que corresponde a seguridad social en pensiones, no a derecho laboral individual."
T-689/06,"llm_no_pertinente: El tema central es licencia de maternidad reclamada contra una EPS (ISS), es decir, seguridad social en salud, no un litigio laboral entre empleador y trabajador individual."
T-013/12,"llm_no_pertinente: El caso trata sobre devolución de aportes a un fondo de pensiones y cesantías (Porvenir), que es seguridad social en pensiones, no relación laboral individual regida por el CST."
T-268/04,no_pasa_prefiltro_keywords
T-320/18,"llm_no_pertinente: El caso trata sobre indemnización administrativa a víctimas del conflicto armado (UARIV), no sobre una relación laboral individual regida por el CST."
T-1019/04,"llm_no_pertinente: El tema central es seguridad social en salud (derechos a la salud mental y deberes de EPS), no relación laboral individual regida por CST."
T-632/05,no_pasa_prefiltro_keywords
T-620/95,no_pasa_prefiltro_keywords
T-441/07,no_pasa_prefiltro_keywords
T-676/11,sin_texto_o_url_no_resuelve
T-182/96,no_pasa_prefiltro_keywords
T-097/23,sin_texto_o_url_no_resuelve
T-1161/08,"llm_no_pertinente: El caso trata sobre pensión de sobrevivientes (sustitución pensional) y descuentos en mesadas pensionales, lo cual es materia de seguridad social pensional, no de derecho laboral individual."
T-300/93,no_pasa_prefiltro_keywords
T-711/16,no_pasa_prefiltro_keywords
T-370/22,"llm_no_pertinente: El caso trata sobre un dictamen de Junta de Calificación de Invalidez, que es materia de seguridad social (pensión de invalidez), no de derecho laboral individual."
T-281/20,"llm_no_pertinente: El tema central es pensión de vejez y seguridad social pensional, no relación laboral individual regida por CST."
T-542/13,"llm_no_pertinente: El caso trata sobre pensión sustitutiva (pensión de sobrevivientes), que es materia de seguridad social pensional, no de derecho laboral individual."
T-698/16,no_pasa_prefiltro_keywords
T-030/98,"llm_no_pertinente: El accionante es empleado público municipal (vinculado con el Alcalde/administración municipal) bajo régimen administrativo, no bajo CST; la controversia se rige por jurisdicción administrativa, no laboral individual ordinaria."
T-304/93,llm_no_pertinente: El fragmento trata sobre legitimación procesal en tutela y competencia de juntas de acción comunal; no versa sobre relación laboral individual regida por CST.
T-116/25,llm_no_pertinente: El caso trata sobre responsabilidad patrimonial del Estado por privación injusta de la libertad y desconocimiento de precedentes judiciales; no versa sobre una relación laboral individual regida por el CST.
T-548/09,no_pasa_prefiltro_keywords
T-334/09,"llm_no_pertinente: El accionante es trabajador independiente y el litigio es contra una EPS por cobertura de licencia de enfermedad/maternidad, lo que constituye seguridad social en salud, no relación laboral individual regida por CST."
T-339/09,no_pasa_prefiltro_keywords
T-935/14,"llm_no_pertinente: El tema central es pensión de sobrevivientes (seguridad social), no relación laboral individual. Además, el vínculo es de empleado público estatutario (Fondo de Prestaciones Sociales del Magisterio), regido por régimen especial, no por CST."
T-586A/11,sin_texto_o_url_no_resuelve
T-514/17,"llm_no_pertinente: El caso trata sobre homicidio y responsabilidad del Estado (acción de reparación directa), no sobre relación laboral individual regida por el CST."
T-460/00,no_pasa_prefiltro_keywords
T-525/10,"llm_no_pertinente: El caso trata sobre pago de subsidio familiar, que es prestación de seguridad social, no una acreencia laboral individual del CST"
T-079/02,"llm_no_pertinente: El caso trata sobre nombramiento en carrera judicial (función pública, régimen estatutario), no relación laboral individual regida por CST."
T-237/07,"llm_no_pertinente: El tema central es pensión de vejez (seguridad social pensional), no relación laboral individual regida por CST."
T-1131/01,"llm_no_pertinente: Vínculo de empleado público bajo régimen estatutario (docentes en propiedad); el caso trata sobre actos administrativos y acción de lesividad, no sobre relación laboral individual regida por CST."
T-391/11,"llm_no_pertinente: El tema central es pensión de invalidez para miembros de la Fuerza Pública, que es seguridad social, no relación laboral individual bajo CST."
T-188/11,"llm_no_pertinente: El tema central es pensión de invalidez (seguridad social), no una relación laboral individual regida por el CST."
T-1095/07,no_pasa_prefiltro_keywords
T-439/20,no_pasa_prefiltro_keywords
T-380/05,no_pasa_prefiltro_keywords
T-1028/01,no_pasa_prefiltro_keywords
T-843/06,"llm_no_pertinente: El caso trata sobre un proceso ejecutivo hipotecario y cuestiones de debido proceso judicial, no sobre una relación laboral individual regida por el Código Sustantivo del Trabajo."
T-1282/00,"llm_no_pertinente: El accionante es docente del sector público (Departamento del Magdalena) bajo régimen estatutario/administrativo, no bajo CST; el caso trata de salarios adeudados pero el vínculo es de empleado público, no de trabajador regido por derecho laboral individual común."
T-352/94,no_pasa_prefiltro_keywords
T-836/14,no_pasa_prefiltro_keywords
T-447/20,"llm_no_pertinente: El tema central es sustitución pensional (seguridad social), no relación laboral individual regida por CST."
T-004/00,"llm_no_pertinente: El accionante es empleado público (Juez de Instrucción Criminal) vinculado a la Rama Judicial bajo régimen estatutario/administrativo, no regido por CST sino por normas de carrera judicial y función pública."
T-022/25,"llm_no_pertinente: El caso central es calificación de pérdida de capacidad laboral ante la Junta Nacional de Calificación de Invalidez, que es materia de seguridad social (invalidez), no una relación laboral individual regida por el CST."
T-807/04,no_pasa_prefiltro_keywords
T-270/95,"llm_no_pertinente: El accionante es empleado público judicial (juez) regido por régimen estatutario/administrativo de la Rama Judicial, no por CST. El litigio versa sobre condiciones de trabajo y reubicación en función pública, no sobre relación laboral individual CST."
T-285/21,no_pasa_prefiltro_keywords
T-074/18,no_pasa_prefiltro_keywords
T-906/04,no_pasa_prefiltro_keywords
T-1135/01,"llm_no_pertinente: El caso trata sobre acceso a servicios de salud y autorización de procedimientos médicos contra una entidad de salud (EPS/Sisben), no sobre una relación laboral individual regida por el CST."
T-661/14,"llm_no_pertinente: El caso trata sobre nulidades procesales y procedimiento de la acción de tutela, no sobre relación laboral individual regida por el CST."
T-846/08,"llm_no_pertinente: El tema central es seguridad social en salud (pago de incapacidad laboral reclamado contra ISS EPS), no una relación laboral individual regida por el CST. Además, el accionante es trabajador independiente sin empleador."
T-422/99,"llm_no_pertinente: El tema central es pensión de jubilación y derecho al pago de mesadas pensionales, que constituye materia de seguridad social en pensiones, no derecho laboral individual."
T-345/10,"llm_no_pertinente: El caso trata sobre cumplimiento de sentencia que ordenó reliquidar pensión de jubilación; la pensión es materia de seguridad social, no de derecho laboral individual."
T-901/01,"llm_no_pertinente: El tema central es negación de prestación de salud (cirugía) por una EPS, que es seguridad social en salud, no litigio laboral individual entre empleador y trabajador."
T-842A/13,sin_texto_o_url_no_resuelve
T-025/02,"llm_no_pertinente: El caso versa sobre vía de hecho y congruencia procesal en una sentencia laboral, no sobre una relación laboral individual sustantiva; lo laboral es incidental al objeto central que es el control de constitucionalidad de decisiones judiciales."
T-925/10,"llm_no_pertinente: El tema central es pensión de sobrevivientes, que es materia de seguridad social pensional, no derecho laboral individual."
T-585/19,no_pasa_prefiltro_keywords
T-400/96,"llm_no_pertinente: El caso trata sobre procedimiento de tutela y principios procesales (reformatio in pejus), no sobre relación laboral individual. Menciona carrera administrativa y empleos públicos, que están excluidos del alcance CST."
T-203/13,"llm_no_pertinente: El tema central es pensión de vejez/invalidez y obligación alimentaria, ambos temas de seguridad social y derecho de familia, no relación laboral individual regida por CST."
T-956/03,"llm_no_pertinente: El caso trata sobre atención médica y seguridad social en salud de un ex-soldado en servicio militar obligatorio, no sobre una relación laboral individual regida por el CST. Además, el vínculo es con las Fuerzas Militares (régimen especial estatutario), no una relación laboral comercial."
T-633/06,"llm_no_pertinente: El caso trata sobre procesos ejecutivos hipotecarios y financiación de vivienda bajo la Ley 546 de 1999, materia de derecho civil/hipotecario, no sobre relación laboral individual regida por el Código Sustantivo del Trabajo."
T-888/99,"llm_no_pertinente: El tema central es pensión de invalidez (seguridad social), no relación laboral individual regida por CST."
T-284/95,no_pasa_prefiltro_keywords
T-789/14,"llm_no_pertinente: El tema central es pensión de invalidez (seguridad social), no relación laboral individual regida por CST."
T-503/97,no_pasa_prefiltro_keywords
T-045/16,"llm_no_pertinente: El tema central es derecho a la seguridad social en pensiones (pensión de vejez, jubilación, régimen de transición Ley 100 de 1993), no una relación laboral individual regida por el CST."
T-366/21,"llm_no_pertinente: El caso trata sobre derecho procesal penal (defensa técnica, debido proceso, doble conformidad en sentencia condenatoria), no sobre derecho laboral individual."
T-096/06,no_pasa_prefiltro_keywords
T-230/24,"llm_no_pertinente: El caso trata sobre procedimiento penal (incidente de reparación integral, medidas cautelares en proceso penal), no sobre relación laboral individual regida por el CST."
T-587/13,no_pasa_prefiltro_keywords
T-001/15,no_pasa_prefiltro_keywords
T-332/16,"llm_no_pertinente: El tema central es pensión (incremento pensional del 14%), que siempre excluye un caso del alcance laboral individual, independientemente de otros elementos nominalmente laborales presentes."
T-381/22,"llm_no_pertinente: El caso trata sobre la liquidación de una EPS (entidad promotora de salud) y seguridad social en salud, no sobre una relación laboral individual regida por el CST. Los accionantes son asociadas de la EPS, no trabajadores en relación de subordinación con un empleador."
T-038/22,"llm_no_pertinente: El caso trata sobre derechos a la educación y salud de menores con discapacidad, no sobre relaciones laborales individuales regidas por el CST."
T-606/16,"llm_no_pertinente: El caso trata sobre derecho a la salud y seguridad social en salud (programa de rehabilitación oral, suspensión de servicios de salud), no sobre relación laboral individual regida por el CST."
T-909/01,no_pasa_prefiltro_keywords
T-007/04,no_pasa_prefiltro_keywords
T-955/12,no_pasa_prefiltro_keywords
T-800/14,no_pasa_prefiltro_keywords
T-214/09,no_pasa_prefiltro_keywords
T-139/94,no_pasa_prefiltro_keywords
T-468/99,"llm_no_pertinente: El caso trata sobre cierre administrativo de fábrica por contaminación y debido proceso en actuación administrativa, no sobre relación laboral individual (contratación, salario, terminación, etc.)"
T-027/06,no_pasa_prefiltro_keywords
T-212/21,"llm_no_pertinente: El caso trata sobre discriminación por género y violencia psicológica contra la mujer en contexto de opiniones públicas, no sobre una relación laboral individual regida por el CST."
T-603/99,revision_manual: municipio_como_empleador_sin_certeza_trabajador_oficial
T-663/05,revision_manual: litigio_procedimental_no_sustantivo_laboral
T-461/12,revision_manual: articulos_calificacion_invalidez_seguridad_social
SL-3100/24,"llm_no_pertinente: El tema central es pensión de vejez y su relación con la continuidad del contrato laboral; aunque hay despido, la causa alegada es el otorgamiento de pensión, lo que convierte la seguridad social en el objeto central del litigio."
SL-863/24,"llm_no_pertinente: El tema central es pensión de sobrevivientes por muerte de afiliado, materia de seguridad social/sistema pensional, no laboral individual."
SL-1392/24,"llm_no_pertinente: El tema central es pensión de vejez bajo Ley 100 de 1993, que constituye seguridad social en materia pensional, no derecho laboral individual."
SL-1833/23,"llm_no_pertinente: El tema central es pensión de vejez y régimen de transición bajo la Ley 100 de 1993, que es materia de seguridad social, no derecho laboral individual."
SL-020/23,"llm_no_pertinente: El litigio versa sobre incumplimiento de un contrato de mandato civil (gestión de cobro de cartera y estudio de títulos), no sobre una relación laboral individual regida por el Código Sustantivo del Trabajo. El demandante actúa como profesional independiente prestando servicios bajo contrato de mandato, no como trabajador dependiente."
SL-464/23,no_se_encontro_iframe_pdf
SL-955/21,sin_articulos_fundamento_directo
SL-3255/20,"llm_no_pertinente: El empleador es una entidad estatal (Universidad de Antioquia) y el vínculo es de empleado público bajo régimen administrativo/estatutario, no de trabajador oficial de empresa industrial/comercial del Estado."
SL-5011/20,"llm_no_pertinente: El caso involucra derecho colectivo (convención colectiva, sindicato, fuero sindical implícito en estabilidad reforzada por convención) y cuestiones de estabilidad laboral reforzada derivada de negociación colectiva, no de derecho laboral individual puro."
SL-105/20,sin_texto_o_pdf_no_resuelve
SL-064/20,sin_texto_o_pdf_no_resuelve
SL-4723/19,sin_texto_o_pdf_no_resuelve
SL-4361/19,sin_texto_o_pdf_no_resuelve
SL-4430/19,sin_texto_o_pdf_no_resuelve
SL-4078/19,sin_texto_o_pdf_no_resuelve
SL-3567/19,sin_texto_o_pdf_no_resuelve
SL-475/19,sin_texto_o_pdf_no_resuelve
SL-103/19,sin_texto_o_pdf_no_resuelve
SL-4130/18,sin_texto_o_pdf_no_resuelve
SL-2022/18,sin_texto_o_pdf_no_resuelve
SL-1608/18,sin_texto_o_pdf_no_resuelve
SL-1541/18,sin_texto_o_pdf_no_resuelve
SL-781/18,sin_texto_o_pdf_no_resuelve
SL-966/25,"llm_no_pertinente: El tema central es pensión de invalidez y aportes a seguridad social en pensión, que son prestaciones de seguridad social, no laboral individual."
SL-786/25,"llm_no_pertinente: El caso versa sobre derecho colectivo (conflicto colectivo, laudo arbitral, sindicato), no sobre derecho laboral individual."
SL-592/25,"llm_no_pertinente: El caso trata sobre negociación colectiva y arbitramento de conflicto colectivo de trabajo entre empresa y sindicato, no sobre derecho laboral individual."
T-489/14,revision_manual: unico_positivo_cita_sentencia_no_articulo_codificado
T-329/22,revision_manual: unico_positivo_cita_sentencia_no_articulo_codificado
T-426/14,revision_manual: sin_fundamento_cst_real_solo_libranza_soldado_profesional
T-1234/00,revision_manual: fundamento_directo_es_seguridad_social_salud_cp48_49
T-346/00,revision_manual: cita_ley_100_sin_articulo_mezclada_con_seguridad_social
T-446/01,revision_manual: derecho_colectivo_despido_masivo_sindicalizados_codensa
T-864/11,revision_manual: sentencia_multi_expediente_4_casos_no_relacionados_riesgo_mezcla
T-346/25,"llm_no_pertinente: El tema central es pensión y seguridad social en vejez, no relación laboral individual; aunque hay elementos laborales, la decisión se centra en acceso a prestaciones pensionales y sistema de seguridad social."
T-620/17,sin_articulos_fundamento_directo
