fuente,numero,texto_completo,n_citas_en_dataset,url_fuente
CGP,167,"Artículo 167. Carga de la prueba. Incumbe a las partes probar el supuesto de hecho de las normas que consagran el efecto jurídico que ellas persiguen. No obstante, según las particularidades del caso, el juez podrá, de oficio o a petición de parte, distribuir, la carga al decretar las pruebas, durante su práctica o en cualquier momento del proceso antes de fallar, exigiendo probar determinado hecho a la parte que se encuentre en una situación más favorable para aportar las evidencias o esclarecer los hechos controvertidos. La parte se considerará en mejor posición para probar en virtud de su cercanía con el material probatorio, por tener en su poder el objeto de prueba, por circunstancias técnicas especiales, por haber intervenido directamente en los hechos que dieron lugar al litigio, o por estado de indefensión o de incapacidad en la cual se encuentre la contraparte, entre otras circunstancias similares. Cuando el juez adopte esta decisión, que será susceptible de recurso, otorgará a la parte correspondiente el término necesario para aportar o solicitar la respectiva prueba, la cual se someterá a las reglas de contradicción previstas en este código. Los hechos notorios y las afirmaciones o negaciones indefinidas no requieren prueba.",1,https://www.funcionpublica.gov.co/eva/gestornormativo/norma.php?i=48425
CGP,244,"Artículo 244. Documento auténtico. Es auténtico un documento cuando existe certeza sobre la persona que lo ha elaborado, manuscrito, firmado, o cuando exista certeza respecto de la persona a quien se atribuya el documento. Los documentos públicos y los privados emanados de las partes o de terceros, en original o en copia, elaborados, firmados o manuscritos, y los que contengan la reproducción de la voz o de la imagen, se presumen auténticos, mientras no hayan sido tachados de falso o desconocidos, según el caso. También se presumirán auténticos los memoriales presentados para que formen parte del expediente, incluidas las demandas, sus contestaciones, los que impliquen disposición del derecho en litigio y los poderes en caso de sustitución. Así mismo se presumen auténticos todos los documentos que reúnan los requisitos para ser título ejecutivo. La parte que aporte al proceso un documento, en original o en copia, reconoce con ello su autenticidad y no podrá impugnarlo, excepto cuando al presentarlo alegue su falsedad. Los documentos en forma de mensaje de datos se presumen auténticos. Lo dispuesto en este artículo se aplica en todos los procesos y en todas las jurisdicciones.",1,https://www.funcionpublica.gov.co/eva/gestornormativo/norma.php?i=48425
CPTSS,50,"ARTICULO 50. -Extra y ultra petita. El juez (de primera instancia) podrá ordenar el pago de salarios, prestaciones o indemnizaciones distintos de los pedidos, cuando los hechos que los originen hayan sido discutidos en el juicio y estén debidamente probados, o condenar al pago de sumas mayores que las demandadas por el mismo concepto, cuando aparezca que éstas son inferiores a las que corresponden al trabajador, de conformidad con la ley, y siempre que no hayan sido pagadas. Nota: (de primera instancia), mediante Sentencia C-662 del 12 de noviembre de 1998 la Corte Constitucional declaró inexequible la frase entre paréntesis. CAPÍTULO XII Pruebas",1,https://www.funcionpublica.gov.co/eva/gestornormativo/norma.php?i=5259
CPTSS,54A,"ARTICULO 54A . - Modificado por el art 24, Ley 712 de 2001. Valor probatorio de algunas copias . Se reputarán auténticas las reproducciones simples de los siguientes documentos: 1. Los periódicos oficiales. 2. Las resoluciones y certificaciones emanadas del Ministerio del Trabajo y Seguridad Social. 3. Las convenciones colectivas de trabajo, laudos arbitrales, pactos colectivos, reglamentos de trabajo y estatutos sindicales. 4. Las certificaciones que expida el DANE y el Banco de la República sobre indicadores de su competencia. 5. Las certificaciones que emanen del registro mercantil. Las reproducciones simples de las constancias y certificaciones que hagan parte o deban anexarse a cualquiera de los documentos previstos en los numerales 2º, 3º, 4º y 5º también se reputarán auténticas. Parágrafo -En todos los procesos, salvo cuando se pretenda hacer valer como título ejecutivo, los documentos o sus reproducciones simples presentados por las partes con fines probatorios se reputarán auténticos, sin necesidad de autenticación ni presentación personal, todo ello sin perjuicio de lo dispuesto en relación con los documentos emanados de terceros .""",1,https://www.funcionpublica.gov.co/eva/gestornormativo/norma.php?i=5259
CST,105,"ARTICULO 105. OBLIGACION DE ADOPTARLO. 1. Está obligado a tener un reglamento de trabajo todo empleador que ocupe más de cinco (5) trabajadores de carácter permanente en empresas comerciales, o más de diez (10) en empresas industriales, o más de veinte (20) en empresas agrícolas, ganaderas o forestales. 2. En empresas mixtas, la obligación de tener un reglamento de trabajo existe cuando el empleador ocupe más de diez (10) trabajadores.",1,https://www.alcaldiabogota.gov.co/sisjur/normas/Norma1.jsp?i=33104
CST,127,"ARTICULO 127. Modificado por el art. 14, Ley 50 de 1990. <El nuevo texto es el siguiente> ELEMENTOS INTEGRANTES. Constituye salario no sólo la remuneración ordinaria, fija o variable, sino todo lo que recibe el trabajador en dinero o en especie como contraprestación directa del servicio, sea cualquiera la forma o denominación que se adopte, como primas, sobresueldos, bonificaciones habituales, valor del trabajo suplementario o de las horas extras, valor del trabajo en días de descanso obligatorio, porcentajes sobre ventas y comisiones. El texto original era el siguiente:",1,https://www.alcaldiabogota.gov.co/sisjur/normas/Norma1.jsp?i=33104
CST,128,"ARTICULO 128. Modificado por el art. 15, Ley 50 de 1990. <El nuevo texto es el siguiente> PAGOS QUE NO CONSTITUYEN SALARIOS. No constituyen salario las sumas que ocasionalmente y por mera liberalidad recibe el trabajador del empleador, como primas, bonificaciones o gratificaciones ocasionales, participación de utilidades, excedentes de las empresas de economía solidaria y lo que recibe en dinero o en especie no para su beneficio, ni para enriquecer su patrimonio, sino para desempeñar a cabalidad sus funciones, como gastos de representación, medios de transporte, elementos de trabajo y otros semejantes. Tampoco las prestaciones sociales de que tratan los títulos VIII y IX, ni los beneficios o auxilios habituales u ocasionales acordados convencional o contractualmente u otorgados en forma extralegal por el empleador, cuando las partes hayan dispuesto expresamente que no constituyen salario en dinero o en especie, tales como la alimentación, habitación o vestuario, las primas extralegales, de vacaciones, de servicios o de navidad. El texto original era el siguiente:",1,https://www.alcaldiabogota.gov.co/sisjur/normas/Norma1.jsp?i=33104
CST,13,ARTICULO 13. MINIMO DE DERECHOS Y GARANTIAS. Las disposiciones de este Código contienen el mínimo de derechos y garantías consagradas en favor de los trabajadores. No produce efecto alguno cualquiera estipulación que afecte o desconozca este mínimo.,1,https://www.alcaldiabogota.gov.co/sisjur/normas/Norma1.jsp?i=33104
CST,130,"ARTICULO 130. Modificado por el art. 17, Ley 50 de 1990. <El nuevo texto es el siguiente> VIATICOS. 1. Los viáticos permanentes constituyen salario en aquella parte destinada a proporcionar al trabajador manutención y alojamiento; pero no en lo que sólo tenga por finalidad proporcionar los medios de transporte o los gastos de representación. 2. Siempre que se paguen debe especificarse el valor de cada uno de estos conceptos. 3. Los viáticos accidentales no constituyen salario en ningún caso. Son viáticos accidentales aquéllos que sólo se dan con motivo de un requerimiento extraordinario, no habitual o poco frecuente. El texto original era el siguiente:",1,https://www.alcaldiabogota.gov.co/sisjur/normas/Norma1.jsp?i=33104
CST,132,"ARTICULO 132. Modificado por el art. 18, Ley 50 de 1990. <El nuevo texto es el siguiente> FORMAS Y LIBERTAD DE ESTIPULACION. 1. El empleador y el trabajador pueden convenir libremente el salario en sus diversas modalidades como por unidad de tiempo, por obra, o a destajo y por tarea, etc., pero siempre respetando el salario mínimo legal o el fijado en los pactos, convenciones colectivas y fallos arbitrales. 2. No obstante lo dispuesto en los artículos 13 , 14 , 16 , 21 y 340 del Código Sustantivo del Trabajo y las normas concordantes con éstas, cuando el trabajador devengue un salario ordinario superior a diez (10) salarios mínimos legales mensuales, valdrá la estipulación escrita de un salario que además de retribuir el trabajo ordinario, compense de antemano el valor de prestaciones, recargos y beneficios tales como el correspondiente al trabajo nocturno, extraordinario o al dominical y festivo, el de primas legales, extralegales, las cesantías y sus intereses, subsidios y suministros en especie; y, en general, las que se incluyan en dicha estipulación, excepto las vacaciones. 3. Este salario no estará exento de las cotizaciones a la seguridad social, ni de los aportes al SENA, ICBF y cajas de compensación familiar, pero en el caso de estas tres últimas entidades, los aportes se disminuirán en un treinta por ciento (30%). 4. El trabajador que desee acogerse a esta estipulación, recibirá la liquidación definitiva de su auxilio de cesantía y demás prestaciones sociales causadas hasta esa fecha, sin que por ello se entienda terminado su contrato de trabajo. El texto original era el siguiente:",1,https://www.alcaldiabogota.gov.co/sisjur/normas/Norma1.jsp?i=33104
CST,143,"ARTICULO 143. Modificado por el art. 7, Ley 1496 de 2011. <El nuevo texto es el siguiente> A TRABAJO IGUAL, SALARIO IGUAL. 1. A trabajo igual desempeñado en puesto, jornada y condiciones de eficiencia también iguales, debe corresponder salario igual, comprendiendo en este todos los elementos a que se refiere el",3,https://www.alcaldiabogota.gov.co/sisjur/normas/Norma1.jsp?i=33104
CST,154,"ARTICULO 154. Modificado por el art. 3, Ley 11 de 1984. <El nuevo texto es el siguiente> REGLA GENERAL. No es embargable el salario mínimo legal o convencional. El texto original era el siguiente:",1,https://www.alcaldiabogota.gov.co/sisjur/normas/Norma1.jsp?i=33104
CST,156,"ARTICULO 156. EXCEPCION A FAVOR DE COOPERATIVAS Y PENSIONES ALIMENTICIAS. Todo salario puede ser embargado hasta en un cincuenta por ciento (50%) en favor de cooperativas legalmente autorizadas, o para cubrir pensiones alimenticias que se deban de conformidad con los artículos 411 y concordantes del Código Civil. CAPITULO V PRELACION DE LOS CREDITOS POR SALARIOS",1,https://www.alcaldiabogota.gov.co/sisjur/normas/Norma1.jsp?i=33104
CST,161,"ARTICULO 161. DURACION. La duración máxima de la jornada ordinaria de trabajo es de ocho (8) horas al día y cuarenta y ocho (48) a la semana, salvo las siguientes excepciones: a). En las labores que sean especialmente insalubres o peligrosas, el gobierno puede ordenar la reducción de la jornada de trabajo de acuerdo con dictámenes al respecto; b). La duración máxima legal de la jornada de trabajo del menor se sujetará a las siguientes reglas: 1. El menor entre doce y catorce años solo podrá trabajar una jornada máxima de cuatro de horas diarias y veinticuatro (24) horas a la semana, en trabajos ligeros. 2. Los mayores de catorce y menores de dieciséis años solo podrá trabajar una jornada máximas de seis (6) horas diarias y treinta y seis (36) horas a la semana. 3. La jornada del menor entre dieciséis y dieciocho años no podrá exceder de ocho (8) horas diarias y cuarenta y ocho (48) a la semana. c). Modificado por el",2,https://www.alcaldiabogota.gov.co/sisjur/normas/Norma1.jsp?i=33104
CST,162,"ARTICULO 162. EXCEPCIONES EN DETERMINADAS ACTIVIDADES. 1. Quedan excluidos de la regulación sobre la jornada máxima legal de trabajo los siguientes trabajadores: a). Los que desempeñan cargos de dirección, de confianza o de manejo; b). Derogado por el art. 70, Ley 2466 de 2025. El texto derogado era el siguiente: b) Los Servicios domésticos ya se trate de labores en los centros urbanos o en el campo; c). Los que ejerciten labores discontinuas o intermitentes y los de simple vigilancia, cuando residan en el lugar o sitio de trabajo; d). Derogado por el",1,https://www.alcaldiabogota.gov.co/sisjur/normas/Norma1.jsp?i=33104
CST,168,"ARTICULO 168. Modificado por el art. 24, Ley 50 de 1990. <El nuevo texto es el siguiente> TASAS Y LIQUIDACION DE RECARGOS. 1. El trabajo nocturno por el solo hecho de ser nocturno se remunera con un recargo del treinta y cinco por ciento (35%) sobre el valor del trabajo diurno, con excepción del caso de la jornada de treinta y seis (36) horas semanales previstas en el artículo 20 161 literal c) de esta ley. 2. El trabajo extra diurno se remunera con un recargo del veinticinco por ciento (25%) sobre el valor del trabajo ordinario diurno. 3. El trabajo extra nocturno se remunera con un recargo del setenta y cinco por ciento (75%) sobre el valor del trabajo ordinario diurno. 4. Cada uno de los recargos antedichos se produce de manera exclusiva, es decir, sin acumularlo con alguno otro. El texto original era el siguiente:",1,https://www.alcaldiabogota.gov.co/sisjur/normas/Norma1.jsp?i=33104
CST,186,"ARTICULO 186. DURACION. 1. Los trabajadores que hubieren prestados sus servicios durante un año tienen derecho a quince (15) días hábiles consecutivos de vacaciones remuneradas. 2. Los profesionales y ayudantes que trabajan en establecimientos privados dedicados a la lucha contra la tuberculosis, y los ocupados en la aplicación de rayos X, tienen derecho a gozar de quince (15) días de vacaciones remuneradas por cada seis (6) meses de servicios prestados.",2,https://www.alcaldiabogota.gov.co/sisjur/normas/Norma1.jsp?i=33104
CST,189,"ARTICULO 189. COMPENSACION EN DINERO DE LAS VACACIONES. 1. Modificado por el art. 20, Ley 1429 de 2010. <El nuevo texto es el siguiente> Empleador y trabajador, podrán acordar por escrito, previa solicitud del trabajador, que se pague en dinero hasta la mitad de las vacaciones. El texto original era el siguiente: 1. Es prohibido compensar en dinero las vacaciones. Sin embargo, el Ministerio de Trabajo podrá autorizar que se pague en dinero hasta la mitad de éstas en casos especiales de perjuicio para la economía nacional o la industria. 2. Derogado por el art. 2, Ley 995 de 2005. El texto derogado era el siguiente: 2. Cuando el contrato de trabajo termine sin que el trabajador hubiere disfrutado de vacaciones, la compensación de éstas en dinero procederá por año cumplido de servicio y proporcionalmente por fracción de año, siempre que este exceda de tres meses. Otras Modificaciones: Modificado por el art. 7, Decreto 617 de 1954. , Modificado por el art. 14, Decreto 2351 de 1965. El texto original era el siguiente:",1,https://www.alcaldiabogota.gov.co/sisjur/normas/Norma1.jsp?i=33104
CST,2,"artículo 2° de la Ley 1618 de 2013 y las demás normas que la modifiquen o complementen. El empleador realizará los ajustes razonables que se requieran por cada trabajador en el lugar de trabajo, con el fin de que las personas con discapacidad puedan acceder, desarrollar y mantener su trabajo. 14. Adicionado por el art. 15, Ley 2466 de 2025. <El texto adicionado es el siguiente> Implementar acciones guiadas por la Unidad del Servicio Público de Empleo, en un término de doce (12) meses, para eliminar cualquier tipo de barrera de acceso o permanencia, y propiciar la colocación sin ningún tipo de discriminación, especialmente de mujeres, jóvenes, migrantes, víctimas del conflicto, y procedentes de municipios con Programas de Desarrollo con Enfoque Territorial (PDET) y Zonas Más Afectadas por el Conflicto Armado (ZOMAC), o los que los modifiquen o complementen, personas en condición de vulnerabilidad. 15. Adicionado por el art. 15, Ley 2466 de 2025. <El texto adicionado es el siguiente> Atender con debida diligencia y en la medida de sus posibilidades las órdenes expedidas por autoridades competentes a favor de personas víctimas de violencias basadas en el sexo y en contra del presunto perpetrador. 16. Adicionado por el art. 15, Ley 2466 de 2025. <El texto adicionado es el siguiente> Otorgar en la medida de sus posibilidades el derecho preferente de reubicación en la empresa a las mujeres trabajadoras que sean víctimas de violencia de pareja, de violencia intrafamiliar y tentativa de feminicidio comprobada, sin desmejorar sus condiciones, y garantizar la protección de su vida e integridad, así como a las demás personas que sean víctimas de violencia de pareja y violencia intrafamiliar. 17. Adicionado por el art. 15, Ley 2466 de 2025. <El texto adicionado es el siguiente> Las empresas que cuenten con hasta 500 trabajadores deberán contratar o mantener contratados, según corresponda, al menos dos (2) trabajadores con discapacidad por cada 100 trabajadores. A partir de 501 trabajadores en adelante, deberán contratar o mantener contratados, según corresponda, al menos un (1) trabajador con discapacidad adicional por cada tramo de 100 trabajadores. Esta obligación aplicará sobre el total de trabajadores de carácter permanente. Lo anterior no impide que las empresas, de forma voluntaria, puedan contratar un número mayor de trabajadores con discapacidad al mínimo exigido. Las personas con discapacidad deberán contar con la certificación expedida conforme a las disposiciones del Ministerio de Salud y Protección Social. El empleador deberá reportar los contratos de trabajo celebrados con personas con discapacidad, dentro de los quince días siguientes a su celebración a través del sitio electrónico del Ministerio del Trabajo, quien llevará un registro actualizado de lo anterior, debiendo mantener reserva de dicha información. La fiscalización del cumplimiento de lo dispuesto en este artículo corresponderá al Ministerio del Trabajo. El incumplimiento de esta obligación dará origen a las sanciones que corresponda en cabeza de las autoridades de inspección, vigilancia y control laboral, de conformidad con lo previsto en la Ley 1610 de 2013 y las normas que la modifiquen o complementen. PARÁGRAFO 2°. Adicionado por el art. 15, Ley 2466 de 2025. <El texto adicionado es el siguiente> En aquellos cargos y sectores de la economía dónde no sea posible contratar personas en estado de discapacidad o invalidez, deberá informarse dicha situación al Ministerio del Trabajo. PARÁGRAFO 3°. Adicionado por el art. 15, Ley 2466 de 2025. <El texto adicionado es el siguiente> La aplicación de los valores y/o porcentajes indicados en el numeral 17 de este artículo será optativa en el primer año de entrada en vigencia de la presente ley, tiempo durante el cual las empresas iniciarán un plan de revisión técnica para la implementación de los ajustes razonables que se requieran. A partir del segundo año los valores y/o indicadores serán de obligatorio cumplimiento. PARÁGRAFO 4°. Adicionado por el art. 15, Ley 2466 de 2025 . <El texto adicionado es el siguiente> Cuando el empleador acredite de manera fehaciente el pago directo al trabajador del valor correspondiente a las cesantías, dicho pago se considerará liberatorio de la obligación, y no procederá sanción por no consignación, salvo que se demuestre que el pago no se realizó en condiciones de libertad y que no fue utilizado en fines autorizados por la ley. No obstante, la afiliación a Fondo de Cesantías es obligatoria. Otras Modificaciones: Adicionado por el art. 10, Ley 20 de 1982, derogada por el art. 353, Decreto Nacional 2737 de 1989. , Adicionado parcialmente por el art. 1, Ley 1280 de 2009. , Modificado parcialmente por el art. 11, Ley 2388 de 2024.",1,https://www.alcaldiabogota.gov.co/sisjur/normas/Norma1.jsp?i=33104
CST,216,"ARTICULO 216. CULPA DEL EMPLEADOR. Cuando exista culpa suficiente comprobada del empleador en la ocurrencia del accidente de trabajo o de la enfermedad profesional, está obligado a la indemnización total y ordinaria por perjuicios pero del monto de ella debe descontarse el valor de las prestaciones en dinero pagadas en razón de las normas consagradas en este Capítulo.",2,https://www.alcaldiabogota.gov.co/sisjur/normas/Norma1.jsp?i=33104
CST,22,"ARTICULO 22. DEFINICION . 1. Contrato de trabajo es aquel por el cual una persona natural se obliga a prestar un servicio personal a otra persona, natural o jurídica, bajo la continuada dependencia o subordinación de la segunda y mediante remuneración. 2. Quien presta el servicio se denomina trabajador, quien lo recibe y remunera, empleador, y la remuneración, cualquiera que sea su forma, salario.",1,https://www.alcaldiabogota.gov.co/sisjur/normas/Norma1.jsp?i=33104
CST,220,"ARTICULO 220. AVISO AL JUEZ SOBRE LA OCURRENCIA DEL ACCIDENTE. 1. Para los efectos de información en la controversia a que pueda dar lugar el accidente, cualesquiera que sean sus consecuencias, el empleador debe dar un aviso suscrito por él o quien lo represente, al juez del trabajo del lugar, o en su defecto al juez municipal, donde conste el día, hora y lugar del accidente, como se produjo, quienes lo presenciaron, el nombre de la víctima, el salario que devengaba el día del accidente y la descripción de la lesión o perturbación, firmada por el facultativo que asista al trabajador. 2. La información de que se trata este artículo debe darse dentro de los ocho (8) días siguientes al de la ocurrencia del accidente.",1,https://www.alcaldiabogota.gov.co/sisjur/normas/Norma1.jsp?i=33104
CST,23,"ARTICULO 23. Modificado por el art. 1, Ley 50 de 1990. <El nuevo texto es el siguiente> ELEMENTOS ESENCIALES . 1. Para que haya contrato de trabajo se requiere que concurran estos tres elementos esenciales: a. La actividad personal del trabajador, es decir, realizada por sí mismo; b. Modificado por el art. 16, Ley 2466 de 2025. <El nuevo texto es el siguiente> La continuada subordinación o dependencia del trabajador o trabajadora respecto del empleador, que faculta a este para exigirle el cumplimiento de órdenes, en cualquier momento, en cuanto al modo, tiempo o cantidad de trabajo, e imponer reglamentos, la cual debe mantenerse por todo el tiempo de duración del contrato. Todo ello sin que afecte el honor, la dignidad y los derechos mínimos del trabajador o trabajadora, en concordancia con los tratados o convenios internacionales sobre derechos humanos relativos a la materia ratificados por Colombia que sean de carácter vinculante. Aquellas facultades no pueden constituirse en un factor de discriminación basado en el sexo, la identidad de género, la orientación sexual, la raza, el color, etnia, el origen nacional, la discapacidad, la condición familiar, edad, condiciones económicas, condiciones sobrevinientes de salud, preferencias políticas o religiosas, como tampoco por el ejercicio de la sindicalización. El Ministerio del Trabajo adelantará las actuaciones administrativas correspondientes y sancionará de acuerdo con las normas vigentes. c. Un salario como retribución del servicio. 2. Una vez reunidos los tres elementos de que trata este artículo, se entiende que existe contrato de trabajo y no deja de serlo por razón del nombre que se le dé ni de otras condiciones o modalidades que se le agreguen. El texto original era el siguiente:",1,https://www.alcaldiabogota.gov.co/sisjur/normas/Norma1.jsp?i=33104
CST,230,"ARTICULO 230. Modificado por el art. 7, Ley 11 de 1984. <El nuevo texto es el siguiente> SUMINISTRO DE CALZADO Y VESTIDO DE LABOR. Todo empleador que habitualmente ocupe uno (1) o más trabajadores permanentes, deberá suministrar cada cuatro (4) meses, en forma gratuita, un (1) par de zapatos y un (1) vestido de labor al trabajador, cuya remuneración mensual sea hasta dos (2) meses el salario mínimo más alto vigente. Tiene derecho a esta prestación el trabajador que en las fechas de entrega de calzado y vestido haya cumplido más de tres (3) meses al servicio del empleador. Otras Modificaciones: Modificado por el art. 9, Decreto 617 de 1954. El texto original era el siguiente:",2,https://www.alcaldiabogota.gov.co/sisjur/normas/Norma1.jsp?i=33104
CST,236,"ARTICULO 236. Modificado por el art. 2, Ley 2114 de 2021. <El nuevo texto es el siguiente> LICENCIA EN LA ÉPOCA DEL PARTO E INCENTIVOS PARA LA ADECUADA ATENCIÓN Y CUIDADO DEL RECIÉN NACIDO. 1. Toda trabajadora en estado de embarazo tiene derecho a una licencia de dieciocho (18) semanas en la época de parto, remunerada con el salario que devengue al momento de iniciar su licencia. 2. Si se tratare de un salario que no sea fijo como en el caso del trabajo a destajo o por tarea, se tomará en cuenta el salario promedio devengado por la trabajadora en el último año de servicio, o en todo el tiempo si fuere menor. 3. Para los efectos de la licencia de que trata este ·artículo, la trabajadora debe presentar al empleador un certificado médico, en el cual debe constar: a) El estado de embarazo de la trabajadora; b) La indicación del día probable del parto, y c) La indicación del día desde el cual debe empezar la licencia, teniendo en cuenta que, por lo menos, ha de iniciarse dos semanas antes del parto. Los beneficios incluidos en este artículo, y el",1,https://www.alcaldiabogota.gov.co/sisjur/normas/Norma1.jsp?i=33104
CST,239,"artículo 239 de la presente ley, no excluyen a los trabajadores del sector público. 4. Todas las provisiones y garantías establecidas en la presente ley para la madre biológica se hacen extensivas en los mismos términos y en cuanto fuere procedente a la madre adoptante, o al padre que quede a cargo del recién nacido sin apoyo de la madre, sea por enfermedad, abandono o muerte, asimilando la fecha del parto a la de la entrega oficial del menor que se ha adoptado, o del que adquiere custodia justo después del nacimiento. En ese sentido, la licencia materna se extiende al padre en caso de fallecimiento, abandono o enfermedad de la madre, el empleador del padre del niño le concederá una licencia de duración equivalente al tiempo que falta para expirar el periodo de la licencia posterior al parto concedida a la madre. 5. La licencia de maternidad para madres de niños prematuros, tendrá en cuenta la diferencia entre la fecha gestacional y el nacimiento a término, las cuales serán sumadas a las dieciocho (18) semanas que se establecen en la presente ley. Cuando se trate de madres con parto múltiple o madres de un hijo con discapacidad, la licencia se ampliará en dos semanas más. 6. La trabajadora que haga uso de la licencia en la época del parto tomará las dieciocho (18) semanas de licencia a las que tiene derecho, de la siguiente manera: a) Licencia de maternidad preparto . Esta será de una (1) semana con anterioridad a la fecha probable del parto debidamente acreditada. Si por alguna razón médica la futura madre requiere una semana adicional previa al parto podrá gozar de las dos (2) semanas, con dieciséis (16) posparto. Si en caso diferente, por razón médica· no puede tomar la semana previa al parto, podrá disfrutar las dieciocho (18) semanas en el posparto inmediato. b) Licencia de maternidad posparto . Esta licencia tendrá una duración normal de diecisiete (17) semanas contadas desde la fecha del parto, o de dieciséis (16) o dieciocho (18) semanas por decisión médica, de acuerdo con lo previsto en el literal anterior. PARÁGRAFO 1. De las dieciocho (18) semanas de licencia remunerada, la semana anterior al probable parto será de obligatorio goce a menos que el médico tratante prescriba algo diferente. La licencia remunerada de la que habla este artículo es incompatible con la licencia de calamidad doméstica y en caso de haberse solicitado esta última por el nacimiento de un hijo, estos días serán descontados de la misma. PARÁGRAFO 2. El padre tendrá derecho a dos (2) semanas de licencia remunerada de paternidad. La licencia remunerada de paternidad opera por los hijos nacidos del cónyuge o de la compañera permanente, así como para el padre adoptante. El único soporte válido para el otorgamiento de la licencia remunerada de paternidad es el Registro Civil de Nacimiento, el cual deberá presentarse a la EPS a más tardar dentro de los 30 días siguientes a la fecha del nacimiento del menor. La licencia remunerada de paternidad estará a cargo de la EPS y será reconocida proporcionalmente a las semanas cotizadas por el padre durante el periodo de gestación. La licencia de paternidad se ampliará en una (1) semana adicional por cada punto porcentual de disminución de la tasa de desempleo estructural comparada con su nivel al momento de la entrada en vigencia de la presente ley, sin que en ningún caso pueda superar las cinco (5) semanas. La metodología de medición de la tasa de desempleo estructural será definida de manera conjunta por el Ministerio de Hacienda y Crédito Público, el Banco de la República y el Departamento Nacional de Planeación. La tasa de desempleo estructural será publicada en el mes de diciembre de cada año y constituirá la base para definir si se amplía o no la licencia para el año siguiente. Se autoriza al Gobierno nacional para que en el caso de los niños prematuros se aplique lo establecido en el presente parágrafo. PARÁGRAFO 3. Para efectos de la aplicación del numeral quinto (5°) del presente artículo, se deberá anexar al certificado de nacido vivo y la certificación expedida por el médico tratante en la cual se identifique diferencia entre la edad gestacional y el nacimiento a término, con el fin de determinar en cuántas semanas se debe ampliar la licencia de maternidad, o determinar la multiplicidad en el embarazo. El Ministerio de Salud reglamentará en un término no superior a seis (6) meses contados a partir de la expedición de la presente ley, lo concerniente al contenido de la certificación de que trata este parágrafo y fijará los criterios médicos a ser tenidos en cuenta por el médico tratante a efectos de expedirla. PARÁGRAFO 4. Licencia parental compartida. Los padres podrán distribuir libremente entre sí las últimas seis (6) semanas de la licencia de la madre, siempre y cuando cumplan las condiciones y requisitos dispuestos en este artículo. Esta licencia, en el caso de la madre, es independiente del permiso de lactancia. La licencia parental compartida se regirá por las siguientes condiciones: 1. El tiempo de licencia parental compartida se contará a partir de la fecha del parto. Salvo que el médico tratante haya determinado que la madre deba tomar entre una o dos (2) semanas de licencia previas a la fecha probable del parto o por determinación de la madre. 2. La madre deberá tomar como mínimo las primeras doce (12) semanas después del parto, las cuales serán intransferibles. Las restantes seis (6) semanas podrán ser distribuidas entre la madre y el padre, de común acuerdo entre los dos. El tiempo de licencia del padre no podrá ser recortado en aplicación de esta figura. 3. En ningún caso se podrán fragmentar, intercalar ni tomar de manera simultánea los períodos de licencia salvo por enfermedad posparto de la madre, debidamente certificada por el médico. 4. La licencia parental compartida será remunerada con base en el salario de quien disfrute de la licencia por el período correspondiente. El pago de la misma estará a cargo del respectivo empleador o EPS, acorde con la normatividad vigente. Para los efectos de la licencia de que trata este parágrafo, los beneficiarios deberán cumplir los siguientes requisitos: 1. El único soporte válido para el otorgamiento de licencia compartida es el Registro Civil de Nacimiento, el cual deberá presentarse a la EPS a más tardar dentro de los 30 días siguientes a la fecha de nacimiento del menor. 2. Debe existir mutuo acuerdo entre los padres acerca de la distribución de las semanas de licencia. Ambos padres deberán realizar un documento firmado explicando la distribución acordada y presentarla ante sus empleadores, en un término de treinta (30) días contados a partir del nacimiento del menor. 3. El médico tratante debe autorizar por escrito el acuerdo de los padres, a fin de garantizar la salud de la madre y el recién nacido. 4. Los padres deberán presentar ante el empleador un certificado médico, en el cual debe constar: a) El estado de embarazo de la mujer; o una constancia del nacimiento del menor. b) La indicación del día probable del parto, o la fecha del nacimiento del menor. c) La indicación del día desde el cual empezarían las licencias de cada uno. d) La licencia parental compartida también se aplicará con respecto a los niños prematuros y adoptivos, teniendo en cuenta el presente artículo. La licencia parental compartida es aplicable también a los trabajadores del sector público. Para estos efectos, el Departamento Administrativo de la Función Pública reglamentará la materia dentro de los seis (6) meses siguientes a la sanción de la presente ley. No podrán optar por la licencia parental compartida, los padres que hayan sido condenados en los últimos cinco (5) años por los delitos contemplados en el Título IV ""delitos contra la libertad, integridad y formaciones sexuales"" ; los padres condenados en los últimos dos (2) años; por los delitos contemplados en el Título VI ""delitos contra la familia"" ; Capítulo Primero “de la violencia intrafamiliar” y Capítulo Cuarto “de los delitos contra la asistencia alimentaria” de la Ley 599 de 2000 o los padres que tengan vigente una medida de protección en su contra, de acuerdo con el",6,https://www.alcaldiabogota.gov.co/sisjur/normas/Norma1.jsp?i=33104
CST,24,"ARTICULO 24. Modificado por el art. 2, Ley 50 de 1990. <El nuevo texto es el siguiente> PRESUNCIÓN . Se presume que toda relación de trabajo personal está regida por un contrato de trabajo. No obstante, quien habitualmente preste sus servicios personales remunerados en ejercicio de una profesión liberal o en desarrollo de un contrato civil o comercial, pretenda alegar el carácter laboral de su relación, deberá probar que la subordinación jurídica fue la prevista en el literal b) del",1,https://www.alcaldiabogota.gov.co/sisjur/normas/Norma1.jsp?i=33104
CST,240,"ARTICULO 240. PERMISO PARA DESPEDIR. 1 . Modificado por el art. 2, Ley 2141 de 2021 . <El nuevo texto es el siguiente> Para poder despedir a una trabajadora durante el período de embarazo o a las dieciocho (18) semanas posteriores al parto, el empleador necesita la autorización del Inspector del Trabajo, o del Alcalde Municipal en los lugares en donde no existiere aquel funcionario. La misma autorización se requerirá para despedir al trabajador cuya cónyuge, pareja o compañera permanente se encuentre en estado de embarazo y no tenga un empleo formal, adjuntando prueba que así lo acredite o que se encuentre afiliada como beneficiaria en el Sistema de Seguridad Social en Salud. El texto anterior era el siguiente: 1. Para poder despedir a una trabajadora durante el período de embarazo o los tres meses posteriores al parto, el {empleador} necesita la autorización del Inspector del Trabajo, o del Alcalde Municipal en los lugares en donde no existiere aquel funcionario. 2. El permiso de que trata este artículo sólo puede concederse con el fundamento en alguna de las causas que tiene el empleador para dar por terminado el contrato de trabajo y que se enumeran en los",1,https://www.alcaldiabogota.gov.co/sisjur/normas/Norma1.jsp?i=33104
CST,241,"ARTICULO 241. Modificado por el art. 8, Decreto 13 de 1967. <El nuevo texto es el siguiente> NULIDAD DEL DESPIDO . 1. El empleador está obligado a conservar el puesto a la trabajadora que esté disfrutando de los descansos remunerados de que trata este capítulo, o de licencia por enfermedad motivada por el embarazo o parto. 2. No producirá efecto alguno el despido que el empleador comunique a la trabajadora en tales períodos, o en tal forma que, al hacer uso del preaviso, éste expire durante los descansos o licencias mencionados. El texto original era el siguiente:",1,https://www.alcaldiabogota.gov.co/sisjur/normas/Norma1.jsp?i=33104
CST,253,"ARTICULO 253. Modificado por el art. 17 del Decreto 2351 de 1965 . <El nuevo texto es el siguiente> SALARIO BASE PARA LA LIQUIDACION DE LA CESANTIA. 1. Para liquidar el auxilio de Cesantía se toma como base el último salario mensual devengado por el trabajador, siempre que no haya tenido variación en los tres (3) últimos meses. En el caso contrario y en el de los salarios variables, se tomará como base el promedio de lo devengado en el último año de servicios o en todo el tiempo servido si fuere menor de un año. 2. Para el tiempo de servicios anterior al treinta y uno (31) de diciembre de mil novecientos sesenta y dos (1962) se aplicarán las normas vigentes hasta esta fecha. El texto original era el siguiente:",1,https://www.alcaldiabogota.gov.co/sisjur/normas/Norma1.jsp?i=33104
CST,26,"artículo 26 implica la coexistencia de prestaciones. 2. Cuando un trabajador tenga derecho a que varios empleadores le concedan una prestación asistencial o en especie, estos empleadores tienen que suministrarla y costearla en proporción a los salarios que cada uno le pague al trabajador, y si uno solo de ellos la suministrare íntegramente, quedara subrogado en las acciones del trabajador contra los demás respecto de la parte o cuota que a éstos corresponda.",6,https://www.alcaldiabogota.gov.co/sisjur/normas/Norma1.jsp?i=33104
CST,29,"artículo 29 de la Ley 789 de 2002. 2. Si no hay acuerdo respecto del monto de la deuda, o si el trabajador se niega a recibir, el empleador cumple con sus obligaciones consignando ante el Juez del Trabajo y en su defecto ante la primera autoridad política del lugar, la suma que confiese deber, mientras la justicia del Trabajo decide la controversia. 3. En la misma sanción incurre el empleador cuando no haga practicar al trabajador el examen médico y no le expida el correspondiente certificado de salud de que trata el ordinal 7o. del",1,https://www.alcaldiabogota.gov.co/sisjur/normas/Norma1.jsp?i=33104
CST,306,"ARTICULO 306. PRINCIPIO GENERAL. 1. Toda empresa de carácter permanente está obligada a pagar a cada uno de sus trabajadores, excepto a los ocasionales o transitorios, como prestación especial, una prima de servicios, así: a). Las de capital de doscientos mil pesos ($200.000) o superior, un mes de salario pagadero por semestres del calendario, en la siguiente forma: una quincena el último día de junio y otra quincena en los primeros veinte días de diciembre, a quienes hubieren trabajado o trabajaren todo el respectivo semestre, o proporcionalmente al tiempo trabajado, siempre que hubieren servido por lo menos la mitad del semestre respectivo y no hubieren sido despedidos por justa causa, y b). Las de capital menor de doscientos mil pesos ($200.000), quince (15) días de salario, pagadero en la siguiente forma: una semana el último día de junio y otra semana en los primeros veinte (20) días de diciembre, pagadero por semestres del calendario, a quienes hubieren trabajado o trabajaren todo el respectivo semestre; o proporcionalmente al tiempo trabajado. Siempre que hubieren servido por lo menos la mitad del semestre respectivo y no hubieren sido despedidos por justa causa. 2. Esta prima de servicios sustituye la participación de utilidades y la prima de beneficios que estableció la legislación anterior.",1,https://www.alcaldiabogota.gov.co/sisjur/normas/Norma1.jsp?i=33104
CST,34,"ARTICULO 34. Modificado por el art. 44, Decreto 2466 de 2025. <El nuevo texto es el siguiente> CONTRATISTAS Y SUBCONTRATISTAS. 1. Son contratistas y subcontratistas, personas naturales o jurídicas quienes contraten en beneficio de terceros, cualquiera que sea el acto que le dé origen, la ejecución de obras, trabajos o la prestación de servicios, por un precio determinado, asumiendo todos los riesgos, para realizarlos con sus propios medios y con libertad y autonomía técnica y directiva. 2. Las personas naturales o jurídicas que contraten o subcontraten la realización de obras o servicios, serán solidariamente responsables con el contratista por el valor de los salarios y de las prestaciones e indemnizaciones a que tengan derecho los trabajadores, a menos que se trate de labores extrañas a las actividades normales de su empresa o negocio. Solidaridad que no obsta para que el beneficiario estipule con el contratista las garantías del caso o para que repita contra él lo pagado a esos trabajadores. Otras Modificaciones: Modificado por el art. 3, Decreto 2351 de 1965. El texto original era el siguiente:",1,https://www.alcaldiabogota.gov.co/sisjur/normas/Norma1.jsp?i=33104
CST,36,"ARTICULO 36. RESPONSABILIDAD SOLIDARIA. Son solidariamente responsables de todas de las obligaciones que emanen del contrato de trabajo las sociedades de personas y sus miembros y éstos entre sí en relación con el objeto social y sólo hasta el límite de responsabilidad de cada socio, y los condueños o comuneros de una misma empresa entre sí, mientras permanezcan en indivisión. CAPITULO IV MODALIDADES DEL CONTRATO (FORMA, CONTENIDO, DURACIÓN, REVISIÓN, SUSPENSIÓN Y PRUEBA DEL CONTRATO)",1,https://www.alcaldiabogota.gov.co/sisjur/normas/Norma1.jsp?i=33104
CST,37,"ARTICULO 37. FORMA. El contrato de trabajo puede ser verbal o escrito; para su validez no requiere forma especial alguna, salvo disposición expresa en contrario.",1,https://www.alcaldiabogota.gov.co/sisjur/normas/Norma1.jsp?i=33104
CST,45,"ARTICULO 45. DURACION. El contrato de trabajo puede celebrarse por tiempo determinado, por el tiempo que dure la realización de una obra o labor determinada, por tiempo indefinido o para ejecutar un trabajo ocasional, accidental o transitorio.",2,https://www.alcaldiabogota.gov.co/sisjur/normas/Norma1.jsp?i=33104
CST,46,"ARTICULO 46. Modificado por el art. 6, Ley 2466 de 2025. <El nuevo texto es el siguiente> CONTRATOS A TÉRMINO FIJO Y DE OBRA O LABOR DETERMINADA. 1. CONTRATOS DE TRABAJO A TÉRMINO FIJO Podrán celebrarse contratos de trabajo a término fijo por un término no mayor a cuatro (4) años. El contrato de trabajo a término fijo deberá celebrarse por escrito. Cuando el contrato de trabajo a término fijo no cumpla las condiciones y requisitos previamente mencionados, se entenderá celebrado a término indefinido desde el inicio de la relación laboral. El contrato a término fijo no podrá renovarse indefinidamente, sin embargo, podrán considerarse los siguientes tipos de prórrogas: Prórroga pactada. Cuando el contrato de trabajo se celebre por un término inferior a un (1) año, las partes, mediante acuerdo escrito, podrán prorrogar el número de veces que estimen conveniente; sin embargo, después de la cuarta prórroga, el contrato no podrá renovarse por un período inferior a un (1) año. En ningún caso podrá superarse el término máximo de cuatro (4) años previsto en este artículo, para los casos de contratos vigentes este límite máximo se contabilizará a partir de la entrada en vigencia de esta ley. Prórroga automática. Si con treinta (30) días de antelación al vencimiento del plazo pactado o su prórroga, ninguna de las partes manifestare su intención de terminar el contrato, este se entenderá renovado por un término igual al inicialmente pactado o al de su prórroga, según sea el caso, sin que pueda superarse el límite máximo de cuatro (4) años previsto en este artículo. Esta misma regla aplicará a los contratos celebrados por un término inferior a un (1) año, pero en este caso la cuarta prórroga automática será por un período de un (1) año. 2. CONTRATO DE TRABAJO POR DURACIÓN DE OBRA O LABOR DETERMINADA. Podrán celebrarse contratos de trabajo por el tiempo que dure la realización de una obra o labor determinada. El contrato de trabajo por la duración de obra o labor determinada deberá celebrarse por escrito y en él deberá indicarse, de forma precisa y detallada, la obra o labor contratada que se requiere atender. Cuando no se cumplan las condiciones señaladas en el presente artículo, o cuando una vez finalice la obra o labor contratada, el trabajador continúe prestando sus servicios, el contrato se entenderá celebrado a término indefinido desde el inicio de la relación laboral, a menos que se trate de una nueva y diferente obra o labor, caso en el que se podrá continuar el contrato adicionando por escrito el acuerdo en el que se especifique la nueva obra o labor o se liquidará el contrato anterior y se iniciará un nuevo contrato por la nueva necesidad, especificando en cualesquiera de los dos casos de forma clara y precisa la nueva obra o labor contratada. PARÁGRAFO 1°. En los contratos a término fijo y de obra o labor determinada, el trabajador y la trabajadora tendrán derecho al pago de vacaciones y prestaciones sociales en proporción al tiempo laborado cualquiera que este sea. Otras Modificaciones: Modificado por el art. 2, Decreto 617 de 1954. , Modificado por el art. 4, Decreto 2351 de 1965. , Modificado por el art. 3, Ley 50 de 1990. El texto original era el siguiente: ARTÍCULO 4 6. CONTRATO POR TIEMPO DETERMINADO. El contrato celebrado por tiempo determinado debe constar siempre por escrito y su plazo no puede exceder de dos (2) años, pero es renovable indefinidamente.",2,https://www.alcaldiabogota.gov.co/sisjur/normas/Norma1.jsp?i=33104
CST,488,"ARTICULO 488. Modificado por el art. 66, Ley 2466 de 2025. <El nuevo texto es el siguiente> REGLA GENERAL. Las acciones correspondientes a los derechos regulados en este Código prescriben en tres (3) años, salvo en los casos de prescripciones especiales establecidas en el Código Procesal del Trabajo y de la Seguridad Social o en el presente estatuto. En el evento en que se reclamen derechos emanados de una relación de trabajo, dicho término se contará desde que la respectiva obligación se hace exigible, salvo en los casos de prescripciones especiales establecidas en el Código Procesal del Trabajo y de la Seguridad Social. El texto original era el siguiente:",1,https://www.alcaldiabogota.gov.co/sisjur/normas/Norma1.jsp?i=33104
CST,51,"ARTICULO 51. Modificado por el art. 4, Ley 50 de 1990. <El nuevo texto es el siguiente> SUSPENSION. El contrato de trabajo se suspende: 1. Por fuerza mayor o caso fortuito que temporalmente impida su ejecución. 2. Por la muerte o la inhabilitación del empleador, cuando éste sea una persona natural y cuando ello traiga como consecuencia necesaria y directa la suspensión temporal del trabajo. 3. Por suspensión de actividades o clausura temporal de la empresa, establecimiento o negocio, en todo o en parte, hasta por ciento veinte (120) días por razones técnicas o económicas u otras independientes de la voluntad del empleador, mediante autorización previa del Ministerio de Trabajo y Seguridad Social. De la solicitud que se eleve al respecto el empleador deberá informar en forma simultánea, por escrito, a sus trabajadores. 4. Por licencia o permiso temporal concedido por el empleador al trabajador o por suspensión disciplinaria. 5. Por ser llamado el trabajador a prestar el servicio militar. En este caso el empleador está obligado a conservar el puesto del trabajador hasta por treinta (30) días después de terminado el servicio. Dentro de este término el trabajador puede reincorporarse a sus tareas, cuando lo considere conveniente, y el empleador está obligado a admitirlo tan pronto como éste gestione su reincorporación. 6. Por detención preventiva del trabajador o por arresto correccional que no exceda de ocho (8) días por cuya causa no justifique la extinción del contrato. 7. Por huelga declarada en la forma prevista en la Ley. El texto original era el siguiente:",1,https://www.alcaldiabogota.gov.co/sisjur/normas/Norma1.jsp?i=33104
CST,53,ARTICULO 53. EFECTOS DE LA SUSPENSION. Durante el período de las suspensiones contempladas en el,1,https://www.alcaldiabogota.gov.co/sisjur/normas/Norma1.jsp?i=33104
CST,56,"artículo 56 del Decreto 1393 de 1970. El texto original era el siguiente: d) Los chóferes mecánicos que presten sus servicios en empresas de transportes de cualquier clase, sea cual fuere la forma de su remuneración. 2. Modificado por el art. 12, Ley 2466 de 2025. <El nuevo texto es el siguiente> E l empleador deberá llevar un registro del trabajo suplementario de cada trabajador en el que se especifique el nombre, actividad desarrollada y número de horas laboradas con la precisión de si son diurnas o nocturnas. Este registro podrá realizarse de acuerdo a las necesidades y condiciones propias de su empresa. El empleador está obligado a entregar al trabajador que lo solicite, una relación de las horas extras laboradas, con las mismas especificaciones anteriores. Este registro deberá entregarse junto con el soporte que acredite el correspondiente pago. De igual modo, de ser requerido, estará obligado a aportar ante las autoridades judiciales y administrativas el registro de horas extras; de no hacerlo la autoridad administrativa del trabajo podrá imponer las sanciones a las que haya lugar. PARÁGRAFO. No se requerirá permiso del Ministerio del Trabajo para laborar horas extras. Sin embargo, cuando se demuestre que el empleador no remunera a sus trabajadores el tiempo suplementario, el Ministerio podrá imponer como sanción que a dicho empleador se le suspenda la facultad de autorizar que se trabaje tiempo suplementario por el término de seis (6) meses, sin perjuicio de las otras sanciones que disponga la ley. Otras Modificaciones: Modificado por el art. 1, Decreto 13 de 1967. El texto original era el siguiente: 2. Las actividades no contempladas en el presente artículo sólo pueden exceder lo límites señalados en el artículo anterior, mediante autorización expresa del Ministerio del Trabajo por conducto del Departamento Nacional o de una autoridad delegada, sin pasas de cuatro (4) horas diarias de trabajo suplementario.",1,https://www.alcaldiabogota.gov.co/sisjur/normas/Norma1.jsp?i=33104
CST,57,"artículo 57 signos convencionales que tiendan a perjudicar a los interesados, o adoptar el sistema de ""lista negra"", cualquiera que sea la modalidad que utilicen, para que no se ocupe en otras empresas a los trabajadores que se separen o sean separados del servicio. 9. Ejecutar o autorizar cualquier acto que vulnere o restrinja los derechos de los trabajadores o que ofenda su dignidad. 10. Adicionado por el art. 17, Ley 2466 de 2025. <El nuevo texto es el siguiente> Discriminar a las mujeres y las personas con identidades de género diversas con acciones directas u omisiones, que impidan la garantía de sus derechos en los ambientes laborales, con ocasión de sus nombres identitarios, orientación sexual o cualquier otro aspecto de su vida personal que no esté relacionado o influya en su ejercicio laboral. Se prohíbe así mismo el racismo y la xenofobia, también cualquier forma de discriminación en razón de la ideología política, étnica, credo religioso, en el ámbito del trabajo. Se prohíbe también generar, inducir o promover prácticas discriminatorias hacia las personas trabajadoras que se identifiquen con otros géneros no binarios y diversas sexualidades, o cualquier otro aspecto de su vida personal que no esté relacionado o influya en su ejercicio laboral. Jurisprudencia: Apartes subrayados declarados Inexequibles por la Corte Constitucional mediante Sentencia C-081 de 2026. 11. Adicionado por el art. 17, Ley 2466 de 2025. <El nuevo texto es el siguiente> Exigir a la persona en embarazo ejecutar tareas que requieran esfuerzos físicos que puedan producir el aborto o impedir el desarrollo normal del feto, conforme a las recomendaciones y/o restricciones médicas. La negativa de la trabajadora a llevar a cabo estas labores no puede ser razón para disminuir su salario, ni desmejorar sus condiciones de trabajo, por lo tanto, es obligación de los empleadores garantizar la permanencia y la reubicación en un puesto de trabajo acorde con su estado. 12. Adicionado por el art. 17, Ley 2466 de 2025. <El nuevo texto es el siguiente> Discriminar a personas trabajadoras víctimas de violencias basadas en género por causas asociadas a estas circunstancias. 13. Adicionado por el art. 17, Ley 2466 de 2025. <El nuevo texto es el siguiente> Despedir o presionar la renuncia de las personas trabajadoras por razones de carácter religioso, político, racial y/o étnico. 14. Adicionado por el art. 17, Ley 2466 de 2025. <El nuevo texto es el siguiente> Limitar o presionar en cualquier forma a las personas trabajadoras para dejar el ejercicio de su libertad religiosa o política, cuando esta no interfiera con las actividades propias del cargo. 15. Adicionado por el art. 17, Ley 2466 de 2025. <El nuevo texto es el siguiente> Despedir o presionar la renuncia de las personas trabajadoras por razones de carácter de enfermedad o afectaciones a la salud mental Otras Modificaciones: Modificado art. 4, Decreto 3743 de 1950. , Adicionado por el art. 9, Decreto Nacional 2351 de 1965. , Adicionado por el art. 12, Ley 20 de 1982 (derogada por el art. 353, Decreto Nacional 2737 de 1989). , Adicionado por el art. 260, Decreto Nacional 2737 de 1989. El texto original era el siguiente:",5,https://www.alcaldiabogota.gov.co/sisjur/normas/Norma1.jsp?i=33104
CST,58,"ARTICULO 58. OBLIGACIONES ESPECIALES DEL TRABAJADOR. Son obligaciones especiales del trabajador: 1. Realizar personalmente la labor, en los términos estipulados; observar los preceptos del reglamento y acatar y cumplir las órdenes e instrucciones que de modo particular la impartan el empleador o sus representantes, según el orden jerárquico establecido. 2. No comunicar con terceros, salvo la autorización expresa, las informaciones que tenga sobre su trabajo, especialmente sobre las cosas que sean de naturaleza reservada o cuya divulgación pueda ocasionar perjuicios al empleador, lo que no obsta para denunciar delitos comunes o violaciones del contrato o de las normas legales del trabajo ante las autoridades competentes. 3. Conservar y restituir un buen estado, salvo el deterioro natural, los instrumentos y útiles que le hayan sido facilitados y las materias primas sobrantes. 4. Guardar rigurosamente la moral en las relaciones con sus superiores y compañeros. 5. Comunicar oportunamente al empleador las observaciones que estime conducentes a evitarle daños y perjuicios. 6. Prestar la colaboración posible en casos de siniestro o de riesgo inminente que afecten o amenacen las personas o cosas de la empresa o establecimiento. 7. Observar las medidas preventivas higiénicas prescritas por el médico del patrono o por las autoridades del ramo; y 8. Observar con suma diligencia y cuidado las instrucciones y órdenes preventivas de accidentes o de enfermedades profesionales. 8A. Adicionado por el art. 4, Ley 1468 de 2011. <El texto adicionado es el siguiente> La trabajadora en estado de embarazo debe empezar a disfrutar la licencia remunerada consagrada en el numeral 1 del artículo 236, al menos una semana antes de la fecha probable del parto.",5,https://www.alcaldiabogota.gov.co/sisjur/normas/Norma1.jsp?i=33104
CST,60,"ARTICULO 60. PROHIBICIONES A LOS TRABAJADORES. Se prohíbe a los trabajadores: 1. Sustraer de la fábrica, taller o establecimiento, los útiles de trabajo y las materias primas o productos elaborados. Sin permiso del empleador. 2. Presentarse al trabajo en estado de embriaguez o bajo la influencia de narcóticos o drogas enervantes. 3. Conservar armas de cualquier clase en el sitio del trabajo, a excepción de las que con autorización legal puedan llevar los celadores(D.2478/48). 4. Faltar al trabajo sin justa causa de impedimento o sin permiso del empleador, excepto en los casos de huelga, en los cuales deben abandonar el lugar del trabajo. 5. Disminuir intencionalmente el ritmo de ejecución del trabajo, suspender labores, promover suspensiones intempestivas del trabajo o excitar a su declaración o mantenimiento, sea que participe o no en ellas. 6. Hacer colectas, rifas y suscripciones o cualquier clase de propaganda en los lugares de trabajo. 7. Coartar la libertad para trabajar o no trabajar, o para afiliarse o no a un sindicato o permanecer en él o retirarse. 8. Usar los útiles o herramientas suministradas por el empleador en objetos distintos del trabajo contratado. CAPITULO VI TERMINACION DEL CONTRATO DE TRABAJO",2,https://www.alcaldiabogota.gov.co/sisjur/normas/Norma1.jsp?i=33104
CST,61,"ARTICULO 61. Modificado por el art. 5, la Ley 50 de 1990. <El nuevo texto es el siguiente> TERMINACION DEL CONTRATO. 1. El contrato de trabajo termina: a). Por muerte del trabajador; b). Por mutuo consentimiento; c). Por expiración del plazo fijo pactado; d). Por terminación de la obra o labor contratada; e). Por liquidación o clausura definitiva de la empresa o establecimiento; f). Por suspensión de actividades por parte del empleador durante más de ciento veinte (120) días; g). Por sentencia ejecutoriada; h). Por decisión unilateral en los casos de los artículos 7o., del Decreto Ley 2351/65, y 6o. de esta Ley, e i). Por no regresar el trabajador a su empleo, al desaparecer las causas de la suspensión del contrato. 2. En los casos contemplados en los literales e) y f) de este artículo, el empleador deberá solicitar el correspondiente permiso al Ministerio de Trabajo y Seguridad Social e informar por escrito a sus trabajadores de este hecho. El Ministerio de Trabajo y Seguridad Social resolverá lo relacionado con el permiso en un plazo de dos (2) meses. El cumplimiento injustificado de este término hará incurrir al funcionario responsable en causal de mala conducta sancionable con arreglo al régimen disciplinario vigente. Otras Modificaciones: Modificado por el art.6, Decreto 2351 de 1965 . El texto original era el siguiente:",4,https://www.alcaldiabogota.gov.co/sisjur/normas/Norma1.jsp?i=33104
CST,62,"ARTICULO 62. Modificado por el art. 7, Decreto 2351 de 1965. <El nuevo texto es el siguiente> TERMINACIÓN DEL CONTRATO POR JUSTA CAUSA. Son justas causas para dar por terminado unilateralmente el contrato de trabajo: A). Por parte del empleador: 1. El haber sufrido engaño por parte del trabajador, mediante la presentación de certificados falsos para su admisión o tendientes a obtener un provecho indebido. 2. Todo acto de violencia, injuria, malos tratamientos o grave indisciplina en que incurra el trabajador en sus labores, contra el empleador, los miembros de su familia, el personal directivo o los compañeros de trabajo. 3. Todo acto grave de violencia, injuria o malos tratamientos en que incurra el trabajador fuera del servicio, en contra del empleador, de los miembros de su familia o de sus representantes y socios, jefes de taller, vigilantes o celadores. 4. Todo daño material causado intencionalmente a los edificios, obras, maquinarias y materias primas, instrumentos y demás objetos relacionados con el trabajo, y toda grave negligencia que ponga en peligro la seguridad de las personas o de las cosas. 5. Todo acto inmoral o delictuoso que el trabajador cometa en el taller, establecimiento o lugar de trabajo o en el desempeño de sus labores. 6. Cualquier violación grave de las obligaciones o prohibiciones especiales que incumben al trabajador de acuerdo con los artículos 58 y 60 del Código Sustantivo del Trabajo, o cualquier falta grave calificada como tal en pactos o convenciones colectivas, fallos arbitrales, contratos individuales o reglamentos. 7. La detención preventiva del trabajador por más de treinta (30) días, a menos que posteriormente sea absuelto; o el arresto correccional que exceda de ocho (8) días, o aun por tiempo menor, cuando la causa de la sanción sea suficiente por sí misma para justificar la extinción del contrato. 8. El que el trabajador revele los secretos técnicos o comerciales o dé a conocer asuntos de carácter reservado, con perjuicio de la empresa. 9. El deficiente rendimiento en el trabajo en relación con la capacidad del trabajador y con el rendimiento promedio en labores análogas, cuando no se corrija en un plazo razonable a pesar del requerimiento del empleador. 10. La sistemática inejecución, sin razones válidas, por parte del trabajador, de las obligaciones convencionales o legales. 11. Todo vicio del trabajador que perturbe la disciplina del establecimiento. 12. La renuencia sistemática del trabajador a aceptar las medidas preventivas, profilácticas o curativas, prescritas por el médico del empleador o por las autoridades para evitar enfermedades o accidentes. 13. La ineptitud del trabajador para realizar la labor encomendada. 14. El reconocimiento al trabajador de la pensión de la jubilación o invalidez estando al servicio de la empresa. 15. La enfermedad contagiosa o crónica del trabajador, que no tenga carácter de profesional, así como cualquiera otra enfermedad o lesión que lo incapacite para el trabajo, cuya curación no haya sido posible durante ciento ochenta (180) días. El despido por esta causa no podrá efectuarse sino al vencimiento de dicho lapso y no exime al empleador de las prestaciones e indemnizaciones legales y convencionales derivadas de la enfermedad. En los casos de los numerales 9 a 15 de este artículo, para la terminación del contrato, el empleador deberá dar aviso al trabajador con anticipación no menor de quince (15) días. B). Por parte del trabajador: 1. El haber sufrido engaño por parte del empleador, respecto de las condiciones de trabajo. 2. Todo acto de violencia, malos tratamientos o amenazas graves inferidas por el empleador contra el trabajador o los miembros de su familia, dentro o fuera del servicio, o inferidas dentro del servicio por los parientes, representantes o dependientes del empleador con el consentimiento o la tolerancia de éste. 3. Cualquier acto del empleador o de sus representantes que induzca al trabajador a cometer un acto ilícito o contrario a sus convicciones políticas o religiosas. 4. Todas las circunstancias que el trabajador no pueda prever al celebrar el contrato, y que pongan en peligro su seguridad o su salud, y que el empleador no se allane a modificar. 5. Todo perjuicio causado maliciosamente por el empleador al trabajador en la prestación del servicio. 6. El incumplimiento sistemático sin razones válidas por parte del empleador, de sus obligaciones convencionales o legales. 7. La exigencia del empleador, sin razones válidas, de la prestación de un servicio distinto, o en lugares diversos de aquél para el cual se le contrató, y 8. Cualquier violación grave de las obligaciones o prohibiciones que incumben al empleador, de acuerdo con los artículos 57 y 59 del Código Sustantivo del Trabajo, o cualquier falta grave calificada como tal en pactos o convenciones colectivas, fallos arbitrales, contratos individuales o reglamentos. PARAGRAFO. La parte que termina unilateralmente el contrato de trabajo debe manifestar a la otra, en el momento de la extinción, la causal o motivo de esa determinación. Posteriormente no pueden alegarse válidamente causales o motivos distintos. El texto original era el siguiente:",16,https://www.alcaldiabogota.gov.co/sisjur/normas/Norma1.jsp?i=33104
CST,64,"ARTICULO 64. Modificado por el art. 28, Ley 789 de 2002 .<El nuevo texto es el siguiente> TERMINACION UNILATERAL DEL CONTRATO DE TRABAJO SIN JUSTA CAUSA. En todo contrato de trabajo va envuelta la condición resolutoria por incumplimiento de lo pactado, con indemnización de perjuicios a cargo de la parte responsable. Esta indemnización comprende el lucro cesante y el daño emergente. En caso de terminación unilateral del contrato de trabajo sin justa causa comprobada, por parte del empleador o si éste da lugar a la terminación unilateral por parte del trabajador por alguna de las justas causas contempladas en la ley, el primero deberá al segundo una indemnización en los términos que a continuación se señalan: En los contratos a término fijo, el valor de los salarios correspondientes al tiempo que faltare para cumplir el plazo estipulado del contrato; o el del lapso determinado por la duración de la obra o la labor contratada, caso en el cual la indemnización no será inferior a quince (15) días. En los contratos a término indefinido la indemnización se pagará así: a) Para trabajadores que devenguen un salario inferior a diez (10) salarios mínimos mensuales legales: 1. Treinta (30) días de salario cuando el trabajador tuviere un tiempo de servicio no mayor de un (1) año. 2. Si el trabajador tuviere más de un (1) año de servicio continuo se le pagarán veinte (20) días adicionales de salario sobre los treinta (30) básicos del numeral 1, por cada uno de los años de servicio subsiguientes al primero y proporcionalmente por fracción; b) Para trabajadores que devenguen un salario igual o superior a diez (10), salarios mínimos legales mensuales. 1. Veinte (20) días de salario cuando el trabajador tuviere un tiempo de servicio no mayor de un (1) año. 2. Si el trabajador tuviere más de un (1) año de servicio continuo, se le pagarán quince (15) días adicionales de salario sobre los veinte (20) días básicos del numeral 1 anterior, por cada uno de los años de servicio subsiguientes al primero y proporcionalmente por fracción. PARÁGRAFO TRANSITORIO. Los trabajadores que al momento de entrar en vigencia la presente ley, tuvieren diez (10) o más años al servicio continuo del empleador, se les aplicará la tabla de indemnización establecida en los literales b) , c) y d) del",8,https://www.alcaldiabogota.gov.co/sisjur/normas/Norma1.jsp?i=33104
CST,65,"ARTICULO 65. Modificado por el art. 29, Ley 789 de 2002. <El nuevo texto es el siguiente> INDEMNIZACION POR FALTA DE PAGO. Indemnización por falta de pago: 1. Si a la terminación del contrato, el empleador no paga al trabajador los salarios y prestaciones debidas, salvo los casos de retención autorizados por la ley o convenidos por las partes, debe pagar al asalariado, como indemnización, una suma igual al último salario diario por cada día de retardo, hasta por veinticuatro (24) meses, o hasta cuando el pago se verifique si el período es menor. Si transcurridos veinticuatro (24) meses contados desde la fecha de terminación del contrato, el trabajador no ha iniciado su reclamación por la vía ordinaria o si presentara la demanda, no ha habido pronunciamiento judicial , el empleador deberá pagar al trabajador intereses moratorios a la tasa máxima de créditos de libre asignación certificados por la Superintendencia Bancaria, a partir de la iniciación del mes veinticinco (25) hasta cuando el pago se verifique. Jurisprudencia: El texto subrayado fue declarado INEXEQUIBLE por la Corte Constitucional mediante Sentencia C-781 de 2003 . Dichos intereses los pagará el empleador sobre las sumas adeudadas al trabajador por concepto de salarios y prestaciones en dinero. 2. Si no hay acuerdo respecto del monto de la deuda, o si el trabajador se niega a recibir, el empleador cumple con sus obligaciones consignando ante el juez de trabajo y, en su defecto, ante la primera autoridad política del lugar, la suma que confiese deber, mientras la justicia de trabajo decide la controversia. PARÁGRAFO 1°. Para proceder a la terminación del contrato de trabajo establecido en el",5,https://www.alcaldiabogota.gov.co/sisjur/normas/Norma1.jsp?i=33104
CST,76,"ARTICULO 76. DEFINICION. Período de prueba es la etapa inicial del contrato de trabajo que tiene por objeto, por parte del empleador, apreciar las aptitudes del trabajador, y por parte de éste, la conveniencia de las condiciones del trabajo.",1,https://www.alcaldiabogota.gov.co/sisjur/normas/Norma1.jsp?i=33104
CST,99,ARTICULO 99. Hay contrato de trabajo entre los trabajadores de las Notarías Públicas y Oficinas de Registro de Instrumentos Públicos y Privados y los Notarios y registradores. Estos trabajadores se consideran como particulares.,2,https://www.alcaldiabogota.gov.co/sisjur/normas/Norma1.jsp?i=33104
Constitución Política,1,"artículo 1° de este acto legislativo, y estará en vigencia para la aprobación de normas de implementación y desarrollo del Acuerdo Final durante el tiempo establecido en el mismo artículo. El control constitucional relacionado con la aprobación de la ley aprobatoria del Acuerdo Especial, será único y automático. El control constitucional relacionado con la implementación del Acuerdo Final mediante leyes ordinarias o leyes estatutarias, será único y automático. TÍTULO TRANSITORIO Adicionado por el art. 1, Acto Legislativo 001 de 2017, <El nuevo texto es el siguiente> DE LAS NORMAS PARA LA TERMINACIÓN DEL CONFLICTO ARMADO Y LA CONSTRUCCIÓN DE UNA PAZ ESTABLE Y DURADERA CAPÍTULO I SISTEMA INTEGRAL DE VERDAD, JUSTICIA, REPARACIÓN Y NO REPETICIÓN A rtículo transitorio 1°. Sistema Integral de Verdad, Justicia, Reparación y No Repetición (SIVJRNR). El Sistema Integral estará compuesto por los siguientes mecanismos y medidas: la Comisión para el Esclarecimiento de la Verdad, la Convivencia y la No Repetición; la Unidad para la Búsqueda de Personas dadas por Desaparecidas en el contexto y en razón del conflicto armado; la Jurisdicción Especial para la Paz; las medidas de reparación integral para la construcción de paz y las garantías de no repetición. El Sistema Integral parte del principio de reconocimiento de las víctimas como ciudadanos con derechos; del reconocimiento de que debe existir verdad plena sobre lo ocurrido; del principio de reconocimiento de responsabilidad por parte de todos quienes participaron de manera directa o indirecta en el conflicto y se vieron involucrados de alguna manera en graves violaciones a los derechos humanos y graves infracciones al Derecho Internacional Humanitario; del principio de satisfacción de los derechos de las víctimas a la verdad, la justicia, la reparación y la no repetición. El Sistema es integral, para que las medidas logren un máximo de justicia y de rendición de cuentas sobre las violaciones a los derechos humanos e infracciones al DIH ocurridas a lo largo del conflicto. La integralidad del Sistema contribuye también al esclarecimiento de la verdad del conflicto y la construcción de la memoria histórica. El Sistema Integral hará especial énfasis en medidas restaurativas y reparadoras, y pretende alcanzar justicia no solo con sanciones retributivas. Uno de los paradigmas orientadores de la JEP será la aplicación de una justicia restaurativa que preferentemente busca la restauración del daño causado y la reparación de las víctimas afectadas por el conflicto, especialmente para acabar la situación de exclusión social que les haya provocado la victimización. La justicia restaurativa atiende prioritariamente las necesidades y la dignidad de las víctimas y se aplica con un enfoque integral que garantiza la justicia, la verdad y la no repetición de lo ocurrido. Los distintos mecanismos y medidas de verdad, justicia, reparación y no repetición, en tanto parte de un sistema que busca una respuesta integral a las víctimas, no pueden entenderse de manera aislada. Estarán interconectados a través de relaciones de condicionalidad y de incentivos para acceder y mantener cualquier tratamiento especial de justicia, siempre fundados en el reconocimiento de verdad y responsabilidades. El cumplimiento de estas condicionalidades será verificado por la Jurisdicción Especial para la Paz. Parágrafo 1°. El Sistema Integral tendrá un enfoque territorial, diferencial y de género, que corresponde a las características particulares de la victimización en cada territorio y cada población y en especial a la protección y atención prioritaria de las mujeres y de los niños y niñas víctimas del conflicto armado. El enfoque de género y diferencial se aplicará a todas las fases y procedimientos del Sistema, en especial respecto a todas las mujeres que han padecido o participado en el conflicto. La conformación de todos los componentes del Sistema Integral deberá tener en cuenta la participación equitativa entre hombres y mujeres con respeto a la diversidad étnica y cultural y los principios de publicidad, transparencia, participación ciudadana, idoneidad ética y criterios de cualificación para su selección. Parágrafo 2°. El Estado, por intermedio del Gobierno nacional, garantizará la autonomía administrativa y la suficiencia y autonomía presupuestal del SIVJRNR y en especial del componente de justicia, para lo cual podrá hacer uso del Plan de Inversiones para la Paz contenido en el",1,https://www.alcaldiabogota.gov.co/sisjur/normas/Norma1.jsp?i=4125
Constitución Política,13,"ARTÍCULO 13. Todas las personas nacen libres e iguales ante la ley, recibirán la misma protección y trato de las autoridades y gozarán de los mismos derechos, libertades y oportunidades sin ninguna discriminación por razones de sexo, raza, origen nacional o familiar, lengua, religión, opinión política o filosófica. El Estado promoverá las condiciones para que la igualdad sea real y efectiva y adoptará medidas en favor de grupos discriminados o marginados. El Estado protegerá especialmente a aquellas personas que por su condición económica, física o mental, se encuentren en circunstancia de debilidad manifiesta y sancionará los abusos o maltratos que contra ellas se cometan. Ver la Ley 581 de 2000.",3,https://www.alcaldiabogota.gov.co/sisjur/normas/Norma1.jsp?i=4125
Constitución Política,15,"Artículo 15. Todas las personas tienen derecho a su intimidad personal y familiar y a su buen nombre, y el Estado debe respetarlos y hacerlos respetar. De igual modo, tienen derecho a conocer, actualizar y rectificar las informaciones que se hayan recogido sobre ellas en los bancos de datos y en archivos de entidades públicas y privadas. En la recolección, tratamiento y circulación de datos se respetarán la libertad y demás garantías consagradas en la Constitución. La correspondencia y demás formas de comunicación privada son inviolables. Sólo pueden ser interceptados o registrados mediante orden judicial, en los casos y con las formalidades que establezca la ley. Con el fin de prevenir la comisión de actos terroristas, una ley estatutaria reglamentará la forma y condiciones en que las autoridades que ella señale, con fundamento en serios motivos, puedan interceptar o registrar la correspondencia y demás formas de comunicación privada, sin previa orden judicial, con aviso inmediato a la Procuraduría General de la Nación y control judicial posterior dentro de las treinta y seis (36) horas siguientes. Al iniciar cada período de sesiones el Gobierno rendirá informe al Congreso sobre el uso que se haya hecho de esta facultad. Los funcionarios que abusen de las medidas a que se refiere este artículo incurrirán en falta gravísima, sin perjuicio de las demás responsabilidades a que hubiere lugar. Para efectos tributarios judiciales y para los casos de inspección, vigilancia e intervención del Estado, podrá exigirse la presentación de libros de contabilidad y demás documentos privados, en los términos que señale la ley. Ver Ley 1266 de 2008",1,https://www.alcaldiabogota.gov.co/sisjur/normas/Norma1.jsp?i=4125
Constitución Política,189,"ARTICULO 189. Corresponde al Presidente de la República como Jefe de Estado, Jefe del Gobierno y Suprema Autoridad Administrativa: 1. Nombrar y separar libremente a los Ministros del Despacho y a los Directores de Departamentos Administrativos. 2. Dirigir las relaciones internacionales. Nombrar a los agentes diplomáticos y consulares, recibir a los agentes respectivos y celebrar con otros Estados y entidades de derecho internacional tratados o convenios que se someterán a la aprobación del Congreso. 3. Dirigir la fuerza pública y disponer de ella como Comandante Supremo de las Fuerzas Armadas de la República. 4. Conservar en todo el territorio el orden público y restablecerlo donde fuere turbado. 5. Dirigir las operaciones de guerra cuando lo estime conveniente. 6. Proveer a la seguridad exterior de la República, defendiendo la independencia y la honra de la Nación y la inviolabilidad del territorio; declarar la guerra con permiso del Senado, o hacerla sin tal autorización para repeler una agresión extranjera; y convenir y ratificar los tratados de paz, de todo lo cual dará cuenta inmediata al Congreso. 7. Permitir, en receso del Senado, previo dictamen del Consejo de Estado, el tránsito de tropas extranjeras por el territorio de la República. 8. Instalar y clausurar las sesiones del Congreso en cada legislatura. 9. Sancionar las leyes. 10. Promulgar las leyes, obedecerlas y velar por su estricto cumplimiento. 11 . Ejercer la potestad reglamentaria, mediante la expedición de los decretos, resoluciones y órdenes necesarios para la cumplida ejecución de las leyes. 12. Presentar un informe al Congreso, al iniciarse cada legislatura, sobre los actos de la Administración, sobre la ejecución de los planes y programas de desarrollo económico y social, y sobre los proyectos que el Gobierno se proponga adelantar durante la vigencia de la nueva legislatura. 13. Nombrar a los presidentes, directores o gerentes de los establecimientos públicos nacionales y a las personas que deban desempeñar empleos nacionales cuya provisión no sea por concurso o no corresponda a otros funcionarios o corporaciones, según la Constitución o la ley. En todo caso, el Gobierno tiene la facultad de nombrar y remover libremente a sus agentes. 14. Crear, fusionar o suprimir, conforme a la ley, los empleos que demande la administración central, señalar sus funciones especiales y fijar sus dotaciones y emolumentos. El Gobierno no podrá crear, con cargo al Tesoro, obligaciones que excedan el monto global fijado para el respectivo servicio en la ley de apropiaciones iniciales. 15. S uprimir o fusionar entidades u organismos administrativos nacionales de conformidad con la ley. 16. M odificar la estructura de los Ministerios, Departamentos Administrativos y demás entidades u organismos administrativos nacionales, con sujeción a los principios y reglas generales que defina la ley. 17. Distribuir los negocios según su naturaleza, entre Ministerios, Departamentos Administrativos y Establecimientos Públicos. 18. Conceder permiso a los empleados públicos nacionales que lo soliciten, para aceptar, con carácter temporal, cargos o mercedes de gobiernos extranjeros. 19. Conferir grados a los miembros de la fuerza pública y someter para aprobación del Senado los que correspondan de acuerdo con el",1,https://www.alcaldiabogota.gov.co/sisjur/normas/Norma1.jsp?i=4125
Constitución Política,19,ARTÍCULO 19. Se garantiza la libertad de cultos. Toda persona tiene derecho a profesar libremente su religión y a difundirla en forma individual o colectiva. Todas las confesiones religiosas e iglesias son igualmente libres ante la ley.,1,https://www.alcaldiabogota.gov.co/sisjur/normas/Norma1.jsp?i=4125
Constitución Política,23,ARTÍCULO 23. Toda persona tiene derecho a presentar peticiones respetuosas a las autoridades por motivos de interés general o particular y a obtener pronta resolución. El legislador podrá reglamentar su ejercicio ante organizaciones privadas para garantizar los derechos fundamentales.,1,https://www.alcaldiabogota.gov.co/sisjur/normas/Norma1.jsp?i=4125
Constitución Política,25,"ARTÍCULO 25. El trabajo es un derecho y una obligación social y goza, en todas sus modalidades, de la especial protección del Estado. Toda persona tiene derecho a un trabajo en condiciones dignas y justas.",3,https://www.alcaldiabogota.gov.co/sisjur/normas/Norma1.jsp?i=4125
Constitución Política,29,"artículo 29 de la Constitución Política, en el Código Penal colombiano vigente al momento de la comisión del hecho, en las normas de Derecho Internacional de los Derechos Humanos (DIDH) y de Derecho Internacional Humanitario (DIH). La JEP respetará las obligaciones internacionales de investigación, juzgamiento y sanción. Lo anterior, siempre con aplicación obligatoria del principio de favorabilidad. En la valoración de la conducta de los miembros de la Fuerza Pública, también se tendrán en cuenta las reglas operacionales vigentes al momento de la comisión del hecho, siempre que no sean contrarias a la normatividad legal. Artículo transitorio 23. Competencia de la Jurisdicción Especial para la Paz . La Jurisdicción Especial para la Paz tendrá competencia sobre los delitos cometidos por causa, con ocasión o en relación directa o indirecta con el conflicto armado y sin ánimo de obtener enriquecimiento personal ilícito, o en caso de que existiera, sin ser este la causa determinante de la conducta delictiva. Para el efecto se tendrán en cuenta los siguientes criterios: a) Que el conflicto armado haya sido la causa directa o indirecta de la comisión de la conducta punible, o b) Que la existencia del conflicto armado haya influido en el autor, partícipe o encubridor de la conducta punible cometida por causa, con ocasión o en relación directa o indirecta con el conflicto, en cuanto a: • Su capacidad para cometerla, es decir, a que por razón del conflicto armado el perpetrador haya adquirido habilidades mayores que le sirvieron para ejecutar la conducta. • Su decisión para cometerla, es decir, a la resolución o disposición del individuo para cometerla. • La manera en que fue cometida, es decir, a que, producto del conflicto armado, el perpetrador de la conducta haya tenido la oportunidad de contar con medios que le sirvieron para consumarla. • La selección del objetivo que se proponía alcanzar con la comisión del delito. Artículo transitorio 24. Responsabilidad del mando. Para la determinación de la responsabilidad del mando, la Jurisdicción Especial para la Paz aplicará, en el caso de los miembros de la Fuerza Pública, el Código Penal colombiano, el Derecho Internacional Humanitario como ley especial, y las reglas operacionales de la Fuerza Pública en relación con el DIH siempre que ellas no sean contrarias a la normatividad legal. La determinación de la responsabilidad del mando no podrá fundarse exclusivamente en el rango, la jerarquía o el ámbito de jurisdicción. La responsabilidad de los miembros de la Fuerza Pública por los actos de sus subordinados deberá fundarse en el control efectivo de la respectiva conducta, en el conocimiento basado en la información a su disposición antes, durante, o después de la realización de la respectiva conducta, así como en los medios a su alcance para prevenir que se cometa o se siga cometiendo la conducta punible, siempre y cuando las condiciones fácticas lo permitan, y de haber ocurrido, promover las investigaciones procedentes. Se entenderá que existe mando y control efectivo del superior militar o policial sobre los actos de sus subordinados, cuando se demuestren las siguientes condiciones concurrentes: a) Que la conducta o las conductas punibles hayan sido cometidas dentro del área de responsabilidad asignada a la unidad bajo su mando según el nivel correspondiente y que tengan relación con actividades bajo su responsabilidad; b) Que el superior tenga la capacidad legal y material de emitir órdenes, de modificarlas o de hacerlas cumplir; c) Que el superior tenga la capacidad efectiva de desarrollar y ejecutar operaciones dentro del área donde se cometieron los hechos punibles, conforme al nivel de mando correspondiente; y d) Que el superior tenga la capacidad material y directa de tomar las medidas adecuadas para evitar o reprimir la conducta o las conductas punibles de sus subordinados, siempre y cuando haya de su parte conocimiento actual o actualizable de su comisión. Artículo transitorio 25. Sanciones en la Jurisdicción Especial para la Paz. En el caso de miembros de la Fuerza Pública, las sanciones propias del Sistema tendrán un contenido reparador, así como de restricción de libertades y derechos. La ley reglamentará las modalidades de ejecución de las sanciones propias, así como los mecanismos idóneos de monitoreo, vigilancia y control del cumplimiento de dichas sanciones. Las sanciones alternativas u ordinarias aplicables a los miembros de la Fuerza Pública que impliquen la privación efectiva de la libertad se cumplirán en todo caso en los establecimientos previstos en el régimen penitenciario y carcelario establecido para ellos, conforme al principio de tratamiento diferenciado. Para el caso de las sanciones ordinarias, se podrá obtener redenciones, subrogados penales o beneficios adicionales en la privación de libertad, siempre y cuando el sancionado se comprometa a contribuir con su resocialización a través del trabajo, capacitación o estudio durante el tiempo que permanezca privado de la libertad y a promover actividades orientadas a la no repetición del daño causado una vez puesto en libertad. Artículo transitorio 26. Exclusión de la acción de repetición y llamamiento en garantía para miembros de la Fuerza Pública. En el caso de miembros de la Fuerza Pública que hayan cometido conductas punibles por causa, con ocasión o en relación directa o indirecta con el conflicto armado interno, no procederá la acción de repetición y el llamamiento en garantía establecidos en el",2,https://www.alcaldiabogota.gov.co/sisjur/normas/Norma1.jsp?i=4125
Constitución Política,345,"ARTICULO 345. En tiempo de paz no se podrá percibir contribución o impuesto que no figure en el presupuesto de rentas, ni hacer erogación con cargo al Tesoro que no se halle incluida en el de gastos. Tampoco podrá hacerse ningún gasto público que no haya sido decretado por el Congreso, por las asambleas departamentales, o por los concejos distritales o municipales, ni transferir crédito alguno a objeto no previsto en el respectivo presupuesto.",1,https://www.alcaldiabogota.gov.co/sisjur/normas/Norma1.jsp?i=4125
Constitución Política,43,"ARTÍCULO 43. La mujer y el hombre tienen iguales derechos y oportunidades. La mujer no podrá ser sometida a ninguna clase de discriminación. Durante el embarazo y después del parto gozará de especial asistencia y protección del Estado, y recibirá de éste subsidio alimentario si entonces estuviere desempleada o desamparada. El Estado apoyará de manera especial a la mujer cabeza de familia. Ver Ley 581 de 2000",2,https://www.alcaldiabogota.gov.co/sisjur/normas/Norma1.jsp?i=4125
Constitución Política,47,"ARTÍCULO 47. El Estado adelantará una política de previsión, rehabilitación e integración social para los disminuidos físicos, sensoriales y psíquicos, a quienes se prestará la atención especializada que requieran.",1,https://www.alcaldiabogota.gov.co/sisjur/normas/Norma1.jsp?i=4125
Constitución Política,48,"ARTÍCULO 48. La Seguridad Social es un servicio público de carácter obligatorio que se prestará bajo la dirección, coordinación y control del Estado, en sujeción a los principios de eficiencia, universalidad y solidaridad, en los términos que establezca la Ley. Se garantiza a todos los habitantes el derecho irrenunciable a la Seguridad Social. El Estado, con la participación de los particulares, ampliará progresivamente la cobertura de la Seguridad Social que comprenderá la prestación de los servicios en la forma que determine la Ley. La Seguridad Social podrá ser prestada por entidades públicas o privadas, de conformidad con la ley. No se podrán destinar ni utilizar los recursos de las instituciones de la Seguridad Social para fines diferentes a ella. La ley definirá los medios para que los recursos destinados a pensiones mantengan su poder adquisitivo constante. Adicionado hasta el Parágrafo transitorio 6° por el Acto Legislativo 01 de 2005 <El texto adicionado es el siguiente> El Estado garantizará los derechos, la sostenibilidad financiera del Sistema Pensional, respetará los derechos adquiridos con arreglo a la ley y asumirá el pago de la deuda pensional que de acuerdo con la ley esté a su cargo. Las leyes en materia pensional que se expidan con posterioridad a la entrada en vigencia de este acto legislativo, deberán asegurar la sostenibilidad financiera de lo establecido en ellas. Sin perjuicio de los descuentos, deducciones y embargos a pensiones ordenados de acuerdo con la ley, por ningún motivo podrá dejarse de pagar, congelarse o reducirse el valor de la mesada de las pensiones reconocidas conforme a derecho. Para adquirir el derecho a la pensión será necesario cumplir con la edad, el tiempo de servicio, las semanas de cotización o el capital necesario, así como las demás condiciones que señala la ley, sin perjuicio de lo dispuesto para las pensiones de invalidez y sobrevivencia. Los requisitos y beneficios para adquirir el derecho a una pensión de invalidez o de sobrevivencia serán los establecidos por las leyes del Sistema General de Pensiones. En materia pensional se respetarán todos los derechos adquiridos. Los requisitos y beneficios pensionales para todas las personas, incluidos los de pensión de vejez por actividades de alto riesgo, serán los establecidos en las leyes del Sistema General de Pensiones. No podrá dictarse disposición o invocarse acuerdo alguno para apartarse de lo allí establecido. Para la liquidación de las pensiones sólo se tendrán en cuenta los factores sobre los cuales cada persona hubiere efectuado las cotizaciones. Ninguna pensión podrá ser inferior al salario mínimo legal mensual vigente. Sin embargo, la ley podrá determinar los casos en que se puedan conceder beneficios económicos periódicos inferiores al salario mínimo, a personas de escasos recursos que no cumplan con las condiciones requeridas para tener derecho a una pensión. A partir de la vigencia del presente Acto Legislativo, no habrá regímenes especiales ni exceptuados, sin perjuicio del aplicable a la fuerza pública, al Presidente de la República y a lo establecido en los parágrafos del presente artículo. Las personas cuyo derecho a la pensión se cause a partir de la vigencia del presente Acto Legislativo no podrán recibir más de trece (13) mesadas pensionales al año. Se entiende que la pensión se causa cuando se cumplen todos los requisitos para acceder a ella, aún cuando no se hubiese efectuado el reconocimiento"". La ley establecerá un procedimiento breve para la revisión de las pensiones reconocidas con abuso del derecho o sin el cumplimiento de los requisitos establecidos en la ley o en las convenciones y laudos arbitrales válidamente celebrados. Parágrafo 1º. A partir del 31 de julio de 2010, no podrán causarse pensiones superiores a veinticinco (25) salarios mínimos legales mensuales vigentes, con cargo a recursos de naturaleza pública. Parágrafo 2º. A partir de la vigencia del presente Acto Legislativo no podrán establecerse en pactos, convenciones colectivas de trabajo, laudos o acto jurídico alguno, condiciones pensionales diferentes a las establecidas en las leyes del Sistema General de Pensiones. Parágrafo 3. Adicionado por el art. 1, Acto Legislativo 001 de 2024. <El texto adicionado es el siguiente> Los miembros de la Fuerza Pública que se encuentren o llegaren a estar en goce de asignación de retiro, goce de pensión o sus beneficiarios, tienen derecho a recibir la mesada catorce. Parágrafo transitorio 1º. El régimen pensional de los docentes nacionales, nacionalizados y territoriales, vinculados al servicio público educativo oficial es el establecido para el Magisterio en las disposiciones legales vigentes con anterioridad a la entrada en vigencia de la Ley 812 de 2003, y lo preceptuado en el",2,https://www.alcaldiabogota.gov.co/sisjur/normas/Norma1.jsp?i=4125
Constitución Política,50,"ARTÍCULO 50. Todo niño menor de un año que no esté cubierto por algún tipo de protección o de seguridad social, tendrá derecho a recibir atención gratuita en todas las instituciones de salud que reciban aportes del Estado. La ley reglamentará la materia.",1,https://www.alcaldiabogota.gov.co/sisjur/normas/Norma1.jsp?i=4125
Constitución Política,53,"ARTÍCULO 53. El Congreso expedirá el estatuto del trabajo. La ley correspondiente tendrá en cuenta por lo menos los siguientes principios mínimos fundamentales: Igualdad de oportunidades para los trabajadores; remuneración mínima vital y móvil, proporcional a la cantidad y calidad de trabajo; estabilidad en el empleo; irrenunciabilidad a los beneficios mínimos establecidos en normas laborales; facultades para transigir y conciliar sobre derechos inciertos y discutibles; situación más favorable al trabajador en caso de duda en la aplicación e interpretación de las fuentes formales de derecho; primacía de la realidad sobre formalidades establecidas por los sujetos de las relaciones laborales; garantía a la seguridad social, la capacitación, el adiestramiento y el descanso necesario; protección especial a la mujer, a la maternidad y al trabajador menor de edad. El estado garantiza el derecho al pago oportuno y al reajuste periódico de las pensiones legales. Los convenios internacionales del trabajo debidamente ratificados, hacen parte de la legislación interna. La ley, los contratos, los acuerdos y convenios de trabajo, no pueden menoscabar la libertad, la dignidad humana ni los derechos de los trabajadores.",3,https://www.alcaldiabogota.gov.co/sisjur/normas/Norma1.jsp?i=4125
Constitución Política,54,ARTÍCULO 54. Es obligación del Estado y de los empleadores ofrecer formación y habilitación profesional y técnica a quienes lo requieran. El Estado debe propiciar la ubicación laboral de las personas en edad de trabajar y garantizar a los minusválidos el derecho a un trabajo acorde con sus condiciones de salud.,1,https://www.alcaldiabogota.gov.co/sisjur/normas/Norma1.jsp?i=4125
Constitución Política,77,"ARTÍCULO 77. La dirección de la política que en materia de televisión determine la Ley sin menoscabo de las libertades consagradas en esta Constitución, estará a cargo del organismo mencionado. La televisión será regulada por una entidad autónoma del orden nacional, sujeta a un régimen propio. La dirección y ejecución de las funciones de la entidad estarán a cargo de una Junta Directiva integrada por cinco (5) miembros, la cual nombrará al Director. Los miembros de la Junta tendrán período fijo. El Gobierno Nacional designará dos de ellos. Otro será escogido entre los representantes legales de los canales regionales de televisión. La Ley dispondrá lo relativo al nombramiento de los demás miembros y regulará la organización y funcionamiento de la Entidad. PARÁGRAFO. Se garantizarán y respetarán la estabilidad y los derechos de los trabajadores de Inravisión. Artículo transitorio. Adicionado por el art. 3°, Acto Legislativo 02 de 2011 <El texto adicionado es el siguiente> Dentro de los seis meses siguientes a la entrada de vigencia del presente acto legislativo, el Congreso expedirá las normas mediante las cuales se defina la distribución de competencias entre las entidades del Estado que tendrán a su cargo la formulación de planes, la regulación, la dirección, la gestión y el control de los servicios de televisión. Mientras se dicten las leyes correspondientes, la Comisión Nacional de Televisión continuará ejerciendo las funciones que le han sido atribuidas por la legislación vigente. CAPÍTULO 3 DE LOS DERECHOS COLECTIVOS Y DEL AMBIENTE",1,https://www.alcaldiabogota.gov.co/sisjur/normas/Norma1.jsp?i=4125
Constitución Política,86,"ARTÍCULO 86. Toda persona tendrá acción de tutela para reclamar ante los jueces, en todo momento y lugar, mediante un procedimiento preferente y sumario, por sí misma o por quien actúe a su nombre, la protección inmediata de sus derechos constitucionales fundamentales, cuando quiera que éstos resulten vulnerados o amenazados por la acción o la omisión de cualquier autoridad pública. Ver el Fallo del Consejo de Estado 057 de 2011 La protección consistirá en una orden para que aquel respecto de quien se solicita la tutela, actúe o se abstenga de hacerlo. El fallo, que será de inmediato cumplimiento, podrá impugnarse ante el juez competente y, en todo caso, éste lo remitirá a la Corte Constitucional para su eventual revisión. Esta acción solo procederá cuando el afectado no disponga de otro medio de defensa judicial, salvo que aquella se utilice como mecanismo transitorio para evitar un perjuicio irremediable. En ningún caso podrán transcurrir más de diez días entre la solicitud de tutela y su resolución. La ley establecerá los casos en los que la acción de tutela procede contra particulares encargados de la prestación de un servicio público o cuya conducta afecte grave y directamente el interés colectivo, o respecto de quienes el solicitante se halle en estado de subordinación o indefensión.",1,https://www.alcaldiabogota.gov.co/sisjur/normas/Norma1.jsp?i=4125
Código Civil,90,"ARTICULO 90. EXISTENCIA LEGAL DE LAS PERSONAS . La existencia legal de toda persona principia al nacer , esto es, al separarse completamente de su madre. NOTA: El texto subrayado fue declarado EXEQUIBLE por la Corte constitucional mediante Sentencia C-327 de 2016. La criatura que muere en el vientre materno, o que perece antes de estar completamente separada de su madre, o que no haya sobrevivido a la separación un momento siquiera, se reputará no haber existido jamás.",1,https://www.alcaldiabogota.gov.co/sisjur/normas/Norma1.jsp?i=39535
Decreto 1045 de 1978,18,"ARTÍCULO 18. Del pago de las vacaciones que se disfruten . El valor correspondiente a las vacaciones que se disfruten será pagado, en su cuantía total, por lo menos con cinco (5) días de antelación a la fecha señalada para iniciar el goce del descanso remunerado. (Ver Decreto 1848 de 1969, art. 48 )",1,https://www.funcionpublica.gov.co/eva/gestornormativo/norma.php?i=1466
Decreto 1045 de 1978,8,"ARTÍCULO 8. De las vacaciones . Los empleados públicos y trabajadores oficiales tienen derecho a quince (15) días hábiles de vacaciones por cada año de servicios, salvo lo que se disponga en normas o estipulaciones especiales. En los organismos cuya jornada semanal se desarrolle entre lunes y viernes, el sábado no se computará como día hábil para efecto de vacaciones. (Ver Decreto 3135 de 1968. art. 8 ) (Ver Concepto del Consejo de Estado - Sala de Consulta y Servicio Civil No. 1848 de 2007) (Ver Decreto 1083 de 2015, art. 2.2.31.4 ) (Ver Decreto 1083 de 2015, art. 2.2.5.5.50 ) (Ver Guía de Administración Pública - ABC de situaciones administrativas )",1,https://www.funcionpublica.gov.co/eva/gestornormativo/norma.php?i=1466
Decreto 1543 de 1997,35,"ARTÍCULO 35 º. - Situación Laboral. Los servidores públicos y trabajadores privados no están obligados a informar a sus empleadores su condición de infectados por el Virus de Inmunodeficiencia Humana (VIH). En todo caso se garantizarán los derechos de los trabajadores de acuerdo con las disposiciones legales de carácter laboral correspondientes. PARÁGRAFO PRIMERO.- Quienes decidan voluntariamente comunicar su estado de infección a su empleador, éste deberá brindar las oportunidades y garantías laborales de acuerdo a su capacidad para reubicarles en caso de ser necesario, conservando su condición laboral. PARÁGRAFO SEGUNDO.- El hecho de que una persona esté infectada con el Virus de Inmunodeficiencia Humana (VIH) o haya desarrollado alguna enfermedad asociada al Síndrome de Inmunodeficiencia Adquirida (SIDA), no será causal de despido sin perjuicio de que conforme al vínculo laboral, se apliquen las disposiciones respectivas relacionadas al reconocimiento de la pensión de invalidez por pérdida de la capacidad laboral.",1,https://www.funcionpublica.gov.co/eva/gestornormativo/norma.php?i=75981
Decreto 2025 de 2011,1,Artículo 1°. Para los efectos de los incisos 1° y 3° del,1,https://www.funcionpublica.gov.co/eva/gestornormativo/norma.php?i=43032
Decreto 2127 de 1945,2,"ARTICULO 2o. En consecuencia para que haya contrato de trabajo se requiere que concurran estos tres elementos: a. La actividad personal del trabajador, es decir, realizada por sí mismo; b. La dependencia del trabajador respecto del patrono, que otorga a éste la facultad de imponerle un reglamento, darle órdenes y vigilar su cumplimiento, la cual debe ser prolongada, y no instantánea ni simplemente ocasional, c. El salario como retribución del servicio.",1,https://www.alcaldiabogota.gov.co/sisjur/normas/Norma1.jsp?i=14906
Decreto 2127 de 1945,20,ARTICULO 20. El contrato de trabajos e presume entre quien presta cualquier servicio personal y quien lo recibe o aprovecha; corresponde a este último destruir la presunción.,1,https://www.alcaldiabogota.gov.co/sisjur/normas/Norma1.jsp?i=14906
Decreto 2127 de 1945,40,"ARTICULO 40. El contrato celebrado por tiempo indefinido o sin fijación de término alguno, se entenderá pactado por seis meses, a menos que se trate de contrato de aprendizaje o a prueba, cuya duración se rige por normas especiales.",1,https://www.alcaldiabogota.gov.co/sisjur/normas/Norma1.jsp?i=14906
Decreto 2127 de 1945,43,"ARTICULO 43. El contrato celebrado por tiempo indefinido o sin fijación de término alguno, salvo estipulación en contrario, se entenderá prorrogado en las mismas condicione, por períodos iguales, es decir, de seis en seis meses, por el solo hecho de continuar el trabajador prestando sus servicios al patrono, con su consentimiento, expreso o tácito, después de la expiración del plazo presuntivo. La prórroga a plazo fijo del contrato celebrado por tiempo de terminado deberá constar por escrito; pero si extinguido el plazo inicialmente estipulado, el trabajador continuare prestando sus servicios al patrono, con su consentimiento, expreso o tácito, el contrato vencido se considerará, por ese solo hecho, prorrogado por tiempo indefinido, es decir, por períodos de seis meses.",1,https://www.alcaldiabogota.gov.co/sisjur/normas/Norma1.jsp?i=14906
Decreto 2127 de 1945,47,"ARTICULO 47. El contrato de trabajo termina: a. Por expiración del plazo pactado o presuntivo; b. Por la realización de la obra contratada, aunque el plazo estipulado fuere mayor. c. Por la ejecución del trabajo accidental, ocasional o transitorio; d. Por mutuo consentimiento; e. Por muerte del asalariado; f. Por liquidación definitiva de la empresa, o por clausura o suspensión total o parcial de sus actividades durante más de ciento veinte días, por razones técnicas o económicas, siempre que se haya dado el aviso de que trata el ordinal 3o. del artículo 44 , o que se haya pagado un mes de salarios y sin perjuicio de los derechos emanados de contratos a término fijo. g. Por decisión unilateral, en los casos previstos en los artículos 16 , 48 , 49 y 50 h. Por sentencia de autoridad competente.",1,https://www.alcaldiabogota.gov.co/sisjur/normas/Norma1.jsp?i=14906
Decreto 2177 de 1989,11,"Artículo 11 Entiéndese por rehabilitación profesional o readaptación laboral, el proceso continuo y coordinado que prepara a la persona inválida para que alcance una mayor independencia, autonomía e integración a la actividad laboral social, e igualdad de condiciones y con los mismos derechos y responsabilidades, a través de las etapas de: evaluación, orientación, adaptación, formación y ubicación laboral.",1,https://www.funcionpublica.gov.co/eva/gestornormativo/norma.php?i=10813
Decreto 2177 de 1989,16,"Artículo 16 .Todos los patronos públicos o privados están obligados a reincorporar a los trabajadores inválidos, en los cargos que desempeñaban antes de producirse la invalidez si recupera su capacidad de trabajo, en términos del Código Sustantivo del Trabajo. La existencia de una incapacidad permanente parcial no será obstáculo para la reincorporación, si los dictámenes médicos determinan que el trabajador puede continuar desempeñándolo.",1,https://www.funcionpublica.gov.co/eva/gestornormativo/norma.php?i=10813
Decreto 2177 de 1989,17,"Artículo 17 . A los trabajadores de los sectores públicos y privado que, según concepto de la seguridad competente de salud ocupacional o quien haga las veces en la respectiva entidad de seguridad o previsión social o medicina del trabajo, en caso de no existir afiliación a dichas instituciones, se encuentren en estado de invalidez física, sensorial o mental, para desempeñar las funciones propias del empleo de que sean titulares del empleo y la incapacidad no origine el reconocimiento de pensión de invalidez, se les deberán asignar funciones acordes con el tipo de limitación o trasladarlos a cargos que tengan la misma remuneración, siempre y cuando la incapacidad no impida el cumplimiento de las nuevas funciones ni impliquen riesgo para su integridad. CAPITULO V ESTIMULOS ESPECIALES A LOS PATRONOS QUE CONTRATEN TRABAJADORES INVALIDOS.",1,https://www.funcionpublica.gov.co/eva/gestornormativo/norma.php?i=10813
Decreto 2177 de 1989,27,"Artículo 27 . El incumplimiento al presente Decreto, dará lugar a la aplicación de las sanciones que prescribe la Ley. Corresponde al Ministerio de Trabajo y Seguridad Social vigilar y controlar el cumplimiento de las disposiciones contenidas en este Decreto, directamente o a través de las dependencias nacionales, regionales, inspecciones del trabajo y especialmente de aquellas encargadas de la inspección y vigilancia.",1,https://www.funcionpublica.gov.co/eva/gestornormativo/norma.php?i=10813
Decreto 2351 de 1965,10,"ARTÍCULO 10 . Procedimiento para sanciones. Antes de aplicarse una sanción disciplinaria al patrono, debe dar oportunidad de ser oídos tanto el trabajador inculpado como a dos (2) representantes del sindicato a que éste pertenezca. No producirá efecto alguno la sanción disciplinaria que se imponga pretermitiendo este trámite.",1,https://www.funcionpublica.gov.co/eva/gestornormativo/norma.php?i=83596
Decreto 2351 de 1965,3,"ARTÍCULO 3 . Contratistas independientes. 1. Son contratistas independientes y, por tanto, verdaderos patronos y no representantes ni intermediarios las personas naturales o jurídicas que contraten la ejecución de una o varias obras o la prestación de servicios en beneficio de terceros, por un precio determinado, asumiendo todos los riesgos, para realizarlos con sus propios medios y con libertad y autonomía técnica y directiva. Pero el beneficiario del trabajo o dueño de la obra, a menos que se trate de labores extrañas a las actividades normales de su empresa o negocio, será solidariamente responsable con el contratista por el valor de los salarios y de las prestaciones e indemnizaciones a que tengan derecho los trabajadores, solidaridad que no obsta para que el beneficiario estipule con el contratista las garantías del caso o para que repita contra él lo pagado a esos trabajadores. 2. El beneficiario del trabajo o dueño de la obra, también será solidariamente responsable, en las condiciones fijadas en el inciso anterior, de las obligaciones de los subcontratistas frente a sus trabajadores, aun en el caso de que los contratistas no estén autorizados para contratar los servicios de subcontratistas.",1,https://www.funcionpublica.gov.co/eva/gestornormativo/norma.php?i=83596
Decreto 2351 de 1965,6,"ARTÍCULO 6. Terminación del contrato. El contrato de trabajo termina: a) Por muerte del trabajador; b) Por mutuo consentimiento; c) Por expiración del plazo fijo pactado; d) Por terminación de la obra o labor contratada: e) Por liquidación o clausura definitiva de la empresa o establecimiento; f) Por suspensión de actividades por parte del patrono durante más de ciento veinte (120) días; g) Por sentencia ejecutoriada; h) Por decisión unilateral en los casos, de los artículos 7° y 3 de este Decreto; i) Por no regresar el trabajador a su empleo, al desaparecer la causa de la suspensión del contrato. 2. En los casos contemplados en los literales e) y f) de este artículo, el patrono debe notificar al trabajador la fecha precisa de la suspensión de actividades o de la liquidación definitiva de la empresa.",1,https://www.funcionpublica.gov.co/eva/gestornormativo/norma.php?i=83596
Decreto 2351 de 1965,7,"ARTÍCULO 7. Terminación del contrato por justa causa. Son justas causas para dar por terminación unilateralmente el contrato de trabajo: A) Por parte del patrono: 1. El haber sufrido engaño por parte del trabajador, mediante la presentación de certificados falsos para su admisión o tendientes a obtener un provecho indebido. 2. Todo acto de violencia, injuria, malos tratamientos o grave indisciplina en que incurra el trabajador en sus labores, contra el patrono, los miembros de su familia, el personal directivo o los compañeros de trabajo. 3. Todo acto grave de violencia, injuria o malos tratamientos en que incurra el trabajador fuera del servicio, en contra del patrono, de los miembros de su familia o de sus representantes, y socios, jefes de taller, vigilantes o celadores. 4. Todo daño material causado intencionalmente a los edificios, obras, maquinarias y materias primas, instrumentos y demás objetos relacionados con el trabajo, y toda grave negligencia que ponga en peligro la seguridad de las personas o de las cosas. 5. Todo acto inmoral o delictuoso que el trabajador cometa en el taller, establecimiento o lugar del trabajo, o en el desempeño de sus labores. 6. Cualquier violación grave de las obligaciones o prohibiciones especiales que incumben al trabajador, de acuerdo con los artículos 58 y 60 del Código Sustantivo del Trabajo, o cualquier falta grave calificada como tal en pactos o convenciones colectivas, fallos arbitrales, contratos individuales o reglamentos. 7. La detención preventiva del trabajador por más de treinta (30) días, a menos que posteriormente sea absuelto; o el arresto correccional que exceda de ocho (8) días, o aun por un tiempo menor, cuando la causa de la sanción sea suficiente por sí misma para justificar la extinción del contrato. 8. El que el trabajador revele los secretos técnicos o comerciales o dé a conocer asuntos de carácter reservado, con perjuicio de la empresa. 9. El deficiente rendimiento en el trabajo en relación con la capacidad del trabajador y con el rendimiento promedio en labores análogas, cuando no se corrija en un plazo razonable a pesar del requerimiento del patrono. 10. La sistemática inejecución, sin razones válidas, por parte del trabajador, de las obligaciones convencionales o legales. 11. Todo vicio del trabajador que perturbe la disciplina del establecimiento. 12. La renuncia sistemática del trabajador a aceptar las medidas preventivas, profilácticas o curativas, prescritas por el médico del patrono o por las autoridades para evitar enfermedades o accidentes. 13. La ineptitud del trabajador para realizar la labor encomendada. 14. El reconocimiento al trabajador de la pensión de jubilación o invalidez estando al servicio de la empresa. 15. La enfermedad contagiosa o crónica del trabajador, que no tenga carácter de profesional, así como cualquiera otra enfermedad o lesión que lo incapacite para el trabajo, cuya curación no haya sido posible durante ciento ochenta días. El despido por esta causa no podrá efectuarse sino al vencimiento de dicho lapso y no exime al patrono de las prestaciones e indemnizaciones legales y convencionales derivadas de la enfermedad. En los casos de los numerales 9 a 15 de este artículo, para la terminación del contrato, el patrono deberá dar aviso al trabajador con anticipación no menor de quince (15) días. B) Por parte del trabajador: 1. El haber sufrido engaño por parte del patrono, respecto de las condiciones de trabajo. 2. Todo acto de violencia, malos tratamientos o amenazas graves inferidas por el patrono contra el trabajador o los miembros de su familia, dentro o fuera del servicio, o inferidas dentro del servicio por los parientes, representantes o dependientes del patrono con el consentimiento o la tolerancia de éste. 3. Cualquier acto del patrono o de sus representantes que induzca al trabajador a cometer un acto ilícito o contrario a sus convicciones políticas o religiosas. 4. Todas las circunstancias que el trabajador no pueda prever al celebrar el contrato, y que pongan en peligro su seguridad o su salud, y que el patrono no se allane a modificar. 5. Todo perjuicio causado maliciosamente por el patrono al trabajador en la prestación del servicio. 6. El incumplimiento sistemático sin razones válidas por parte del patrono, de sus obligaciones convencionales o legales. 7. La exigencia del patrono, sin razones válidas, de la prestación de un servicio distinto, o en lugares diversos de aquel para el cual se le contrató, y 8. Cualquier violación grave de las obligaciones o prohibiciones que incumben al patrono, de acuerdo con los artículos 57 y 59 del Código Sustantivo del Trabajo, o cualquier falta grave calificada como tal en pactos o convenciones colectivas, fallos arbitrales, contratos individuales o reglamentos. PARÁGRAFO . La parte que termina unilateralmente el contrato de trabajo debe manifestar a la otra, en el momento de la extinción, la causal o motivo de esa determinación. Posteriormente no pueden alegarse válidamente causales o motivos distintos. ARTÍCULO. 8. Terminación unilateral del contrato sin justa causa. 1. En todo contrato de trabajo va envuelta la condición resolutoria por incumplimiento de lo pactado, con indemnización de perjuicios a cargo de la parte responsable. Esta indemnización comprende el lucro cesante y el daño emergente. 2. En caso de terminación unilateral del contrato de trabajo sin justa causa comprobada, por parte del patrono, o si éste da lugar a la terminación unilateral por parte del trabajador por alguna de las justas causas contempladas en la ley, el primero deberá al segundo por concepto de indemnización: 3. En los contratos a término fijo, el valor de los salarios correspondientes al tiempo que faltare para cumplir el plazo estipulado del contrato; o el del lapso determinado por la duración de la obra o la labor contratada, caso en el cual la indemnización no será inferior a quince (15) días. 4. En los contratos a término indefinido, la indemnización se pagará así: a) Cuarenta y cinco (45) días de salario cuando el trabajador tuviere un tiempo de servicio no mayor de un año, cualquiera que sea el capital de la empresa; b) Si el trabajador tuviere más de un (1) año de servicio continuo y menos de cinco (5), se le pagarán quince (15) días adicionales de salario sobre los cuarenta y cinco (45) básicos del literal a), por cada uno de los años de servicio subsiguientes, y proporcionalmente por fracción; c) Si el trabajador tuviere cinco (5) años o más de servicio continuo y menos de diez (10), se le pagarán veinte ,20) días adicionales de salario sobre los cuarenta y cinco (45) básicos del literal a), por cada uno de los años de servicio subsiguientes al primero, y proporcionalmente por fracción; d) Si el trabajador tuviere diez (10) años o más de servicio continuo, se le pagarán treinta (30) días adicionales de salario sobre los cuarenta y cinco (45) básicos del literal a) por cada uno de los años de servicio subsiguientes al primero, y proporcionalmente por fracción. 5. Con todo, cuando el trabajador hubiere cumplido diez (10) años continuos de servicios y fuere despedido sin justa causa, el Juez del Trabajo podrá, mediante demanda del trabajador, ordenar el reintegro de éste en las mismas condiciones de empleo de que antes gozaba y el pago de los salarios dejados de percibir, o la indemnización en dinero prevista en el numeral 4, literal d) de este artículo. Para decidir entre el reintegro o la indemnización, el Juez deberá estimar y tomar en cuenta las circunstancias que aparezcan en el juicio, y si de esa apreciación resulta que el reintegro no fuere aconsejable en razón de las incompatibilidades creadas por el despido, podrá ordenar, en su lugar, el pago de la indemnización. En las empresas de capital inferior a un millón ochocientos mil pesos $ 1.800.000), las indemnizaciones adicionales establecidas en los literales b), c) y d) serán de un cincuenta por ciento (50%), y en las de capital de un millón ochocientos mil pesos ($ 1.800.000) hasta tres millones quinientos mil pesos ($ 3.500.000), dichas indemnizaciones serán de un setenta y cinco por ciento (75%) 7. Si es el trabajador quien da por terminado intempestivamente el contrato, sin justa causa comprobada, deberá pagar al patrono una indemnización equivalente a treinta (30) días de salario. El patrono depositará ante el Juez el monto de esta indemnización, descontándolo de lo que le adeude al trabajador por prestaciones sociales mientras la justicia decide. 8. No habrá lugar a las indemnizaciones previstas en este artículo, si las partes acuerdan restablecer el contrato de trabajo en los mismos términos y condiciones que lo regían en la fecha de su ruptura.",1,https://www.funcionpublica.gov.co/eva/gestornormativo/norma.php?i=83596
Decreto 2463 de 2001,10,"ARTICULO 10.-Remisión de documentos e historia clínica . Las instituciones prestadoras de servicios de salud, las entidades promotoras de salud y/o las administradoras de riesgos profesionales, deberán remitir los documentos soporte de la calificación, incluida la autorización del trabajador para anexar copia de la historia clínica y en general adelantar los trámites necesarios para facilitar la calificación y el reembolso de las cuentas. En todo caso, se debe conservar la confidencialidad de la historia clínica, la cual sólo podrá ser revisada y estudiada por los profesionales que las entidades involucradas en la calificación designen para el efecto. PARAGRAFO 1º- Es obligación de los empleadores suministrar la información requerida para la calificación, tanto por solicitud de las entidades administradoras competentes, como aquellas que puedan ser requeridas por las juntas de calificación de invalidez. PARAGRAFO 2º- Las instituciones prestadoras de servicios de salud y entidades promotoras de salud no estarán obligadas a realizar mediciones ambientales, análisis de puestos de trabajo o procedimientos de valoración en las empresas, para los efectos relacionados con la determinación del origen del accidente de trabajo o de la enfermedad profesional; dicha obligación estará a cargo del empleador y en su defecto, de la entidad administradora de riesgos profesionales. CAPÍTULO II Organización y funcionamiento de las juntas de calificación de invalidez ARTTICULO 11.- Naturaleza jurídica de las juntas de calificación de invalidez. Las juntas de calificación de invalidez son organismos de creación legal, autónomos, sin ánimo de lucro, de carácter privado, sin personería jurídica, cuyas decisiones son de carácter obligatorio. Sus integrantes son designados por el Ministerio de Trabajo y Seguridad Social, de conformidad con lo señalado en el",1,https://www.funcionpublica.gov.co/eva/gestornormativo/norma.php?i=6273
Decreto 2463 de 2001,7,ARTICULO 7º-Grado de severidad de la limitación. En los términos del,1,https://www.funcionpublica.gov.co/eva/gestornormativo/norma.php?i=6273
Decreto 2591 de 1991,25,"ARTICULO 25.- Indemnizaciones y costas. Cuando el afectado no disponga de otro medio judicial, y la violación del derecho sea manifiesta y consecuencia de una acción clara e indiscutiblemente arbitraria, además de lo dispuesto en los dos artículos anteriores, en el fallo que conceda la tutela el juez, de oficio, tiene la potestad de ordenar en abstracto la indemnización del daño emergente causado si ello fuere necesario para asegurar el goce efectivo del derecho así como el pago de las costas del proceso. La liquidación del mismo y de los demás perjuicios se hará ante la jurisdicción de lo contencioso administrativo o ante el juez competente, por el trámite incidental, dentro de los seis meses siguientes, para lo cual el juez que hubiere conocido de la tutela remitirá inmediatamente copia de toda la actuación. La condena será contra la entidad de que dependa el demandado y solidariamente contra éste, si se considerará que ha mediado dolo o culpa grave de su parte, todo ello sin perjuicio de las demás responsabilidades administrativas, civiles o penales en que haya incurrido. Si la tutela fuere rechazada o denegada por el juez, éste condenará al solicitante al pago de las costas cuando estimare fundadamente que incurrió en temeridad. Declarado EXEQUIBLE mediante Sentencia de la Corte Constitucional C-543 de 1992",1,https://www.funcionpublica.gov.co/eva/gestornormativo/norma.php?i=5304
Decreto 2591 de 1991,42,"ARTICULO 42.- Procedencia. La acción de tutela procederá contra acciones u omisiones de particulares en los siguientes casos: 1. Cuando contra quien se hubiere hecho la solicitud este encargado de la prestación del servicio público de educación para proteger los derechos consagrados en los artículos 13, 15, 16, 19, 20, 23, 27, 29, 37 y 38 de la Constitución. Ver Sentencia Corte Constitucional 080 de 2000 2. Cuando contra quien se hubiere hecho la solicitud este encargado de la prestación del servicio público de salud para proteger los derechos a la vida, a la intimidad, a la igualdad y a la autonomía. 3. Cuando aquél contra quien se hubiere hecho la solicitud este encargado de la prestación de servicios públicos domiciliarios . Expresión subrayada declarada INEXEQUIBLE por la Corte Constitucional, mediante Sentencia C-378 de 2010 4. Cuando la solicitud fuere dirigida contra una organización privada, contra quien la controle efectivamente o fuere el beneficiario real de la situación que motivo la acción, siempre y cuando el solicitante tenga una relación de subordinación o indefensión con tal organización. 5. Cuando contra quien se hubiere hecho la solicitud viole o amenace el",3,https://www.funcionpublica.gov.co/eva/gestornormativo/norma.php?i=5304
Decreto 2591 de 1991,6,"ARTICULO 6- Causales de improcedencia de la tutela. La acción de tutela no procederá: 1. Cuando existan otros recursos o medios de defensa judiciales, salvo que aquélla se utilice como mecanismo transitorio para evitar un perjuicio irremediable. La existencia de dichos medios será apreciada en concreto, en cuanto a su eficacia, atendiendo las circunstancias en que se encuentra el solicitante. Se entiende por irremediable el perjuicio que sólo pueda ser reparado en su integridad mediante una indemnización . Texto subrayado declarado INEXEQUIBLE mediante Sentencia de la Corte Constitucional C-531 de 1993 ; Ver Sentencia del Tribunal Superior de Bogotá, 712 de 2001 2. Cuando para proteger el derecho se pueda invocar el recurso de hábeas corpus. 3. Cuando se pretenda proteger derechos colectivos, tales como la paz y los demás mencionados en el",1,https://www.funcionpublica.gov.co/eva/gestornormativo/norma.php?i=5304
Decreto 3135 de 1968,5,"ARTÍCULO 5. Empleados Públicos y Trabajadores Oficiales. Las personas que prestan sus servicios en los Ministerios; Departamentos Administrativos, Superintendencias y Establecimientos Públicos son empleados públicos; sin embargo, los trabajadores de la construcción y sostenimiento de obras públicas son trabajadores oficiales. En los estatutos de los Establecimientos Públicos se precisará qué actividades pueden ser desempeñadas por personas vinculadas mediante contrato de trabajo. Nota: (Texto subrayado declarado INEXEQUIBLE mediante Sentencia C-484 de 1995, Corte Constitucional Las personas que prestan sus servicios en las Empresas Industriales y Comerciales del Estado son trabajadores oficiales; sin embargo, los estatutos de dichas empresas precisarán qué actividades de dirección o confianza deban ser desempeñadas por personas que tengan la calidad de empleados públicos. Subrayado declarado exequible (Ver Sentencia C-484 de 1995, Corte Constitucional) (Ver Sentencia C-579 de 1996, Corte Constitucional) (Ver: Artículos 1 y ss. Decreto Nacional 1848 de 1969) (Ver Sentencia C-283 de 2002, Corte Constitucional)",1,https://www.funcionpublica.gov.co/eva/gestornormativo/norma.php?i=1567
Decreto 3135 de 1968,8,"ARTÍCULO 8. Vacaciones. Los empleados públicos o trabajadores oficiales tienen derecho a quince (15) días hábiles de vacaciones, por cada año de servicio, salvo lo que se disponga por los reglamentos especiales para empleados que desarrollan actividades especialmente insalubres o peligrosos. Las vacaciones de los funcionarios de la Rama Jurisdiccional, del Ministerio Público y del ramo docente se rigen por normas especiales. (Ver:",1,https://www.funcionpublica.gov.co/eva/gestornormativo/norma.php?i=1567
Decreto 4369 de 2006,6,"artículo 6° del Código Sustantivo del Trabajo. 2. Cuando se requiere reemplazar personal en vacaciones, en uso de licencia, en incapacidad por enfermedad o maternidad. 3. Para atender incrementos en la producción, el transporte, las ventas de productos o mercancías, los períodos estacionales de cosechas y en la prestación de servicios, por un término de seis (6) meses prorrogable hasta por seis (6) meses más. Parágrafo. Si cumplido el plazo de seis (6) meses más la prórroga a que se refiere el presente artículo, la causa originaria del servicio específico objeto del contrato subsiste en la empresa usuaria, esta no podrá prorrogar el contrato ni celebrar uno nuevo con la misma o con diferente Empresa de Servicios Temporales, para la prestación de dicho servicio. CAPITULO II Autorización de funcionamiento",1,https://www.funcionpublica.gov.co/eva/gestornormativo/norma.php?i=22390
Decreto 4588 de 2006,17,"Artículo 17. Prohibición para actuar como intermediario o empresa de servicios temporales. Las Cooperativas y Precooperativas de Trabajo Asociado no podrán actuar como empresas de intermediación laboral, ni disponer del trabajo de los asociados para suministrar mano de obra temporal a usuarios o a terceros beneficiarios, o remitirlos como trabajadores en misión con el fin de que estos atiendan labores o trabajos propios de un usuario o tercero beneficiario del servicio o permitir que respecto de los asociados se generen relaciones de subordinación o dependencia con terceros contratantes. Cuando se configuren prácticas de intermediación laboral o actividades propias de las empresas de servicios temporales, el tercero contratante, la Cooperativa y Precooperativa de Trabajo Asociado y sus directivos, serán solidariamente responsables por las obligaciones económicas que se causen a favor del trabajador asociado. Ver la Circular del Min. Protección 036 de 2007 , Ver el Concepto de la Sec. de Hacienda 1185 de 2008",1,https://www.funcionpublica.gov.co/eva/gestornormativo/norma.php?i=22659
Ley 100 de 1993,166,"ARTÍCULO 166. Atención Materno Infantil. El Plan Obligatorio de Salud para las mujeres en estado de embarazo cubrirá los servicios de salud en el control prenatal, la atención del parto, el control del posparto y la atención de las afecciones relacionadas directamente con la lactancia. El Plan Obligatorio de Salud para los menores de un año cubrirá la educación, información y fomento de la salud, el fomento de la lactancia materna, la vigilancia del crecimiento y desarrollo, la prevención de la enfermedad, incluyendo inmunizaciones, la atención ambulatoria, hospitalaria y de urgencias, incluidos los medicamentos esenciales; y la rehabilitación cuando hubiere lugar, de conformidad con lo previsto en la presente Ley y sus reglamentos. Además del Plan Obligatorio de Salud, las mujeres en estado de embarazo y las madres de los niños menores de un año, del régimen subsidiado, recibirán un subsidio alimentario en la forma como lo determinen los planes y programas del instituto Colombiano de Bienestar Familiar y con cargo a éste. PARÁGRAFO 1. Para los efectos de la presente Ley, entiéndase por subsidio alimentario la subvención en especie, consistente en alimentos o nutrientes que se entregan a la mujer gestante y a la madre del menor de un año y que permiten una dieta adecuada. PARÁGRAFO 2. El Gobierno Nacional organizara un programa especial de información y educación de la mujer en aspectos de salud integral y educación sexual en las zonas menos desarrolladas del país. Se dará con prioridad al área rural y a las adolescentes. Para el efecto se destinarán el 2% de los recursos anuales del ICBF, el 10% de los recursos a que se refiere el parágrafo 1. del",1,https://www.funcionpublica.gov.co/eva/gestornormativo/norma.php?i=5248
Ley 100 de 1993,17,"ARTÍCULO 17. Obligatoriedad de las Cotizaciones. Durante la vigencia de la relación laboral deberán efectuarse cotizaciones obligatorias a los Regímenes del Sistema General de Pensiones por parte de los afiliados y empleadores, con base en el salario que aquéllos devenguen. Salvo lo dispuesto en el",1,https://www.funcionpublica.gov.co/eva/gestornormativo/norma.php?i=5248
Ley 100 de 1993,204,"artículo 204 de la presente Ley, la cual aumentará como mínimo en un punto porcentual por año. En caso de liquidación de las cajas, fondos, entidades previsionales y empresas del sector público, los empleadores garantizarán la afiliación de sus trabajadores a otra Entidad Promotora de Salud y, mientras éstos logren dicha afiliación, tendrán que garantizar la respectiva protección a sus beneficiarios. Para las instituciones del orden nacional se aplicaran por analogía las disposiciones laborales de que trata el capítulo 2 del Decreto 2147 de 1992, en especial para preservar los derechos de los trabajadores y pagar las indemnizaciones que resulten de la supresión de los empleos. Igualmente, se harán extensivas las disposiciones consagradas en el Decreto 2151 de 1992 para garantizar la adaptación laboral de los empleados que, por obra de lo aquí dispuesto, se les supriman sus cargos. Para las instituciones de otro orden distinto del nacional, la respectiva entidad territorial o la junta directiva de los entes autónomos, expedirá la norma correspondiente, observando los principios establecidos en el presente artículo. PARÁGRAFO 1. En todo caso, los servidores públicos que se vinculen a partir de la vigencia de la presente Ley se afiliaran al Instituto de Seguros Sociales, o a cualquier Entidad Promotora de Salud, según lo dispuesto en esta Ley. PARÁGRAFO 2. Las enajenaciones derivadas de los procesos de reorganización aquí mencionados estarán exentos de los impuestos correspondientes. PARÁGRAFO 3. Las instituciones de seguridad social del orden nacional podrán ser liquidadas cuando así lo solicite la mitad más uno de los afiliados que se expresarán de conformidad con el mecanismo que para el efecto defina el decreto reglamentario. Lo anterior sin perjuicio de que todas las instituciones se sometan a las disposiciones consagradas en la presente Ley.",1,https://www.funcionpublica.gov.co/eva/gestornormativo/norma.php?i=5248
Ley 100 de 1993,275,"ARTÍCULO 275. Del Instituto de Seguros Sociales. El Instituto de Seguros Sociales, es una empresa industrial y comercial del Estado, del orden nacional, con personería jurídica, autonomía administrativa y patrimonio independiente, vinculada al Ministerio de Trabajo y Seguridad Social y el régimen de sus cargos será el contemplado en el Decreto- Ley 1651 de 1977 y podrá realizar los contratos de que trata el numeral 5 del",1,https://www.funcionpublica.gov.co/eva/gestornormativo/norma.php?i=5248
Ley 100 de 1993,33,"artículo 33 de la Ley 60 de 1993 y para los efectos allí previstos, estén reconociendo por un régimen especial un sistema pensional distinto del exigido por la entidad de previsión social a la cual se afilien o se encuentren afiliados los trabajadores correspondientes, la pensión será garantizada por el Fondo del Pasivo Prestacional y las entidades territoriales, hasta el momento en que el trabajador reúna los requisitos exigidos por la entidad de previsión y los diferenciales de pensión serán compartidos y asumidos por el Fondo, las entidades territoriales y la mencionada entidad previsional, en la proporción que a cada cual le corresponda. Las entidades del sector salud deberán seguir presupuestando y pagando las cesantías y pensiones a que están obligadas hasta tanto no se realice el corte de cuentas con el fondo prestacional y se establezcan para cada caso la concurrencia a que están obligadas las entidades territoriales en los términos previstos en la Ley 60 de 1993. PARÁGRAFO . Para los efectos de lo dispuesto en el presente artículo, entiéndase por cesantías netas, las cesantías acumuladas menos las pagadas a 31 de diciembre de 1993.",1,https://www.funcionpublica.gov.co/eva/gestornormativo/norma.php?i=5248
Ley 1010 de 2006,11,"ARTÍCULO 11. Garantías contra actitudes retaliatorias. A fin de evitar actos de represalia contra quienes han formulado peticiones, quejas y denuncias de acoso laboral o sirvan de testigos en tales procedimientos, establézcanse las siguientes garantías: 1. La terminación unilateral del contrato de trabajo o la destitución de la víctima del acoso laboral que haya ejercido los procedimientos preventivos, correctivos y sancionatorios consagrados en la presente Ley, carecerán de todo efecto cuando se profieran dentro de los seis (6) meses siguientes a la petición o queja, siempre y cuando la autoridad administrativa, judicial o de control competente verifique la ocurrencia de los hechos puestos en conocimiento. 2. La formulación de denuncia de acoso laboral en una dependencia estatal, podrá provocar el ejercicio del poder preferente a favor del Ministerio Público. En tal caso, la competencia disciplinaria contra el denunciante sólo podrá ser ejercida por dicho órgano de control mientras se decida la acción laboral en la que se discuta tal situación. Esta garantía no operará cuando el denunciado sea un funcionario de la Rama Judicial. 3. Las demás que le otorguen la Constitución, la ley y las convenciones colectivas de trabajo y los pactos colectivos. Las anteriores garantías cobijarán también a quienes hayan servido como testigos en los procedimientos disciplinarios y administrativos de que trata la presente ley. PARÁGRAFO . La garantía de que trata el numeral uno no regirá para los despidos autorizados por el Ministerio de la Protección Social conforme a las leyes, para las sanciones disciplinarias que imponga el Ministerio Público o las Salas Disciplinarias de los Consejos Superiores o Seccionales de la Judicatura, ni para las sanciones disciplinarias que se dicten como consecuencia de procesos iniciados antes de la denuncia o queja de acoso laboral.",1,https://www.funcionpublica.gov.co/eva/gestornormativo/norma.php?i=18843
Ley 1010 de 2006,13,"ARTÍCULO 13. Procedimiento sancionatorio. Para la imposición de las sanciones de que trata la presente Ley se seguirá el siguiente procedimiento: Cuando la competencia para la sanción correspondiere al Ministerio Público se aplicará el procedimiento previsto en el Código Disciplinario único. Cuando la sanción fuere de competencia de los Jueces del Trabajo se citará a audiencia, la cual tendrá lugar dentro de los treinta (30) días siguientes a la presentación de la solicitud o queja. De la iniciación del procedimiento se notificará personalmente al acusado de acoso laboral y al empleador que lo haya tolerado, dentro de los cinco (5) días siguientes al recibo de la solicitud o queja. Las pruebas se practicarán antes de la audiencia o dentro de ella. La decisión se proferirá al finalizar la audiencia, a la cual solo podrán asistir las partes y los testigos o peritos. Contra la sentencia que ponga fin a esta actuación procederá el recurso de apelación, que se decidirá en los treinta (30) días siguientes a su interposición. En todo lo no previsto en este artículo se aplicará el Código Procesal del Trabajo.",1,https://www.funcionpublica.gov.co/eva/gestornormativo/norma.php?i=18843
Ley 1010 de 2006,2,"ARTÍCULO 2. Definición y modalidades de acoso laboral. Para efectos de la presente ley se entenderá por acoso laboral toda conducta persistente y demostrable, ejercida sobre un empleado, trabajador por parte de un empleador, un jefe o superior jerárquico inmediato o mediato, un compañero de trabajo o un subalterno, encaminada a infundir miedo, intimidación, terror y angustia, a causar perjuicio laboral, generar desmotivación en el trabajo, o inducir la renuncia del mismo. En el contexto del inciso primero de este artículo, el acoso laboral puede darse, entre otras, bajo las siguientes modalidades generales: 1. Maltrato laboral. Todo acto de violencia contra la integridad física o moral, la libertad física o sexual y los bienes de quien se desempeñe como empleado o trabajador; toda expresión verbal injuriosa o ultrajante que lesione la integridad moral o los derechos a la intimidad y al buen nombre de quienes participen en una relación de trabajo de tipo laboral o todo comportamiento tendiente a menoscabar la autoestima y la dignidad de quien participe en una relación de trabajo de tipo laboral. 2. Persecución laboral: toda conducta cuyas características de reiteración o evidente arbitrariedad permitan inferir el propósito de inducir la renuncia del empleado o trabajador, mediante la descalificación, la carga excesiva de trabajo y cambios permanentes de horario que puedan producir desmotivación laboral. (Ver Sentencia de Octubre 16 de 2014, Rad. 2014-01359 del Consejo de Estado.) 3. Discriminación laboral: ( Modificado por el art. 74, Ley 1622 de 2013) , todo trato diferenciado por razones de raza, género, origen familiar o nacional, credo religioso, preferencia política o situación social o que carezca de toda razonabilidad desde el punto de vista laboral. 4. Entorpecimiento laboral: toda acción tendiente a obstaculizar el cumplimiento de la labor o hacerla más gravosa o retardarla con perjuicio para el trabajador o empleado constituyen acciones de entorpecimiento laboral, entre otras, la privación, ocultación o inutilización de los insumos, documentos o instrumentos para la labor, la destrucción o pérdida de información, el ocultamiento de correspondencia o mensajes electrónicos. 5. Inequidad laboral: Asignación de funciones a menosprecio del trabajador. 6. Desprotección laboral: Toda conducta tendiente a poner en riesgo la integridad y la seguridad del trabajador mediante órdenes o asignación de funciones sin el cumplimiento de los requisitos mínimos de protección y seguridad para el trabajador. (Ver Sentencias T-882 de 2006)",1,https://www.funcionpublica.gov.co/eva/gestornormativo/norma.php?i=18843
Ley 1010 de 2006,6,"ARTÍCULO 6. Sujetos y ámbito de aplicación de la ley. Pueden ser sujetos activos o autores del acoso laboral: La persona natural que se desempeñe como gerente, jefe, director, supervisor o cualquier otra posición de dirección y mando en una empresa u organización en la cual haya relaciones laborales regidas por el Código Sustantivo del Trabajo; La persona natural que se desempeñe como superior jerárquico o tenga la calidad de jefe de una dependencia estatal; La persona natural que se desempeñe como trabajador o empleado. Son sujetos pasivos o víctimas del acoso laboral; Los trabajadores o empleados vinculados a una relación laboral de trabajo en el sector privado; Los servidores públicos, tanto empleados públicos como trabajadores oficiales y servidores con régimen especial que se desempeñen en una dependencia pública; Los jefes inmediatos cuando el acoso provenga de sus subalternos. Son sujetos partícipes del acoso laboral: La persona natural que como empleador promueva, induzca o favorezca el acoso laboral; La persona natural que omita cumplir los requerimientos o amonestaciones que se profieran por los Inspectores de Trabajo en los términos de la presente ley. PARÁGRAFO : Las situaciones de acoso laboral que se corrigen y sancionan en la presente ley son sólo aquellas que ocurren en un ámbito de relaciones de dependencia o subordinación de carácter laboral. Nota: (Ver Sentencia de la Corte Constitucional T-572/17 )",1,https://www.funcionpublica.gov.co/eva/gestornormativo/norma.php?i=18843
Ley 1010 de 2006,9,"ARTÍCULO 9. Medidas preventivas y correctivas del acoso laboral. ( Corregido por el Decreto Nacional 231 de 2006 .) 1. Los reglamentos de trabajo de las empresas e instituciones deberán prever mecanismos de prevención de las conductas de acoso laboral y establecer un procedimiento interno, confidencial, conciliatorio y efectivo para superar las que ocurran en el lugar de trabajo. Los comités de empresa de carácter bipartito, donde existan, podrán asumir funciones relacionados con acoso laboral en los reglamentos de trabajo. 2. La víctima del acoso laboral podrá poner en conocimiento del Inspector de Trabajo con competencia en el lugar de los hechos, de los Inspectores Municipales de Policía, de los Personeros Municipales o de la Defensoría del Pueblo, a prevención, la ocurrencia de una situación continuada y ostensible de acoso laboral. La denuncia deberá dirigirse por escrito en que se detallen los hechos denunciados y al que se anexa prueba sumaria de los mismos. La autoridad que reciba la denuncia en tales términos conminará preventivamente al empleador para que ponga en marcha los procedimientos confidenciales referidos en el numeral 1 de este artículo y programe actividades pedagógicas o terapias grupales de mejoramiento de las relaciones entre quienes comparten una relación laboral dentro de una empresa. Para adoptar esta medida se escuchará a la parte denunciada. 3. Quien se considere víctima de una conducta de acoso laboral bajo alguna de las modalidades descritas en el",1,https://www.funcionpublica.gov.co/eva/gestornormativo/norma.php?i=18843
Ley 1098 de 2006,113,"Artículo 113. Autorización de trabajo para los adolescentes . Corresponde al inspector de trabajo expedir por escrito la autorización para que un adolescente pueda trabajar, a solicitud de los padres, del respectivo representante legal o del Defensor de Familia. A falta del inspector del trabajo la autorización será expedida por el comisario de familia y en defecto de este por el alcalde municipal. ( La expresión ""el comisario de familia y en defecto de este por"" fue derogada por el art. 48 de la Ley 2126 de 2021, subrayado fuera del texto ) La autorización estará sujeta a las siguientes reglas: 1. Deberá tramitarse conjuntamente entre el empleador y el adolescente; 2. La solicitud contendrá los datos generales de identificación del adolescente y del empleador, los términos del contrato de trabajo, la actividad que va a realizar, la jornada laboral y el salario. 3. El funcionario que concedió el permiso deberá efectuar una visita para determinar las condiciones de trabajo y la seguridad para la salud del trabajador. 4. Para obtener la autorización se requiere la presentación del certificado de escolaridad del adolescente y si este no ha terminado su formación básica, el empleador procederá a inscribirlo y, en todo caso, a facilitarle el tiempo necesario para continuar el proceso educativo o de formación, teniendo en cuenta su orientación vocacional. 5. El empleador debe obtener un certificado de estado de salud del adolescente trabajador. 6. La autorización de trabajo o empleo para adolescentes indígenas será conferida por las autoridades tradicionales de la respectiva comunidad teniendo en cuenta sus usos y costumbres. En su defecto, la autorización será otorgada por el inspector del trabajo o por la primera autoridad del lugar. 7. El empleador debe dar aviso inmediato a la autoridad que confirió la autorización, cuando se inicie y cuando termine la relación laboral. Parágrafo. La autorización para trabajar podrá ser negada o revocada en caso de que no se den las garantías mínimas de salud, seguridad social y educación del adolescente.",1,https://www.funcionpublica.gov.co/eva/gestornormativo/norma.php?i=22106
Ley 115 de 1994,115,"ARTÍCULO 115.- Régimen especial de los educadores estatales . El ejercicio de la profesión docente estatal se regirá por las normas del régimen especial del Estatuto Docente y por la presente Ley. El régimen prestacional de los educadores estatales es el establecido en la Ley 91 de 1989, en la Ley 60 de 1993 y en la presente Ley . Ver",1,https://www.funcionpublica.gov.co/eva/gestornormativo/norma.php?i=292
Ley 1232 de 2008,1,"ARTÍCULO 1º. El Artículo 2º de la Ley 82 de 1993 quedará así: ARTÍCULO 2º. Jefatura femenina de hogar. Para los efectos de la presente ley, la Jefatura Femenina de Hogar, es una categoría social de los hogares, derivada de los cambios sociodemográficos, económicos, culturales y de las relaciones de género que se han producido en la estructura familiar, en las subjetividades, representaciones e identidades de las mujeres que redefinen su posición y condición en los procesos de reproducción y producción social, que es objeto de políticas públicas en las que participan instituciones estatales, privadas y sectores de la sociedad civil. En concordancia con lo anterior, es Mujer Cabeza de Familia, quien, siendo soltera o casada, ejerce la jefatura femenina de hogar y tiene bajo su cargo, afectiva, económica o socialmente, en forma permanente, hijos menores propios u otras personas incapaces o incapacitadas para trabajar, ya sea por ausencia permanente o incapacidad física, sensorial, síquica o moral del cónyuge o compañero permanente o deficiencia sustancial de ayuda de los demás miembros del núcleo familiar. PARÁGRAFO. La condición de Mujer Cabeza de Familia y la cesación de la misma, desde el momento en que ocurra el respectivo evento, deberá ser declarada ante notario por cada una de ellas, expresando las circunstancias básicas del respectivo caso y sin que por este concepto se causen emolumentos notariales a su cargo.",1,https://www.funcionpublica.gov.co/eva/gestornormativo/norma.php?i=31591
Ley 1393 de 2010,30,"ARTÍCULO 30. Sin perjuicio de lo previsto para otros fines, para los efectos relacionados con los artículos 18 y 204 de la Ley 100 de 1993, los pagos laborales no constitutivos de salario de las trabajadores particulares no podrán ser superiores al 40% del total de la remuneración. Ver la Resolución de Min. Protección 2641 de 2011",1,https://www.funcionpublica.gov.co/eva/gestornormativo/norma.php?i=39995
Ley 1595 de 2012,1,"Artículo 1 A los fines del presente Convenio: (a) la expresión trabajo doméstico designa el trabajo realizado en un hogar u hogares o para los mismos; (b) la expresión trabajador doméstico designa a toda persona, de género femenino o género masculino, que realiza un trabajo doméstico en el marco de una relación de trabajo; (c) una persona que realice trabajo doméstico únicamente de forma ocasional o esporádica, sin que este trabajo sea una ocupación profesional, no se considera trabajador doméstico. Artículo 2 1. El presente Convenio se aplica a todos los trabajadores domésticos. 2. Todo Miembro que ratifique el presente Convenio podrá, previa celebración de consultas con las organizaciones más representativas de los empleadores y de los trabajadores, así como con organizaciones representativas de los trabajadores domésticos y organizaciones representativas de los empleadores de los trabajadores domésticos, cuando tales organizaciones existan, excluir total o parcialmente de su ámbito de aplicación a: (a) categorías de trabajadores para las cuales esté previsto otro tipo de protección que sea por lo menos equivalente; y (b) categorías limitadas de trabajadores respecto de las cuales se planteen problemas especiales de carácter sustantivo. 3. Todo Miembro que se acoja a la posibilidad prevista en el párrafo anterior deberá, en la primera memoria relativa a la aplicación de este Convenio que presente con arreglo al",1,https://www.funcionpublica.gov.co/eva/gestornormativo/norma.php?i=51009
Ley 1755 de 2015,32,"ARTÍCULO 32. Derecho de petición ante organizaciones privadas para garantizar los derechos fundamentales. Toda persona podrá ejercer el derecho de petición para garantizar sus derechos fundamentales ante organizaciones privadas con o sin personería jurídica, tales como sociedades, corporaciones, fundaciones, asociaciones, organizaciones religiosas, cooperativas, instituciones financieras o clubes. Salvo norma legal especial, el trámite y resolución de estas peticiones estarán sometidos a los principios y reglas establecidos en el Capítulo I de este título. Las organizaciones privadas solo podrán invocar la reserva de la información solicitada en los casos expresamente establecidos en la Constitución Política y la ley. Las peticiones ante las empresas o personas que administran archivos y bases de datos de carácter financiero, crediticio, comercial, de servicios y las provenientes de terceros países se regirán por lo dispuesto en la Ley Estatutaria del Hábeas Data. PARÁGRAFO 1°. Este derecho también podrá ejercerse ante personas naturales cuando frente a ellas el solicitante se encuentre en situaciones de indefensión, subordinación o la persona natural se encuentre ejerciendo una función o posición dominante frente al peticionario. PARÁGRAFO 2°. Los personeros municipales y distritales y la Defensoría del Pueblo prestarán asistencia eficaz e inmediata a toda persona que la solicite, para garantizarle el ejercicio del derecho constitucional de petición que hubiere ejercido o desee ejercer ante organizaciones o instituciones privadas. PARÁGRAFO 3°. Ninguna entidad privada podrá negarse a la recepción y radicación de solicitudes y peticiones respetuosas, so pena de incurrir en sanciones y/o multas por parte de las autoridades competentes. ( Ver Sentencia C-951 de 2014 )",1,https://www.funcionpublica.gov.co/eva/gestornormativo/norma.php?i=65334
Ley 1755 de 2015,33,"ARTÍCULO 33. Derecho de petición de los usuarios ante instituciones privadas . Sin perjuicio de lo dispuesto en leyes especiales, a las Cajas de Compensación Familiar, a las Instituciones del Sistema de Seguridad Social Integral, a las entidades que conforman el sistema financiero y bursátil y a aquellas empresas que prestan servicios públicos y servicios públicos domiciliarios, que se rijan por el derecho privado, se les aplicarán en sus relaciones con los usuarios, en lo pertinente, las disposiciones sobre derecho de petición previstas en los dos capítulos anteriores. (Ver Sentencia de la Corte Constitucional T-103 de 2019) ( Ver Sentencia C-951 de 2014 ) Jurisprudencia Vigencia Vigencia Artículo declarado EXEQUIBLE por la Corte Constitucional.",1,https://www.funcionpublica.gov.co/eva/gestornormativo/norma.php?i=65334
Ley 181 de 1995,33,"ARTÍCULO 33.- Los clubes deberán registrar ante el Instituto Colombiano del Deporte la totalidad de los derechos deportivos de los jugadores o deportistas inscritos en sus registros, así como las transferencias que de los mismos se hagan, dentro de los treinta (30) días siguientes a la realización de estás. Coldeportes establecerá la forma como los clubes deberán cumplir este requisito. Los clubes con deportistas profesionales no podrán tener registrados como deportistas aficionados a prueba a quienes hayan actuado en más de veinticinco (25) partidos o competencias en torneos profesionales o hayan formado parte de la plantilla profesional durante un (1) año o más.",1,https://www.funcionpublica.gov.co/eva/gestornormativo/norma.php?i=3424
Ley 181 de 1995,35,"ARTÍCULO 35.- Los convenios que se celebren entre organismos deportivos sobre transferencias de deportistas profesionales, no se consideran parte de los contratos de trabajo. En razón de estos convenios no se podrá coartar la libertad de trabajo de los deportistas. Una vez terminado el contrato de trabajo, el jugador profesional transferido temporalmente regresará al club propietario de su derecho deportivo. Si el club propietario del derecho deportivo, no ofreciere formalmente un nuevo contrato laboral o transferencia temporal al jugador, dentro de un plazo no mayor de seis (6) meses, el jugador quedará en libertad de negociar con otros clubes, de acuerdo con los reglamentos internacionales, sin perjuicio de las acciones laborales que favorezcan al jugador. TÍTULO V DE LA SEGURIDAD SOCIAL Y ESTÍMULOS PARA LOS DEPORTISTAS",1,https://www.funcionpublica.gov.co/eva/gestornormativo/norma.php?i=3424
Ley 1822 de 2017,2,"ARTÍCULO 2°. El artículo 239 del Código Sustantivo del Trabajo, quedará así: ""ARTÍCULO 239. Prohibición de despido. 1. Ninguna trabajadora podrá ser despedida por motivo dé embarazo o lactancia sin la autorización previa del Ministerio de Trabajo que avale una justa causa. 2. Se presume el despido efectuado por motivo de embarazo o lactancia, cuando este haya tenido lugar dentro del período de embarazo y/o dentro de los tres meses posteriores al parto. 3. Las trabajadoras que trata el numeral uno (1) de este artículo, que sean despedidas sin autorización de las autoridades competentes, tendrán derecho al pago adicional de una indemnización igual a sesenta días (60) días de trabajo, fuera de las indemnizaciones y prestaciones a que hubiere lugar de acuerdo con su contrato de trabajo. 4. En el caso de la mujer trabajadora que por alguna razón excepcional no disfrute de la semana preparto obligatoria, y/o de algunas de las diecisiete (17) semanas de descanso, tendrá derecho al pago de las semanas que no gozó de licencia. En caso de parto múltiple tendrá el derecho al pago de dos (2) semanas adicionales y, en caso de que el hijo sea prematuro, al pago de la diferencia de tiempo entre la fecha del alumbramiento y el nacimiento a término"".",1,https://www.funcionpublica.gov.co/eva/gestornormativo/norma.php?i=78833
Ley 270 de 1996,142,"ARTÍCULO 142 . LICENCIA NO REMUNERADA. Los funcionarios y empleados tienen derecho a licencia no remunerada hasta por tres (3) meses por cada año calendario de servicio, en forma continua o discontinua según lo solicite el interesado. Esta licencia no es revocable ni prorrogable por quien la concede, pero es renunciable por el beneficiario. El superior la concederá teniendo en cuenta las necesidades del servicio. Así mismo, se concederá licencia no remunerada a los funcionarios y empleados de carrera judicial, para proseguir cursos de postgrado hasta por dos años o actividades de docencia, investigación o asesoría científica al Estado hasta por un año. PARÁGRAFO . Los funcionarios y empleados en carrera Judicial también tienen derecho a licencia, cuando hallándose en propiedad pasen a ejercer hasta por el término de tres (3) años, un cargo vacante transitoriamente o un cargo de libre nombramiento y remoción en la Rama Judicial. (Modificado por el",1,https://www.funcionpublica.gov.co/eva/gestornormativo/norma.php?i=6548
Ley 30 de 1992,106,"ARTÍCULO 106. Las instituciones privadas de educación superior podrán vincular profesores por horas cuando su carga docente sea inferior a la de un profesor de medio tiempo en la misma universidad, bien sea mediante contratos de trabajo o mediante contratos de servicios , según los períodos del calendario académico, y su remuneración en cuanto a honorarios se refiere , corresponderá a lo pactado por las partes; pero que en ningún caso podrá ser inferior al valor de cómputo hora resultante del valor total de ocho (8) salarios mínimos dividido por el número de horas laborables mes. Texto subrayado declarado INEXEQUIBLE por la Corte Constitucional mediante Sentencia C-517 de 1999 TÍTULO QUINTO DEL RÉGIMEN ESTUDIANTIL CAPÍTULO I DE LOS ESTUDIANTES",1,https://www.funcionpublica.gov.co/eva/gestornormativo/norma.php?i=253
Ley 361 de 1997,24,"Artículo 24º.- Los particulares empleadores que vinculen laboralmente personas con limitación tendrán las siguientes garantías: A que sean preferidos en igualdad de condiciones en los procesos de licitación, adjudicación y celebración de contratos, sean estos públicos o privados si estos tiene en sus nóminas por lo menos un mínimo del 10% de sus empleados en las condiciones de discapacidad enunciadas en la presente ley debidamente certificadas por la oficina de trabajo de la respectiva zona y contratados por lo menos con anterioridad de un año; igualmente deberán mantenerse por un lapso igual al de la contratación; Prelación en el otorgamiento de créditos subvenciones de organismos estatales, siempre y cuando estos se orienten al desarrollo de planes y programas que impliquen la participación activa y permanente de personas con limitación; El Gobierno fijará las tasas arancelarias a la importación de maquinaria y equipo especialmente adoptados o destinados al manejo de personas con limitación. El Gobierno clasificará y definirá el tipo de equipos que se consideran cubiertos por el beneficiario.",1,https://www.funcionpublica.gov.co/eva/gestornormativo/norma.php?i=343
Ley 361 de 1997,26,"Artículo 26º.- Modificado por el art. 137, Decreto Nacional 019 de 2012 . En ningún caso la limitación de una persona, podrá ser motivo para obstaculizar una vinculación laboral, a menos que dicha limitación sea claramente demostrada como incompatible e insuperable en el cargo que se va a desempeñar. Así mismo, ninguna persona limitada podrá ser despedida o su contrato terminado por razón de su limitación, salvo que medie autorización de la oficina de Trabajo. No obstante, quienes fueren despedidos o su contrato terminado por razón de su limitación, sin el cumplimiento del requisito previsto en el inciso anterior, tendrán derecho a una indemnización equivalente a ciento ochenta días del salario, sin perjuicio de las demás prestaciones e indemnizaciones a que hubiere lugar de acuerdo con el Código Sustantivo del Trabajo y demás normas que lo modifiquen, adicionen, complementen o aclaren.",1,https://www.funcionpublica.gov.co/eva/gestornormativo/norma.php?i=343
Ley 361 de 1997,5,"Artículo 5º.- Las personas con limitación deberán aparecer calificadas como tales en el carné de afiliado al Sistema de Seguridad en Salud, ya sea el régimen contributivo o subsidiado. Para tal efecto las empresas promotoras de salud deberán consignar la existencia de la respectiva limitación en el carné de afiliado, para lo cual solicitarán en el formulario de afiliación la información respectiva y la verificación a través de diagnóstico médico en caso de que dicha limitación no sea evidente. Dicho carné especificará el carácter de persona con limitación y el grado de limitación moderada, severa o profunda de la persona. Servirá para identificarse como titular de los derechos establecidos en la presente Ley . NOTA: Texto subrayado declarado EXEQUIBLE mediante Sentencia de la Corte Constitucional C-606 de 2012 El Consejo Nacional de Seguridad Social en Salud realizará las modificaciones necesarias al formulario de afiliación y al carné de los afiliados al Sistema General de Seguridad Social en Salud con el objeto de incorporar las modificaciones aquí señaladas. Lo dispuesto en este artículo se entiende sin perjuicio de las políticas que con relación a las personas con limitación establezca el ""Comité Consultivo Nacional de las Personas con Limitación"" a que se refiere el artículo siguiente.",1,https://www.funcionpublica.gov.co/eva/gestornormativo/norma.php?i=343
Ley 50 de 1990,15,"artículo 15 de esta ley. 2. El salario en especie debe valorarse expresamente en todo contrato de trabajo. A falta de estipulación o de acuerdo sobre su valor real se estimará pericialmente, sin que pueda llegar a constituir y conformar más del cincuenta por ciento (50%) de la totalidad del salario. 3. No obstante, cuando un trabajador devengue el salario mínimo legal, el valor por concepto de salario en especie no podrá exceder del treinta por ciento (30%).",1,https://www.funcionpublica.gov.co/eva/gestornormativo/norma.php?i=281
Ley 50 de 1990,35,"ARTÍCULO 35. El artículo 239 del Código Sustantivo del Trabajo quedará así: Artículo 239. Prohibición de despedir. 1. Ninguna trabajadora puede ser despedida por motivo de embarazo o lactancia. 2. Se presume que el despido se ha efectuado por motivo de embarazo o lactancia, cuando ha tenido lugar dentro del período de embarazo o dentro de los tres meses posteriores al parto, y sin autorización de las autoridades de que trata el artículo siguiente. 3. La trabajadora despedida sin autorización de la autoridad tiene derecho al pago de una indemnización equivalente a los salarios de sesenta (60) días, fuera de las indemnizaciones y prestaciones a que hubiera lugar de acuerdo con el contrato de trabajo y, además, al pago de las doce (12) semanas de descanso remunerado de que trata este capítulo, si no lo ha tomado.",1,https://www.funcionpublica.gov.co/eva/gestornormativo/norma.php?i=281
Ley 50 de 1990,6,"artículo 6o del Código Sustantivo del Trabajo. 2. Cuando se requiere reemplazar personal en vacaciones, en uso de licencia, en incapacidad por enfermedad o maternidad. 3. Para atender incrementos en la producción, el transporte, las ventas de productos o mercancías, los períodos estacionales de cosechas y en la prestación de servicios, por un término de seis (6) meses prorrogable hasta por seis (6) meses más. Parágrafo 1°. Las empresas usuarias no podrán celebrar contratos comerciales con las empresas de servicios temporales para desarrollar situaciones diferentes a las establecidas en el presente artículo. Si vencido el plazo o cumplida la condición estipulada en los numerales 1, 2 y 3 de este artículo, la causa específica que dio origen a alguno de los servicios requeridos en desarrollo de ese contrato subsiste en la empresa usuaria, esta no podrá prorrogar dicho servicio específico con la misma o contratarlo con diferente Empresa de Servicios Temporales. Parágrafo 2°. Si se transgreden los límites establecidos en el presente artículo, en los términos del parágrafo 1°, se tendrá a la empresa usuaria como verdadera empleadora de los trabajadores en misión y a la empresa de servicios temporales como una simple intermediaria, previa declaración de autoridad judicial. Parágrafo 3°. En el evento de que la empresa de servicios temporales transgreda esta norma, afectando de manera grave los derechos de los y las trabajadoras, podrá ser sancionada con la revocatoria de la licencia de funcionamiento de la que trata el",1,https://www.funcionpublica.gov.co/eva/gestornormativo/norma.php?i=281
Ley 50 de 1990,71,"ARTÍCULO 71. Reglamentado por el Decreto 1707 de 1991 . Es empresa de servicios temporales aquella que contrata la prestación de servicios con terceros beneficiarios para colaborar temporalmente en el desarrollo de sus actividades, mediante la labor desarrollada por personas naturales, contratadas directamente por la empresa de servicios temporales, la cual tiene con respecto de éstas el carácter de empleador. Ver el Fallo del Consejo de Estado 4096 de 2006",1,https://www.funcionpublica.gov.co/eva/gestornormativo/norma.php?i=281
Ley 50 de 1990,88,"ARTÍCULO 88. Reglamentado por el Decreto 1707 de 1991 . Las empresas de servicios temporales quedan obligadas a presentar ante el Ministerio de Trabajo y Seguridad Social, los informes estadísticos que éste le solicite relacionados con su oferta y demanda de mano de obra, frecuencia de colocación, ocupación, sectores de actividad económica atendidos, cuantías y escalas de remuneración. El Ministerio de Trabajo y Seguridad Social reglamentará la manera de presentar dichos informes.",1,https://www.funcionpublica.gov.co/eva/gestornormativo/norma.php?i=281
Ley 50 de 1990,98,"ARTÍCULO 98.- El auxilio de cesantía estará sometido a los siguientes regímenes: 1. El régimen tradicional del Código Sustantivo del Trabajo, contenido en el Capítulo VII, Título VIII, parte primera y demás disposiciones que lo modifiquen o adicionen, el cual continuará rigiendo los contratos de trabajo celebrados con anterioridad a la vigencia de esta Ley. 2. El régimen especial que por esta Ley se crea, que se aplicará obligatoriamente a los contratos de trabajo celebrados a partir de su vigencia. PARÁGRAFO.- Reglamentado parcialmente por el Decreto 1176 de 1991 . Los trabajadores vinculados mediante contrato de trabajo celebrados con anterioridad a la vigencia de esta Ley, podrán acogerse al régimen especial señalado en el numeral segundo del presente artículo, para lo cual es suficiente la comunicación escrita, en la cual señale la fecha a partir de la cual se acoge. Ver: Oficio No. SH-8003269/16.12.98. Secretaría de Hacienda. Régimen de cesantías de las entidades públicas del sector salud. CJA20551998",1,https://www.funcionpublica.gov.co/eva/gestornormativo/norma.php?i=281
Ley 50 de 1990,99,"ARTÍCULO 99.- Reglamentado por el Decreto 1176 de 1991 . El nuevo régimen especial de auxilio de cesantía, tendrá las siguientes características: Ver Oficio de fecha 25.11.98. Secretaría Distrital de Salud. Fondo Nacional del Ahorro. CJA09751998 1ª. El 31 de diciembre de cada año se hará la liquidación definitiva de cesantía, por la anualidad o por la fracción correspondiente, sin perjuicio de la que deba efectuarse en fecha diferente por la terminación del contrato de trabajo. 2ª. El empleador cancelará al trabajador los intereses legales del 12% anual o proporcionales por fracción, en los términos de las normas vigentes sobre el régimen tradicional de cesantía, con respecto a la suma causada en el año o en la fracción que se liquide definitivamente. 3ª. El valor liquidado por concepto de cesantía se consignará antes del 15 de febrero del año siguiente, en cuenta individual a nombre del trabajador en el fondo de cesantía que el mismo elija. El empleador que incumpla el plazo señalado deberá pagar un día de salario por cada retardo. Ver Oficio de fecha 25.11.98. Secretaría Distrital de Salud. Fondo Nacional del Ahorro. CJA09751998 4ª. Si al término de la relación laboral existieren saldos de cesantía a favor del trabajador que no hayan sido entregados al Fondo, el empleador se los pagará directamente con los intereses legales respectivos. 5ª. Todo trabajador podrá trasladar su saldo de un fondo de cesantía a otro de la misma naturaleza. El Gobierno fijará el procedimiento que deba seguirse para el efecto. 6ª. Los Fondos de Cesantía serán administrados por las sociedades cuya creación se autoriza, y cuyas características serán precisadas en los decretos que dicta el Gobierno Nacional, en orden a: a. Garantizar una pluralidad de alternativas institucionales para los trabajadores, en todo el territorio nacional; b. Garantizar que la mayor parte de los recursos captados para orientarse hacia el financiamiento de actividades productivas. 7ª. Todos los aspectos que no se modifiquen específicamente por esta Ley, continuarán regulados por las normas vigentes del régimen tradicional relativas al auxilio de cesantía. PARÁGRAFO.- En el evento que los empleadores deban efectuar la liquidación y consignación de la cesantía a que se refiere este artículo y no existan suficientes Sociedades Administradoras de Fondos de Cesantías autorizadas para funcionar, el Gobierno Nacional podrá transitoriamente autorizar a otras entidades u ordenar a las instituciones financieras con participación estatal mayoritaria para que cumplan las funciones de Sociedades Administradoras de Fondos de Cesantía. Parágrafo 1°. El empleador podrá aportar mensualmente con destino al fondo de cesantías el 8.33% del salario base de liquidación compuesto por el salario mensual sumado al auxilio de transporte en los casos en que a este hubiere lugar, como consignación anticipada de cesantías. Para tal efecto, el Ministerio de Salud y Protección Social hará las reglamentaciones correspondientes respecto de la Planilla Integrada de Liquidación de Aportes (PILA). En ningún caso la consignación anticipada podrá entenderse como pago parcial de la cesantía, pues el trabajador solo tendrá acceso a la cesantía anticipada en los términos que así lo determine la Ley o a la terminación del contrato de trabajo. Parágrafo 2°. Las partes podrán acordar por escrito la mensualización de los intereses sobre las cesantías, pagando al trabajador el 1% del salario base de liquidación compuesto por el salario mensual sumado al auxilio de transporte en los casos en que a este hubiere lugar.” (Adiciona Art 64 , paragrafo 1 y 2 de la Ley 2466 de 2025) Ver Decreto Nacional 2880 de 2001",1,https://www.funcionpublica.gov.co/eva/gestornormativo/norma.php?i=281
Ley 6 de 1945,1,"ARTÍCULO 1 ° .- Modificado por el art. 1, Ley 64 de 1946 . Hay contrato de trabajo entre quien presta un servicio personal bajo la continuada dependencia de otro mediante remuneración, y quien recibe tal servicio. No es por tanto, contrato de trabajo el que se celebra para la ejecución de una labor determinada, sin consideración a la persona o personas que hayan de ejecutarla y sin que éstas se sujeten, a horario, reglamentos o control especial del patrono. A falta de estipulaciones lícitas escritas, el contrato de trabajo se entenderá celebrado de conformidad con los modelos que el Gobierno promulgue previa audiencia de comisiones paritarias de patrones y trabajadores, y las obligaciones recíprocas que de él emanen se tendrán por ajustadas en las condiciones usuales en la región que sean más acordes con la aptitud del trabajador y con la naturaleza del negocio. Los modelos a que el presente artículo se refiere, no podrán contener estipulaciones más gravosas para los patronos ni menos favorables para los trabajadores, que las señaladas por la ley.",1,https://www.funcionpublica.gov.co/eva/gestornormativo/norma.php?i=1167
Ley 60 de 1993,6,"artículo 6o. de la presente ley y de las disposiciones legales sobre la materia. 2.- Los municipios asumirán las demás funciones de dirección y administración que les asignen las disposiciones legales sobre la materia, en consonancia con la distribución del situado fiscal definido por el departamento para cada municipio y los recursos propios incluidos por el presupuesto municipal para este efecto. 3.- La planta de personal a cargo de los recursos propios de los municipios no podrá ampliarse sin la asignación presupuestal correspondiente que asegure la financiación para la vigencia fiscal corriente y para las vigencias fiscales futuras de los costos administrativos salariales y prestacionales que ello implique. 4.- Las competencias y funciones que hayan sido asumidas por los municipios en virtud de la Ley 29 de 1989 se ajustarán en todo a lo dispuesto en la presente Ley y a las disposiciones legales sobre la materia. 5.- Los municipios que organicen los sistemas de planeación, de información y de pedagogía; que demuestren eficiencia y eficacia institucional; que demuestren que está realizando aportes permanentes con recursos propios para la educación; que comprueben que cumplen los planes de incorporación de los maestros por contrato que llenen los requisitos de la carrera docente, podrán solicitar al departamento, la facultad para nombrar a los empleados docentes y administrativos de los establecimientos educativos estatales que laboren en el municipio, previo cumplimiento de los requisitos legales para su nombramiento. 6.- Con destino al pago de la planta de personal de los servicios educativos estatales a cargo de los recursos propios, los municipios establecerán una cuenta especial o podrán hacer convenios con los fondos educativos regionales para el manejo de los recursos correspondientes. 7.- A solicitud de los concejos de los municipios que tengan población igual o superior a 100.000 habitantes según el censo nacional de 1985 y con la aprobación del Ministerio de Educación Nacional podrán las asambleas otorgar a estos municipios autonomía para la prestación del servicio de educación y la asunción de las obligaciones correspondientes en las mismas condiciones de los distritos. PARÁGRAFO 1º.- Cuando un departamento compruebe ante el Ministerio de Salud que un municipio no cumple las reglas establecidas por esta ley para la ejecución de las funciones que se le han transferido, podrá, previa autorización del Ministerio, subordinar su ejercicio al cumplimiento de planes de desempeño convenidos mediante contratos interadministrativos celebrados para ese propósito, y promoverá la aplicación de las sanciones a que haya lugar. PARÁGRAFO 2º.- Las competencias y funciones para el servicio de salud que ya hayan sido asumidas por los municipios en virtud del Decreto-ley 77 de 1987, la Ley 10 de 1990 y demás leyes anteriores, en desarrollo del proceso de descentralización se conservarán, sin perjuicio del cumplimiento de los requisitos complementarios y las transformaciones institucionales a que haya lugar de conformidad con lo aquí dispuesto, para cuyo efecto se tendrá un período de un año contado a partir de la vigencia de la presente Ley.",1,https://www.funcionpublica.gov.co/eva/gestornormativo/norma.php?i=274
Ley 776 de 2002,2,"ARTÍCULO 2o. INCAPACIDAD TEMPORAL. Se entiende por incapacidad temporal, aquella que según el cuadro agudo de la enfermedad o lesión que presente el afiliado al Sistema General de Riesgos Profesionales, le impida desempeñar su capacidad laboral por un tiempo determinado.",1,https://www.funcionpublica.gov.co/eva/gestornormativo/norma.php?i=16752
Ley 776 de 2002,4,"ARTÍCULO 4o. REINCORPORACIÓN AL TRABAJO. Al terminar el período de incapacidad temporal, los empleadores están obligados, si el trabajador recupera su capacidad de trabajo, a ubicarlo en el cargo que desempeñaba, o a reubicarlo en cualquier otro para el cual esté capacitado, de la misma categoría.",1,https://www.funcionpublica.gov.co/eva/gestornormativo/norma.php?i=16752
Ley 776 de 2002,8,"ARTÍCULO 8o. REUBICACIÓN DEL TRABAJADOR. Los empleadores están obligados a ubicar al trabajador incapacitado parcialmente en el cargo que desempeñaba o a proporcionarle un trabajo compatible con sus capacidades y aptitudes, para lo cual deberán efectuar los movimientos de personal que sean necesarios.",1,https://www.funcionpublica.gov.co/eva/gestornormativo/norma.php?i=16752
Ley 789 de 2002,28,"Artículo 28 de la Ley 21 de 1982 . Tienen derecho al subsidio familiar en dinero los trabajadores cuya remuneración mensual, fija o variable no sobrepase los cuatro (4) salarios minimos legales mensuales vigentes, smlmv, siempre y cuando laboren al menos 96 horas al mes; y que sumados sus ingresos con los de su cónyuge o compañero (a), no sobrepasen seis (6) salarios minimos legales mensuales vigentes, smlmv. Cuando el trabajador preste sus servicios a más de un empleador, se tendra en cuenta para efectos del cómputo anterior el tiempo laborado para todos ellos y lo pagara la Caja de Compensacion Familiar a la que esta afiliado el empleador de quién el trabajador reciba mayor remuneración mensual. Si las remuneraciones fueren iguales, el trabajador tendra la opcion de escoger la Caja de Compensacion. En todo caso el trabajador no podra recibir doble subsidio. El trabajador beneficiario tendra derecho a recibir el subsidio familiar en dinero durante el período de vacaciones anuales y en los días de descanso o permiso remunerado de ley, convencionales o contractuales; períodos de incapacidad por motivo de enfermedad no profesional, maternidad, accidentes de trabajo y enfermedad profesional. PARÁGRAFO 1°. Daran derecho al subsidio familiar en dinero las personas a cargo de los trabajadores beneficiarios que a continuacion se enumeran: 1. Los hijos que no sobrepasen la edad de 18 años, legitimos, naturales, adoptivos y los hijastros. Después de los 12 años se debera acreditar la escolaridad en establecimiento docente debidamente aprobado. 2. Los hermanos que no sobrepasen la edad de 18 años, huerfanos de padres, que convivan y dependan economicamente del trabajador y que cumplan con el certificado de escolaridad del numeral 1. 3. Los padres del trabajador beneficiario mayores de 60 años, siempre y cuando ninguno de los dos reciba salario, renta o pensión alguna. No podrán cobrar simultáneamente este subsidio más de uno de los hijos trabajadores y que dependan economicamente del trabajador. 4. Los padres, los hermanos huerfanos de padres y los hijos, que sean invalidos o de capacidad fisica disminuida que les impida trabajar, causaran doble cuota de subsidio familiar, sin limitacion en razón de su edad. El trabajador beneficiario debera demostrar que las personas se encuentran a su cargo y conviven con el. 5. En caso de muerte de una persona a cargo por la cuál el trabajador estuviere recibiendo subsidio familiar, se pagara un subsidio extraordinario por el mes en que este ocurra, equivalente a 12 mensualidades del subsidio en dinero que viniere recibiendo por el fallecido. 6. En caso de muerte de un trabajador beneficiario, la Caja de Compensacion Familiar continuara pagando durante 12 meses el monto del subsidio por personas a cargo, a la persona que acredite haberse responsabilizado de la guarda, sostenimiento o cuidado de ellos. El empleador dara aviso inmediato de la muerte de un trabajador afiliado a la Caja de Compensacion. 7. Podrán cobrar simultáneamente el subsidio familiar por los mismos hijos el padre y la madre, cuyas remuneraciones sumadas no excedan de cuatro (4) salarios minimos legales mensuales vigentes, smlmv. PARÁGRAFO 2°. Tendrán derecho a Subsidio Familiar en especie y servicios para todos los demás servicios sociales los trabajadores cuya remuneración mensual fija o variable, no sobrepase los cuatro (4) salarios minimos legales mensuales vigentes, smlmv, y tendrán derecho a estos subsidios las personas a cargo enunciadas en el parágrafo 1° del presente artículo, incluyendo el (la) cónyuge y el trabajador. En el caso del parágrafo 1, los Consejos directivos de las Cajas de Compensacion familiar fijaran las tarifas y montos subsidiadas que deberán ser inversamente proporcional al salario devengado.",1,https://www.funcionpublica.gov.co/eva/gestornormativo/norma.php?i=6778
Ley 789 de 2002,30,"Artículo 30. Naturaleza y características de la relación de aprendizaje. El contrato de aprendizaje es una forma especial dentro del Derecho Laboral, mediante la cuál una persona natural desarrolla formación teorica practica en una entidad autorizada, a cambio de que una empresa patrocinadora proporcione los medios para adquirir formación profesional metodica y completa requerida en el oficio, actividad u ocupacion y esto le implique desempeñarse dentro del manejo administrativo, operativo comercial o financiero propios del giro ordinario de las actividades de la empresa, por cualquier tiempo determinado no superior a dos (2) años, y por esto reciba un apoyo de sostenimiento mensual, el cuál en ningún caso constituye salario. Son elementos particulares y especiales del contrato de aprendizaje: a) La finalidad es la de facilitar la formación de las ocupaciones en las que se refiere el presente artículo; b) La subordinacion esta referida exclusivamente a las actividades propias del aprendizaje; c) La formación se recibe a título estrictamente personal; d) El apoyo del sostenimiento mensual tiene cómo fin garantizar el proceso de aprendizaje. Durante toda la vigencia de la relación, el aprendiz recibira de la empresa un apoyo de sostenimiento mensual que sea cómo mínimo en la fase lectiva el equivalente al 50% de un (1) salario mínimo mensual vigente. El apoyo del sostenimiento durante la fase practica sera equivalente al setenta y cinco por ciento (75%) de un salario mínimo mensual legal vigente. Reglamentado por el Decreto Nacional 451 de 2008 . El apoyo de sostenimiento durante la fase practica sera diferente cuando la tasa de desempleo nacional sea menor del diez por ciento (10%), caso en el cuál sera equivalente al ciento por ciento (100%) de un salario mínimo legal vigente. En ningún caso el apoyo de sostenimiento mensual podra ser regulado a través de convenios o contratos colectivos o fallos arbitrales recaidos en una negociacion colectiva. Si el aprendiz es estudiante universitario el apoyo mensual, el apoyo de sostenimiento mensual no podra ser inferior al equivalente a un salario mínimo legal vigente. Durante la fase practica el aprendiz estara afiliado en riesgos profesionales por la ARP que cubre la empresa. En materia de salud, durante las fases lectiva y practica, el aprendiz estara cubierto por el Sistema de Seguridad Social en Salud, conforme al régimen de trabajadores independientes, y pagado plenamente por la empresa patrocinadora en los términos, condiciones y beneficios que defina el Gobierno Nacional. El contrato de aprendizaje podra versar sobre ocupaciones semicalificadas que no requieran título o calificadas que requieran título de formación técnica no formal, tecnicos profesionales o tecnologicos, de instituciones de educacion reconocidas por el Estado y trabajadores aprendices del SENA. El Contrato de aprendizaje podra versar sobre estudiantes universitarios para los casos en que el aprendiz cumpla con actividades de 24 horas semanales en la empresa y al mismo tiempo cumpla con el desarrollo del pensum de su carrera profesional, o que curse el semestre de practica. En todo caso la actividad del aprendiz debera guardar relación con su formación academica. PARÁGRAFO . Para los departamentos de Amazonas, Guainia, Vichada, Vaupes, Choco y Guaviare, el Gobierno incluira una partida adicional en el Presupuesto General de la Nacio n que transferira con destino al reconocimiento del pago de los contratos de aprendizaje. PARÁGRAFO TRANSITORIO . Los contratos de aprendizaje que se esten ejecutando a la promulgacion de esta ley, continuaran rigiendose por las normas vigentes a la celebracion del contrato. Artículo declarado EXEQUIBLE por la Corte Constitucional unicamente por los cargos estudiados en la Sentencia C-038 de 2004 Ver art. 10, Decreto Nacional 933 de 2003 , Ver el art 2, Decreto Nacional 2585 de 2003 .",1,https://www.funcionpublica.gov.co/eva/gestornormativo/norma.php?i=6778
Ley 789 de 2002,32,"ARTÍCULO 32. Empresas obligadas a la vinculación de aprendices. Adicionado por el art. 168, Ley 1450 de 2011 . Las empresas privadas, desarrolladas por personas naturales o jurídicas, que realicen cualquier tipo de actividad económica diferente de la construccion, que ocupen un número de trabajadores no inferior a quince (15), se encuentran obligadas a vincular aprendices para los oficios u ocupaciones que requieran formación academica o profesional metodica y completa en la actividad económica que desempeñan. Las empresas industriales y comerciales del Estado y las de Economía mixta del orden Nacional, departamental, distrital y municipal, estaran obligadas a la vinculación de aprendices en los términos de esta ley. Las demás entidades públicas no estaran sometidas a la cuota de aprendizaje, salvo en los casos que determine el Gobierno Nacional. El empresario obligado a cumplir con la cuota de aprendizaje podra tener practicantes universitarios bajo la modalidad de relación de aprendizaje, en el desarrollo de actividades propias de la empresa, siempre y cuando estos no superen el 25% del total de aprendices. PARÁGRAFO . Empresas de menos de diez (10) trabajadores podrán voluntariamente tener un aprendiz de formación del SENA. Ver art. 1, Decreto Nacional 2585 de 2003 . Para la financiación de los contratos de aprendizaje para las modalidades especiales de formación técnica, tecnológica, profesional y teórico práctica empresarial prevista en el",1,https://www.funcionpublica.gov.co/eva/gestornormativo/norma.php?i=6778
Ley 789 de 2002,33,"ARTÍCULO 33. Cuotas de aprendices en las empresas. Adicionado por el art. 168, Ley 1450 de 2011 . La determinacion del número mínimo obligatorio de aprendices para cada empresa obligada la hara la regional del Servicio Nacional de Aprendizaje, SENA, del domicilio principal de la empresa, en razón de un aprendiz por cada 20 trabajadores y uno adicional por fraccion de diez (10) o superior que no exceda de veinte. Las Empresas que tengan entre quince (15) y veinte (20) trabajadores, tendrán un aprendiz. La cuota señalada por el SENA debera notificarse previamente al representante legal de la respectiva empresa, quién contara con el término de 5 días hábiles para objetarla, en caso de no ceñirse a los requerimientos de mano de obra calificada demandados por la misma. Contra el acto administrativo que fije la cuota procederan los recursos de ley. PARÁGRAFO . Cuando el contrato de aprendizaje incluida dentro de la cuota minima señalada por el SENA termine por cualquier causa, la empresa debera reemplazar al aprendiz para conservar la proporcion que le haya sido asignada. Se prohibe la celebracion de una nueva relación de aprendizaje expirada la duración de una anterior, con la misma o distinta empresa. Ver art. 11, Decreto Nacional 933 de 2003 , Ver art. 3, Decreto Nacional 2585 de 2003 . Para la financiación de los contratos de aprendizaje para las modalidades especiales de formación técnica, tecnológica, profesional y teórico práctica empresarial prevista en el",1,https://www.funcionpublica.gov.co/eva/gestornormativo/norma.php?i=6778
Ley 790 de 2002,12,"ARTÍCULO 12. Reglamentado por el art. 12, Decreto Nacional 190 de 2003 Protección especial. De conformidad con la reglamentación que establezca el Gobierno Nacional, no podrán ser retirados del servicio en el desarrollo del Programa de Renovación de la Administración Pública las madres cabeza de familia sin alternativa económica , las personas con limitación física, mental, visual o auditiva, y los servidores que cumplan con la totalidad de los requisitos, edad y tiempo de servicio, para disfrutar de su pensión de jubilación o de vejez en el término de tres (3) años contados a partir de la promulgación de la presente ley. Texto subrayado declarado EXEQUIBLE por la Corte Constitucional mediante Sentencia C-044 de 2004, en el entendido de que la protección debe extenderse a los padres que se encuentren en la misma situación, en aras de proteger la prevalencia de los derechos de los niños y el grupo familiar al que pertenecen . Ver Sentencia Unificadora de la Corte Constitucional SU-897 de 2012",1,https://www.funcionpublica.gov.co/eva/gestornormativo/norma.php?i=6675
Ley 797 de 2003,9,"artículo 9º de la presente, fue declarado EXEQUIBLE por la Corte Constitucional, mediante Sentencia C-989 de 2006 , en el entendido, que el beneficio pensional previsto en dicho artículo se hará extensivo al padre cabeza de familia de hijos discapacitados y que dependan económicamente de él . Ver la Circular del Departamento Administrativo de la Función Pública 507 de 2003 Declarado Exequible por la Sentencia C-228 de 2011",1,https://www.funcionpublica.gov.co/eva/gestornormativo/norma.php?i=7223
Ley 812 de 2003,12,"artículo 12 de la misma, aplicarán hasta el 31 de enero de 2004 , salvo en lo relacionado con los servidores próximos a pensionarse, cuya garantía deberá respetarse hasta el reconocimiento de la pensión de jubilación o de vejez. Texto subrayado declarado INEXEQUIBLE por la Corte Constitucional mediante Sentencia C-991 de 2004 1. Fortalecimiento de la participación ciudadana - Se fortalecerá la participación ciudadana en la definición, ejecución y vigilancia de las tareas públicas. Se impulsará el compromiso con lo público desde la educación básica. Se impulsará y facilitará la integración y participación de veedurías comunitarias en todas las actividades de la administración. - En las administraciones territoriales se promoverá la participación de la ciudadanía "" y las organizaciones comunales "" en la elaboración de presupuestos y en la formulación, seguimiento y evaluación de las decisiones de política pública que las afectan. - Se crearán sistemas de información para que los ciudadanos tengan acceso en tiempo real a la información sobre la administración pública, tales como la nómina de la administración, las cuentas fiscales, los procesos de contratación administrativa y la ejecución de la inversión pública. < b> - Se desarrollarán modelos de evaluación y calificación de la gestión pública que estarán en armonía con el esquema de evaluación de la descentralización y de la gestión pública territorial. - Se estimulará la participación ciudadana y su relación con la administración pública tanto en el nivel territorial como nacional. Uno de los mecanismos principales de participación y concertación serán los consejos comunales de Gobierno, en los que confluyen la ciudadanía, las autoridades locales y el Gobierno Nacional. - Igualmente, el Gobierno Nacional apoyará las actividades del Consejo Nacional de Planeación que estén orientadas al fortalecimiento de los procesos de planeación participativa y a la estructuración y consolidación del Sistema Nacional de Planeación. - Se realizarán acciones dirigidas a actualizar y capacitar a los miembros de las asambleas, concejos y juntas administradoras locales. 2. Una nueva cultura de gestión de lo público - Se incorporarán conceptos y prácticas de gerencia moderna para la gestión de las entidades públicas. - Se establecerá una política estatal en materia de austeridad, para ser aplicada en el orden nacional. Se reducirán el costo del aparato del Estado y la burocracia y se eliminarán los privilegios. - Se llevará a cabo un rediseño institucional dentro de cada organismo estatal, para aumentar la eficiencia y la gestión mediante una recomposición de la planta hacia las labores misionales. - Se ejecutará un conjunto de reformas transversales que buscan solucionar los problemas estructurales del Estado, en materia de planeación, presupuesto, contratación pública, carrera administrativa, defensa judicial del Estado y de manejo y gestión de activos públicos. - Se avanzará en procesos expeditos de evaluación de resultados y se fortalecerá el Programa Gobierno en Línea y sistemas de información unificados. - El presupuesto público será un instrumento eficiente de política económica y social; para lo cual deberá ceñirse a las restricciones macroeconómicas y fiscales. La determinación de las prioridades de gasto público debe ser transparente y permitir una asignación eficiente de los recursos públicos. Se llevará a cabo una reforma al sistema presupuestal, que se guiará por estándares internacionales, y estará dirigida a generar una mayor flexibilidad del presupuesto. Así mismo, se desarrollará una estrategia de comunicación para que la ciudadanía tenga un mayor conocimiento del presupuesto y esté en capacidad de ejercer una adecuada vigilancia de la aprobación y ejecución del mismo. - El Departamento Administrativo Nacional de Estadística, DANE, adoptará e implementará una política nacional de información, con el propósito de dotar a la administración pública de una información estratégica, confiable, oportuna, de calidad, y que contribuya a mejorar la toma de decisiones, la adopción de políticas públicas y el seguimiento de la gestión pública. Dicha política deberá respetar los principios de seguridad, accesibilidad, pertinencia, oportunidad, eficiencia y calidad de la información. - El Departamento Nacional de Planeación definirá la información que los organismos y las entidades públicas nacionales o territoriales, los servidores públicos y las personas que ejerzan funciones públicas o presten servicios públicos en nombre del Estado, cumplan labores de interventoría en los contratos estatales o administren recursos públicos, estarán obligados a suministrar y publicar, para efectos de asegurar el seguimiento de la gestión pública; así como los parámetros, la periodicidad y los responsables para suministrar y publicar dicha información; y los mecanismos para la difusión del seguimiento y evaluación de resultados de la administración pública, en el marco del Sistema Nacional de Evaluación. - A la corrupción se le dará tratamiento de problema de Estado, entendida no solamente como saqueo del erario, sino también como un fenómeno asociado a aquellas decisiones públicas que no consultan el interés general, para favorecer intereses personales o de grupo. La lucha contra la corrupción tendrá como eje principal la reforma de la contratación pública. Para tal efecto las entidades estatales divulgarán con anticipación sus programas y presupuestos de contratación e inversión y las características de los proyectos que vayan a adelantar, a través de medios tecnológicos. Cada entidad implementará auditorías de calidad y prestación de servicios al ciudadano. Se estimulará el control ciudadano mediante veedurías que velen por la transparencia en la gestión estatal. - Se atacará frontalmente el fenómeno de la corrupción en sus diferentes manifestaciones como un problema de Estado, ya sea por acción u omisión, con base tanto en su consideración como problema de Estado, como en la definición e implementación de acciones diversas que la prevengan y la sancionen de modo ejemplar, básicamente mediante la aplicación de la Ley de Repetición y el Estatuto Anticorrupción. - De conformidad con lo establecido en el",1,https://www.funcionpublica.gov.co/eva/gestornormativo/norma.php?i=8795
Ley 82 de 1993,2,"ARTÍCULO 2o. Modificado por el art. 1, Ley 1232 de 2008. Para los efectos de la presente ley, entiéndase por "" Mujer Cabeza de Familia"", quien siendo soltera o casada, tenga bajo su cargo, económica o socialmente, en forma permanente, hijos menores propios u otras personas incapaces o incapacitadas para trabajar, ya sea por ausencia permanente o incapacidad física, sensorial, síquica o moral del cónyuge o compañero permanente o deficiencia sustancial de ayuda de los demás miembros del núcleo familiar. PARÁGRAFO . Esta condición y la cesación de la misma, desde el momento en que ocurra el respectivo evento, deberá ser declarada por la mujer cabeza de familia de bajos ingresos ante notario, expresando las circunstancias básicas de su caso y sin que por este concepto se causen emolumentos notariales a su cargo. Ver Sentencia Corte Constitucional 34 de 1999",1,https://www.funcionpublica.gov.co/eva/gestornormativo/norma.php?i=4640
Ley 91 de 1989,15,"ARTÍCULO 15. A partir de la vigencia de la presente Ley el personal docente nacional y nacionalizado y el que se vincule con posterioridad al 1 de enero de 1990 será regido por las siguientes disposiciones: (Ver art. 6 Ley 60 de 1993) 1. Los docentes nacionalizados que figuren vinculados hasta el 31 de diciembre de 1989, para efectos de las prestaciones económicas y sociales, mantendrán el régimen prestacional que han venido gozando en cada entidad territorial de conformidad con las normas vigentes. (Ver Concepto 479 de 1992; Concepto 525 de 1993 Concepto 537 de 1993 Sala de Consulta y Servicio Civil) Los docentes nacionales y los que se vinculen a partir del 1 de enero de 1990, para efectos de las prestaciones económicas y sociales se regirán por las normas vigentes aplicables a los empleados públicos del orden nacional, Decretos 3135 de 1968, 1848 de 1969 y 1045 de 1978, o que se expidan en el futuro, con las excepciones consagradas en esta Ley. 2. Pensiones: Los docentes vinculados hasta el 31 de diciembre de 1980 que por mandato de las Leyes 114 de 1913, 116 de 1928, 37 de 1933 y demás normas que las hubieren desarrollado o modificado, tuviesen o llegaren a tener derecho a la pensión de gracia, se les reconocerá siempre y cuando cumplan con la totalidad de los requisitos. Esta pensión seguirá reconociéndose por la Caja Nacional de Previsión Social conforme al Decreto 081 de 1976 y será compatible con la pensión ordinaria de jubilación, aún en el evento de estar ésta a cargo total o parcial de la Nación. Texto subrayado declarado EXEQUIBLE por la Corte Constitucional mediante Sentencia C 489 de 2000 , siempre y cuando se entienda que las situaciones jurídicas particulares y concretas que se hubieran consolidado antes de entrar en vigencia la ley 91/89, esto es, antes del 29 de diciembre de 1989, quedan a salvo de la nueva normatividad por cuanto constituyen derechos adquiridos que el legislador no podía desconocer . Para los docentes vinculados a partir del 1 de enero de 1981, nacionales y nacionalizados, y para aquellos que se nombren a partir del 1 de enero de 1990, cuando se cumplan los requisitos de Ley, se reconocerá sólo una pensión de jubilación equivalente al 75% del salario mensual promedio del último año. Estos pensionados gozarán del régimen vigente para los pensionados del sector público nacional y adicionalmente de una prima de medio año equivalente a una mesada pensional. (Ver",1,https://www.funcionpublica.gov.co/eva/gestornormativo/norma.php?i=299
Resolución 2400 de 1979,2,"ARTÍCULO 2o. Son obligaciones del Patrono: a) Dar cumplimiento a lo establecido en la presente Resolución, y demás normas legales en Medicina, Higiene y Seguridad Industrial, elaborar su propia reglamentación, y hacer cumplir a los trabajadores las obligaciones de Salud Ocupacional que les correspondan. b) Proveer y mantener el medio ambiente ocupacional en adecuadas condiciones de higiene y seguridad, de acuerdo a las normas establecidas en la presente Resolución. c) Establecer un servicio médico permanente de medicina industrial, en aquellos establecimientos que presenten mayores riesgos de accidentes y enfermedades profesionales, a juicio de los encargados de la salud Ocupacional del Ministerio, debidamente organizado para practicar a todo su personal los exámenes psicofísicos, exámenes periódicos y asesoría médico-laboral y los que se requieran de acuerdo a las circunstancias; además llevar una completa estadística médico-social. d) Organizar y desarrollar programas permanentes de Medicina preventiva, de Higiene y Seguridad Industrial y crear los Comités paritarios (patronos y trabajadores) de Higiene y Seguridad que se reunirán periódicamente, levantando las Actas respectivas a disposición de la Di visión de Salud Ocupacional. e) El Comité de Higiene y Seguridad deberá intervenir en la elaboración del Reglamento de Higiene y Seguridad, o en su defecto un representante de la Empresa y otro de los trabajadores en donde no exista sindicato. f) Aplicar y mantener en forma eficiente los sistemas de control necesarios para protección de los trabajadores y de la colectividad contra los riesgos profesionales y condiciones o contaminantes ambientales originados en las operaciones y procesos de trabajo. g) Suministrar instrucción adecuada a los trabajadores antes de que se inicie cualquier ocupación, sobre los riesgos y peligros que puedan afectarles, y sobre la forma, métodos y sistemas que deban observarse para prevenirlos o evitarlos. CAPITULO III. OBLIGACIONES DE LOS TRABAJADORES.",1,https://cancilleria.gov.co/normograma/compilacion/docs/resolucion_mintrabajo_rt240079.htm
Resolución 8321 de 1983,53,"ARTICULO 53. Se empleará la audimetría de conducción aérea para evaluar la capacidad auditiva de los trabajadores. Cada uno de los oídos debe examinarse por separado para las frecuencias de 500, 1000, 2000, 3000, 4000 y 6000 ciclos por segundo, y se tendrán en cuenta los siguientes requisitos. Prácticar exámenes audiométricos a todo trabajador que ingrese o se traslade a un medio ruidoso. La audimetría debe ser parte del examen médico de ingreso. Los exámenes audiométricos deberán efectuarse en forma periódica, en especial sin los trabajadores se encuentran expuestos regularmente al ruido en niveles que excedan los valores límites permisibles que se indican en los",1,https://www.alcaldiabogota.gov.co/sisjur/normas/Norma1.jsp?i=6305
